employee_id,employee_name,department,project_id,date,hours,billable
EMP001,Ishita Sharma,Engineering,PRJ03,2026-06-01,5.1,True
EMP001,Ishita Sharma,Engineering,PRJ03,2026-06-01,1.8,False
EMP001,Ishita Sharma,Engineering,PRJ03,2026-06-02,4.9,True
EMP001,Ishita Sharma,Engineering,PRJ03,2026-06-02,1.8,False
EMP001,Ishita Sharma,Engineering,PRJ03,2026-06-03,5.7,True
EMP001,Ishita Sharma,Engineering,PRJ03,2026-06-03,1.7,False
EMP001,Ishita Sharma,Engineering,PRJ03,2026-06-04,5.9,True
EMP001,Ishita Sharma,Engineering,PRJ03,2026-06-04,2.5,False
EMP001,Ishita Sharma,Engineering,PRJ03,2026-06-05,5.8,True
EMP001,Ishita Sharma,Engineering,PRJ03,2026-06-05,0.7,False
EMP001,Ishita Sharma,Engineering,PRJ03,2026-06-08,5.5,True
EMP001,Ishita Sharma,Engineering,PRJ03,2026-06-08,1.2,False
EMP001,Ishita Sharma,Engineering,PRJ03,2026-06-09,6.3,True
EMP001,Ishita Sharma,Engineering,PRJ03,2026-06-09,0.8,False
EMP001,Ishita Sharma,Engineering,PRJ03,2026-06-10,5.6,True
EMP001,Ishita Sharma,Engineering,PRJ03,2026-06-10,1.9,False
EMP001,Ishita Sharma,Engineering,PRJ03,2026-06-11,6.6,True
EMP001,Ishita Sharma,Engineering,PRJ03,2026-06-11,1.6,False
EMP001,Ishita Sharma,Engineering,PRJ03,2026-06-12,5.1,True
EMP001,Ishita Sharma,Engineering,PRJ03,2026-06-12,2.1,False
EMP001,Ishita Sharma,Engineering,PRJ03,2026-06-15,5.4,True
EMP001,Ishita Sharma,Engineering,PRJ03,2026-06-15,1.9,False
EMP001,Ishita Sharma,Engineering,PRJ03,2026-06-16,6.6,True
EMP001,Ishita Sharma,Engineering,PRJ03,2026-06-16,1.3,False
EMP001,Ishita Sharma,Engineering,PRJ03,2026-06-17,4.8,True
EMP001,Ishita Sharma,Engineering,PRJ03,2026-06-17,1.3,False
EMP001,Ishita Sharma,Engineering,PRJ03,2026-06-18,6.3,True
EMP001,Ishita Sharma,Engineering,PRJ03,2026-06-18,1.2,False
EMP001,Ishita Sharma,Engineering,PRJ03,2026-06-19,5.4,True
EMP001,Ishita Sharma,Engineering,PRJ03,2026-06-19,2.1,False
EMP001,Ishita Sharma,Engineering,PRJ03,2026-06-22,7.1,True
EMP001,Ishita Sharma,Engineering,PRJ03,2026-06-22,1.4,False
EMP001,Ishita Sharma,Engineering,PRJ03,2026-06-23,6.2,True
EMP001,Ishita Sharma,Engineering,PRJ03,2026-06-23,1.0,False
EMP001,Ishita Sharma,Engineering,PRJ03,2026-06-24,4.9,True
EMP001,Ishita Sharma,Engineering,PRJ03,2026-06-24,2.6,False
EMP001,Ishita Sharma,Engineering,PRJ03,2026-06-25,6.8,True
EMP001,Ishita Sharma,Engineering,PRJ03,2026-06-25,1.1,False
EMP001,Ishita Sharma,Engineering,PRJ03,2026-06-26,6.3,True
EMP001,Ishita Sharma,Engineering,PRJ03,2026-06-26,1.7,False
EMP001,Ishita Sharma,Engineering,PRJ03,2026-06-29,6.8,True
EMP001,Ishita Sharma,Engineering,PRJ03,2026-06-29,0.5,False
EMP001,Ishita Sharma,Engineering,PRJ03,2026-06-30,6.3,True
EMP001,Ishita Sharma,Engineering,PRJ03,2026-06-30,0.7,False
EMP001,Ishita Sharma,Engineering,PRJ03,2026-07-01,5.0,True
EMP001,Ishita Sharma,Engineering,PRJ03,2026-07-01,1.9,False
EMP001,Ishita Sharma,Engineering,PRJ03,2026-07-02,6.2,True
EMP001,Ishita Sharma,Engineering,PRJ03,2026-07-02,1.6,False
EMP001,Ishita Sharma,Engineering,PRJ03,2026-07-03,4.7,True
EMP001,Ishita Sharma,Engineering,PRJ03,2026-07-03,1.7,False
EMP001,Ishita Sharma,Engineering,PRJ03,2026-07-06,4.6,True
EMP001,Ishita Sharma,Engineering,PRJ03,2026-07-06,1.4,False
EMP001,Ishita Sharma,Engineering,PRJ03,2026-07-07,5.4,True
EMP001,Ishita Sharma,Engineering,PRJ03,2026-07-07,1.3,False
EMP001,Ishita Sharma,Engineering,PRJ03,2026-07-08,5.9,True
EMP001,Ishita Sharma,Engineering,PRJ03,2026-07-08,0.8,False
EMP001,Ishita Sharma,Engineering,PRJ03,2026-07-09,4.3,True
EMP001,Ishita Sharma,Engineering,PRJ03,2026-07-09,2.3,False
EMP001,Ishita Sharma,Engineering,PRJ03,2026-07-10,7.4,True
EMP001,Ishita Sharma,Engineering,PRJ03,2026-07-10,0.8,False
EMP001,Ishita Sharma,Engineering,PRJ03,2026-07-13,5.4,True
EMP001,Ishita Sharma,Engineering,PRJ03,2026-07-13,1.6,False
EMP001,Ishita Sharma,Engineering,PRJ03,2026-07-14,7.8,True
EMP001,Ishita Sharma,Engineering,PRJ03,2026-07-14,0.5,False
EMP001,Ishita Sharma,Engineering,PRJ03,2026-07-15,5.1,True
EMP001,Ishita Sharma,Engineering,PRJ03,2026-07-15,2.4,False
EMP001,Ishita Sharma,Engineering,PRJ03,2026-07-16,4.4,True
EMP001,Ishita Sharma,Engineering,PRJ03,2026-07-16,1.3,False
EMP001,Ishita Sharma,Engineering,PRJ03,2026-07-17,5.9,True
EMP001,Ishita Sharma,Engineering,PRJ03,2026-07-17,2.2,False
EMP001,Ishita Sharma,Engineering,PRJ03,2026-07-20,4.5,True
EMP001,Ishita Sharma,Engineering,PRJ03,2026-07-20,1.1,False
EMP001,Ishita Sharma,Engineering,PRJ03,2026-07-21,5.6,True
EMP001,Ishita Sharma,Engineering,PRJ03,2026-07-21,2.8,False
EMP001,Ishita Sharma,Engineering,PRJ03,2026-07-22,3.9,True
EMP001,Ishita Sharma,Engineering,PRJ03,2026-07-22,1.7,False
EMP001,Ishita Sharma,Engineering,PRJ03,2026-07-23,6.6,True
EMP001,Ishita Sharma,Engineering,PRJ03,2026-07-23,1.7,False
EMP001,Ishita Sharma,Engineering,PRJ03,2026-07-24,6.4,True
EMP001,Ishita Sharma,Engineering,PRJ03,2026-07-24,0.9,False
EMP001,Ishita Sharma,Engineering,PRJ03,2026-07-27,5.3,True
EMP001,Ishita Sharma,Engineering,PRJ03,2026-07-27,1.1,False
EMP001,Ishita Sharma,Engineering,PRJ03,2026-07-28,6.2,True
EMP001,Ishita Sharma,Engineering,PRJ03,2026-07-28,0.4,False
EMP001,Ishita Sharma,Engineering,PRJ03,2026-07-29,5.0,True
EMP001,Ishita Sharma,Engineering,PRJ03,2026-07-29,2.4,False
EMP001,Ishita Sharma,Engineering,PRJ03,2026-07-30,5.6,True
EMP001,Ishita Sharma,Engineering,PRJ03,2026-07-30,0.3,False
EMP001,Ishita Sharma,Engineering,PRJ03,2026-07-31,5.3,
EMP001,Ishita Sharma,Engineering,PRJ03,2026-07-31,1.3,False
EMP001,Ishita Sharma,Engineering,PRJ03,2026-08-03,5.5,True
EMP001,Ishita Sharma,Engineering,PRJ03,2026-08-03,1.5,False
EMP001,Ishita Sharma,Engineering,PRJ03,2026-08-04,5.9,True
EMP001,Ishita Sharma,Engineering,PRJ03,2026-08-04,1.7,False
EMP001,Ishita Sharma,Engineering,PRJ03,2026-08-05,6.2,True
EMP001,Ishita Sharma,Engineering,PRJ03,2026-08-05,1.6,False
EMP001,Ishita Sharma,Engineering,PRJ03,2026-08-06,6.1,True
EMP001,Ishita Sharma,Engineering,PRJ03,2026-08-06,2.2,False
EMP001,Ishita Sharma,Engineering,PRJ03,2026-08-07,5.6,True
EMP001,Ishita Sharma,Engineering,PRJ03,2026-08-07,1.7,False
EMP001,Ishita Sharma,Engineering,PRJ03,2026-08-10,5.3,True
EMP001,Ishita Sharma,Engineering,PRJ03,2026-08-10,1.7,False
EMP001,Ishita Sharma,Engineering,PRJ03,2026-08-11,5.6,True
EMP001,Ishita Sharma,Engineering,PRJ03,2026-08-11,2.0,False
EMP001,Ishita Sharma,Engineering,PRJ03,2026-08-12,4.8,True
EMP001,Ishita Sharma,Engineering,PRJ03,2026-08-12,1.4,False
EMP001,Ishita Sharma,Engineering,PRJ03,2026-08-13,6.2,True
EMP001,Ishita Sharma,Engineering,PRJ03,2026-08-13,0.8,False
EMP001,Ishita Sharma,Engineering,PRJ03,2026-08-14,5.3,True
EMP001,Ishita Sharma,Engineering,PRJ03,2026-08-14,0.9,False
EMP001,Ishita Sharma,Engineering,PRJ03,2026-08-17,5.9,True
EMP001,Ishita Sharma,Engineering,PRJ03,2026-08-17,0.9,False
EMP001,Ishita Sharma,Engineering,PRJ03,2026-08-18,4.6,True
EMP001,Ishita Sharma,Engineering,PRJ03,2026-08-18,1.8,False
EMP001,Ishita Sharma,Engineering,PRJ03,2026-08-19,7.2,True
EMP001,Ishita Sharma,Engineering,PRJ03,2026-08-19,1.2,False
EMP001,Ishita Sharma,Engineering,PRJ03,2026-08-20,7.3,True
EMP001,Ishita Sharma,Engineering,PRJ03,2026-08-20,0.4,False
EMP001,Ishita Sharma,Engineering,PRJ03,2026-08-21,4.9,
EMP001,Ishita Sharma,Engineering,PRJ03,2026-08-21,1.5,False
EMP001,Ishita Sharma,Engineering,PRJ03,2026-08-24,5.9,True
EMP001,Ishita Sharma,Engineering,PRJ03,2026-08-24,0.4,False
EMP001,Ishita Sharma,Engineering,PRJ03,2026-08-25,6.5,True
EMP001,Ishita Sharma,Engineering,PRJ03,2026-08-25,1.6,False
EMP001,Ishita Sharma,Engineering,PRJ03,2026-08-26,4.8,True
EMP001,Ishita Sharma,Engineering,PRJ03,2026-08-26,2.0,False
EMP001,Ishita Sharma,Engineering,PRJ03,2026-08-27,3.9,True
EMP001,Ishita Sharma,Engineering,PRJ03,2026-08-27,1.9,False
EMP001,Ishita Sharma,Engineering,PRJ03,2026-08-28,4.0,True
EMP001,Ishita Sharma,Engineering,PRJ03,2026-08-28,1.7,False
EMP001,Ishita Sharma,Engineering,PRJ03,2026-08-31,5.6,True
EMP001,Ishita Sharma,Engineering,PRJ03,2026-08-31,1.6,False
EMP002,Arjun Walker,Strategy,PRJ09,2026-06-01,5.3,True
EMP002,Arjun Walker,Strategy,PRJ09,2026-06-01,1.1,False
EMP002,Arjun Walker,Strategy,PRJ09,2026-06-02,6.4,True
EMP002,Arjun Walker,Strategy,PRJ09,2026-06-02,0.9,False
EMP002,Arjun Walker,Strategy,PRJ09,2026-06-03,4.1,True
EMP002,Arjun Walker,Strategy,PRJ09,2026-06-03,1.6,False
EMP002,Arjun Walker,Strategy,PRJ09,2026-06-04,6.0,True
EMP002,Arjun Walker,Strategy,PRJ09,2026-06-04,1.6,False
EMP002,Arjun Walker,Strategy,PRJ09,2026-06-05,6.0,True
EMP002,Arjun Walker,Strategy,PRJ09,2026-06-05,1.6,False
EMP002,Arjun Walker,Strategy,PRJ09,2026-06-08,6.3,True
EMP002,Arjun Walker,Strategy,PRJ09,2026-06-08,1.1,False
EMP002,Arjun Walker,Strategy,PRJ09,2026-06-09,6.8,True
EMP002,Arjun Walker,Strategy,PRJ09,2026-06-09,0.6,False
EMP002,Arjun Walker,Strategy,PRJ09,2026-06-10,5.6,True
EMP002,Arjun Walker,Strategy,PRJ09,2026-06-10,0.8,False
EMP002,Arjun Walker,Strategy,PRJ09,2026-06-11,4.9,True
EMP002,Arjun Walker,Strategy,PRJ09,2026-06-11,1.5,False
EMP002,Arjun Walker,Strategy,PRJ09,2026-06-12,3.8,True
EMP002,Arjun Walker,Strategy,PRJ09,2026-06-12,1.9,False
EMP002,Arjun Walker,Strategy,PRJ09,2026-06-15,4.0,True
EMP002,Arjun Walker,Strategy,PRJ09,2026-06-15,1.6,False
EMP002,Arjun Walker,Strategy,PRJ09,2026-06-16,4.2,True
EMP002,Arjun Walker,Strategy,PRJ09,2026-06-16,2.1,False
EMP002,Arjun Walker,Strategy,PRJ09,2026-06-17,5.8,True
EMP002,Arjun Walker,Strategy,PRJ09,2026-06-17,2.4,False
EMP002,Arjun Walker,Strategy,PRJ09,2026-06-18,4.4,True
EMP002,Arjun Walker,Strategy,PRJ09,2026-06-18,1.4,False
EMP002,Arjun Walker,Strategy,PRJ09,2026-06-19,4.6,True
EMP002,Arjun Walker,Strategy,PRJ09,2026-06-19,1.4,False
EMP002,Arjun Walker,Strategy,PRJ09,2026-06-22,6.4,True
EMP002,Arjun Walker,Strategy,PRJ09,2026-06-22,1.5,False
EMP002,Arjun Walker,Strategy,PRJ09,2026-06-23,5.1,True
EMP002,Arjun Walker,Strategy,PRJ09,2026-06-23,0.7,False
EMP002,Arjun Walker,Strategy,PRJ09,2026-06-24,4.7,True
EMP002,Arjun Walker,Strategy,PRJ09,2026-06-24,2.0,False
EMP002,Arjun Walker,Strategy,PRJ09,2026-06-25,4.5,True
EMP002,Arjun Walker,Strategy,PRJ09,2026-06-25,2.3,False
EMP002,Arjun Walker,Strategy,PRJ09,2026-06-26,5.8,True
EMP002,Arjun Walker,Strategy,PRJ09,2026-06-26,1.0,False
EMP002,Arjun Walker,Strategy,PRJ09,2026-06-29,6.8,True
EMP002,Arjun Walker,Strategy,PRJ09,2026-06-29,1.1,False
EMP002,Arjun Walker,Strategy,PRJ09,2026-06-30,5.5,True
EMP002,Arjun Walker,Strategy,PRJ09,2026-06-30,0.3,False
EMP002,Arjun Walker,Strategy,PRJ09,2026-07-01,6.4,True
EMP002,Arjun Walker,Strategy,PRJ09,2026-07-01,1.6,False
EMP002,Arjun Walker,Strategy,PRJ09,2026-07-02,7.6,True
EMP002,Arjun Walker,Strategy,PRJ09,2026-07-02,0.4,False
EMP002,Arjun Walker,Strategy,PRJ09,2026-07-03,5.1,True
EMP002,Arjun Walker,Strategy,PRJ09,2026-07-03,1.0,False
EMP002,Arjun Walker,Strategy,PRJ09,2026-07-06,6.1,True
EMP002,Arjun Walker,Strategy,PRJ09,2026-07-06,1.8,False
EMP002,Arjun Walker,Strategy,PRJ09,2026-07-07,5.3,True
EMP002,Arjun Walker,Strategy,PRJ09,2026-07-07,1.1,False
EMP002,Arjun Walker,Strategy,PRJ09,2026-07-08,5.2,True
EMP002,Arjun Walker,Strategy,PRJ09,2026-07-08,1.8,False
EMP002,Arjun Walker,Strategy,PRJ09,2026-07-09,5.2,True
EMP002,Arjun Walker,Strategy,PRJ09,2026-07-09,0.9,False
EMP002,Arjun Walker,Strategy,PRJ09,2026-07-10,4.9,True
EMP002,Arjun Walker,Strategy,PRJ09,2026-07-10,0.7,False
EMP002,Arjun Walker,Strategy,PRJ09,2026-07-13,7.6,True
EMP002,Arjun Walker,Strategy,PRJ09,2026-07-13,0.4,False
EMP002,Arjun Walker,Strategy,PRJ09,2026-07-14,6.3,True
EMP002,Arjun Walker,Strategy,PRJ09,2026-07-14,2.1,False
EMP002,Arjun Walker,Strategy,PRJ09,2026-07-15,5.6,True
EMP002,Arjun Walker,Strategy,PRJ09,2026-07-15,1.5,False
EMP002,Arjun Walker,Strategy,PRJ09,2026-07-16,4.7,True
EMP002,Arjun Walker,Strategy,PRJ09,2026-07-16,1.3,False
EMP002,Arjun Walker,Strategy,PRJ09,2026-07-17,6.7,True
EMP002,Arjun Walker,Strategy,PRJ09,2026-07-17,0.7,False
EMP002,Arjun Walker,Strategy,PRJ09,2026-07-20,6.5,True
EMP002,Arjun Walker,Strategy,PRJ09,2026-07-20,1.7,False
EMP002,Arjun Walker,Strategy,PRJ09,2026-07-21,5.6,True
EMP002,Arjun Walker,Strategy,PRJ09,2026-07-21,2.0,False
EMP002,Arjun Walker,Strategy,PRJ09,2026-07-22,4.9,True
EMP002,Arjun Walker,Strategy,PRJ09,2026-07-22,0.9,False
EMP002,Arjun Walker,Strategy,PRJ09,2026-07-23,5.4,True
EMP002,Arjun Walker,Strategy,PRJ09,2026-07-23,2.8,False
EMP002,Arjun Walker,Strategy,PRJ09,2026-07-24,4.8,True
EMP002,Arjun Walker,Strategy,PRJ09,2026-07-24,1.1,False
EMP002,Arjun Walker,Strategy,PRJ09,2026-07-27,6.8,True
EMP002,Arjun Walker,Strategy,PRJ09,2026-07-27,1.3,False
EMP002,Arjun Walker,Strategy,PRJ09,2026-07-28,5.2,True
EMP002,Arjun Walker,Strategy,PRJ09,2026-07-28,1.0,False
EMP002,Arjun Walker,Strategy,PRJ09,2026-07-30,7.0,True
EMP002,Arjun Walker,Strategy,PRJ09,2026-07-30,1.2,False
EMP002,Arjun Walker,Strategy,PRJ09,2026-07-31,6.3,True
EMP002,Arjun Walker,Strategy,PRJ09,2026-07-31,2.2,False
EMP002,Arjun Walker,Strategy,PRJ09,2026-08-03,6.1,True
EMP002,Arjun Walker,Strategy,PRJ09,2026-08-03,0.3,False
EMP002,Arjun Walker,Strategy,PRJ09,2026-08-04,4.9,True
EMP002,Arjun Walker,Strategy,PRJ09,2026-08-04,1.7,False
EMP002,Arjun Walker,Strategy,PRJ09,2026-08-05,4.4,True
EMP002,Arjun Walker,Strategy,PRJ09,2026-08-05,2.3,False
EMP002,Arjun Walker,Strategy,PRJ09,2026-08-06,7.4,True
EMP002,Arjun Walker,Strategy,PRJ09,2026-08-06,0.6,False
EMP002,Arjun Walker,Strategy,PRJ09,2026-08-07,6.2,True
EMP002,Arjun Walker,Strategy,PRJ09,2026-08-07,1.2,False
EMP002,Arjun Walker,Strategy,PRJ09,2026-08-10,5.5,True
EMP002,Arjun Walker,Strategy,PRJ09,2026-08-10,1.9,False
EMP002,Arjun Walker,Strategy,PRJ09,2026-08-11,5.4,True
EMP002,Arjun Walker,Strategy,PRJ09,2026-08-11,0.5,False
EMP002,Arjun Walker,Strategy,PRJ09,2026-08-12,4.8,True
EMP002,Arjun Walker,Strategy,PRJ09,2026-08-12,1.1,False
EMP002,Arjun Walker,Strategy,PRJ09,2026-08-13,5.8,True
EMP002,Arjun Walker,Strategy,PRJ09,2026-08-13,2.2,False
EMP002,Arjun Walker,Strategy,PRJ09,2026-08-14,7.2,True
EMP002,Arjun Walker,Strategy,PRJ09,2026-08-14,0.9,False
EMP002,Arjun Walker,Strategy,PRJ09,2026-08-17,7.6,True
EMP002,Arjun Walker,Strategy,PRJ09,2026-08-17,0.8,False
EMP002,Arjun Walker,Strategy,PRJ09,2026-08-18,5.9,True
EMP002,Arjun Walker,Strategy,PRJ09,2026-08-18,0.7,False
EMP002,Arjun Walker,Strategy,PRJ09,2026-08-19,5.8,True
EMP002,Arjun Walker,Strategy,PRJ09,2026-08-19,0.8,False
EMP002,Arjun Walker,Strategy,PRJ09,2026-08-20,5.7,True
EMP002,Arjun Walker,Strategy,PRJ09,2026-08-20,2.6,False
EMP002,Arjun Walker,Strategy,PRJ09,2026-08-21,6.2,True
EMP002,Arjun Walker,Strategy,PRJ09,2026-08-21,2.1,False
EMP002,Arjun Walker,Strategy,PRJ09,2026-08-24,5.9,True
EMP002,Arjun Walker,Strategy,PRJ09,2026-08-24,1.0,False
EMP002,Arjun Walker,Strategy,PRJ09,2026-08-25,5.3,True
EMP002,Arjun Walker,Strategy,PRJ09,2026-08-25,0.3,False
EMP002,Arjun Walker,Strategy,PRJ09,2026-08-26,4.6,True
EMP002,Arjun Walker,Strategy,PRJ09,2026-08-26,1.3,False
EMP002,Arjun Walker,Strategy,PRJ09,2026-08-27,6.9,True
EMP002,Arjun Walker,Strategy,PRJ09,2026-08-27,1.3,False
EMP002,Arjun Walker,Strategy,PRJ09,2026-08-28,5.4,True
EMP002,Arjun Walker,Strategy,PRJ09,2026-08-28,0.9,False
EMP002,Arjun Walker,Strategy,PRJ09,2026-08-31,5.5,True
EMP002,Arjun Walker,Strategy,PRJ09,2026-08-31,2.6,False
EMP003,Sophia Verma,Engineering,PRJ03,2026-06-01,4.7,True
EMP003,Sophia Verma,Engineering,PRJ03,2026-06-01,2.0,False
EMP003,Sophia Verma,Engineering,PRJ03,2026-06-02,4.1,True
EMP003,Sophia Verma,Engineering,PRJ03,2026-06-02,1.7,False
EMP003,Sophia Verma,Engineering,PRJ03,2026-06-03,7.5,True
EMP003,Sophia Verma,Engineering,PRJ03,2026-06-03,1.0,False
EMP003,Sophia Verma,Engineering,PRJ03,2026-06-04,4.4,True
EMP003,Sophia Verma,Engineering,PRJ03,2026-06-04,1.7,False
EMP003,Sophia Verma,Engineering,PRJ03,2026-06-05,5.3,True
EMP003,Sophia Verma,Engineering,PRJ03,2026-06-05,2.9,False
EMP003,Sophia Verma,Engineering,PRJ03,2026-06-08,5.4,True
EMP003,Sophia Verma,Engineering,PRJ03,2026-06-08,2.5,False
EMP003,Sophia Verma,Engineering,PRJ03,2026-06-09,6.5,True
EMP003,Sophia Verma,Engineering,PRJ03,2026-06-09,1.4,False
EMP003,Sophia Verma,Engineering,PRJ03,2026-06-10,6.2,True
EMP003,Sophia Verma,Engineering,PRJ03,2026-06-10,1.5,False
EMP003,Sophia Verma,Engineering,PRJ03,2026-06-11,4.8,True
EMP003,Sophia Verma,Engineering,PRJ03,2026-06-11,2.2,False
EMP003,Sophia Verma,Engineering,PRJ03,2026-06-12,7.1,True
EMP003,Sophia Verma,Engineering,PRJ03,2026-06-12,0.7,False
EMP003,Sophia Verma,Engineering,PRJ03,2026-06-15,4.5,True
EMP003,Sophia Verma,Engineering,PRJ03,2026-06-15,1.2,False
EMP003,Sophia Verma,Engineering,PRJ03,2026-06-16,6.0,True
EMP003,Sophia Verma,Engineering,PRJ03,2026-06-16,1.6,False
EMP003,Sophia Verma,Engineering,PRJ03,2026-06-17,4.9,True
EMP003,Sophia Verma,Engineering,PRJ03,2026-06-17,1.0,False
EMP003,Sophia Verma,Engineering,PRJ03,2026-06-18,5.1,True
EMP003,Sophia Verma,Engineering,PRJ03,2026-06-18,1.3,False
EMP003,Sophia Verma,Engineering,PRJ03,2026-06-19,6.8,True
EMP003,Sophia Verma,Engineering,PRJ03,2026-06-19,1.3,False
EMP003,Sophia Verma,Engineering,PRJ03,2026-06-22,6.0,True
EMP003,Sophia Verma,Engineering,PRJ03,2026-06-22,0.7,False
EMP003,Sophia Verma,Engineering,PRJ03,2026-06-23,5.8,True
EMP003,Sophia Verma,Engineering,PRJ03,2026-06-23,1.0,False
EMP003,Sophia Verma,Engineering,PRJ03,2026-06-24,4.7,True
EMP003,Sophia Verma,Engineering,PRJ03,2026-06-24,2.2,False
EMP003,Sophia Verma,Engineering,PRJ03,2026-06-25,6.9,True
EMP003,Sophia Verma,Engineering,PRJ03,2026-06-25,0.8,False
EMP003,Sophia Verma,Engineering,PRJ03,2026-06-26,4.5,True
EMP003,Sophia Verma,Engineering,PRJ03,2026-06-26,2.0,False
EMP003,Sophia Verma,Engineering,PRJ03,2026-06-29,6.3,True
EMP003,Sophia Verma,Engineering,PRJ03,2026-06-29,0.5,False
EMP003,Sophia Verma,Engineering,PRJ03,2026-06-30,5.4,True
EMP003,Sophia Verma,Engineering,PRJ03,2026-06-30,1.2,False
EMP003,Sophia Verma,Engineering,PRJ03,2026-07-01,6.0,True
EMP003,Sophia Verma,Engineering,PRJ03,2026-07-01,2.0,False
EMP003,Sophia Verma,Engineering,PRJ03,2026-07-02,4.8,True
EMP003,Sophia Verma,Engineering,PRJ03,2026-07-02,1.4,False
EMP003,Sophia Verma,Engineering,PRJ03,2026-07-03,5.0,True
EMP003,Sophia Verma,Engineering,PRJ03,2026-07-03,2.6,False
EMP003,Sophia Verma,Engineering,PRJ03,2026-07-06,4.2,True
EMP003,Sophia Verma,Engineering,PRJ03,2026-07-06,2.3,False
EMP003,Sophia Verma,Engineering,PRJ03,2026-07-07,5.0,True
EMP003,Sophia Verma,Engineering,PRJ03,2026-07-07,0.9,False
EMP003,Sophia Verma,Engineering,PRJ03,2026-07-08,5.2,True
EMP003,Sophia Verma,Engineering,PRJ03,2026-07-08,1.4,False
EMP003,Sophia Verma,Engineering,PRJ03,2026-07-09,6.4,True
EMP003,Sophia Verma,Engineering,PRJ03,2026-07-09,1.4,False
EMP003,Sophia Verma,Engineering,PRJ03,2026-07-10,5.2,True
EMP003,Sophia Verma,Engineering,PRJ03,2026-07-10,2.6,False
EMP003,Sophia Verma,Engineering,PRJ03,2026-07-13,5.5,True
EMP003,Sophia Verma,Engineering,PRJ03,2026-07-13,1.5,False
EMP003,Sophia Verma,Engineering,PRJ03,2026-07-14,4.4,True
EMP003,Sophia Verma,Engineering,PRJ03,2026-07-14,2.1,False
EMP003,Sophia Verma,Engineering,PRJ03,2026-07-15,5.9,
EMP003,Sophia Verma,Engineering,PRJ03,2026-07-15,0.3,False
EMP003,Sophia Verma,Engineering,PRJ03,2026-07-16,4.2,True
EMP003,Sophia Verma,Engineering,PRJ03,2026-07-16,1.9,False
EMP003,Sophia Verma,Engineering,PRJ03,2026-07-17,5.5,True
EMP003,Sophia Verma,Engineering,PRJ03,2026-07-17,1.5,False
EMP003,Sophia Verma,Engineering,PRJ03,2026-07-20,6.3,True
EMP003,Sophia Verma,Engineering,PRJ03,2026-07-20,0.7,False
EMP003,Sophia Verma,Engineering,PRJ03,2026-07-21,3.7,True
EMP003,Sophia Verma,Engineering,PRJ03,2026-07-21,1.9,False
EMP003,Sophia Verma,Engineering,PRJ03,2026-07-22,6.2,True
EMP003,Sophia Verma,Engineering,PRJ03,2026-07-22,1.0,False
EMP003,Sophia Verma,Engineering,PRJ03,2026-07-23,5.9,True
EMP003,Sophia Verma,Engineering,PRJ03,2026-07-23,2.5,False
EMP003,Sophia Verma,Engineering,PRJ03,2026-07-24,5.2,True
EMP003,Sophia Verma,Engineering,PRJ03,2026-07-24,0.6,False
EMP003,Sophia Verma,Engineering,PRJ03,2026-07-27,5.2,True
EMP003,Sophia Verma,Engineering,PRJ03,2026-07-27,0.5,False
EMP003,Sophia Verma,Engineering,PRJ03,2026-07-28,4.8,True
EMP003,Sophia Verma,Engineering,PRJ03,2026-07-28,0.9,False
EMP003,Sophia Verma,Engineering,PRJ03,2026-07-29,6.9,True
EMP003,Sophia Verma,Engineering,PRJ03,2026-07-29,0.8,False
EMP003,Sophia Verma,Engineering,PRJ03,2026-07-30,5.1,True
EMP003,Sophia Verma,Engineering,PRJ03,2026-07-30,1.0,False
EMP003,Sophia Verma,Engineering,PRJ03,2026-07-31,6.1,True
EMP003,Sophia Verma,Engineering,PRJ03,2026-07-31,0.9,False
EMP003,Sophia Verma,Engineering,PRJ03,2026-08-03,7.0,True
EMP003,Sophia Verma,Engineering,PRJ03,2026-08-03,0.4,False
EMP003,Sophia Verma,Engineering,PRJ03,2026-08-04,4.0,True
EMP003,Sophia Verma,Engineering,PRJ03,2026-08-04,2.0,False
EMP003,Sophia Verma,Engineering,PRJ03,2026-08-05,5.5,True
EMP003,Sophia Verma,Engineering,PRJ03,2026-08-05,1.8,False
EMP003,Sophia Verma,Engineering,PRJ03,2026-08-06,5.1,True
EMP003,Sophia Verma,Engineering,PRJ03,2026-08-06,0.6,False
EMP003,Sophia Verma,Engineering,PRJ03,2026-08-07,4.8,True
EMP003,Sophia Verma,Engineering,PRJ03,2026-08-07,1.0,False
EMP003,Sophia Verma,Engineering,PRJ03,2026-08-10,7.3,True
EMP003,Sophia Verma,Engineering,PRJ03,2026-08-10,0.6,False
EMP003,Sophia Verma,Engineering,PRJ03,2026-08-11,5.1,True
EMP003,Sophia Verma,Engineering,PRJ03,2026-08-11,1.0,False
EMP003,Sophia Verma,Engineering,PRJ03,2026-08-12,7.1,True
EMP003,Sophia Verma,Engineering,PRJ03,2026-08-12,0.8,False
EMP003,Sophia Verma,Engineering,PRJ03,2026-08-13,4.8,True
EMP003,Sophia Verma,Engineering,PRJ03,2026-08-13,1.4,False
EMP003,Sophia Verma,Engineering,PRJ03,2026-08-14,6.1,True
EMP003,Sophia Verma,Engineering,PRJ03,2026-08-14,0.5,False
EMP003,Sophia Verma,Engineering,PRJ03,2026-08-17,6.5,True
EMP003,Sophia Verma,Engineering,PRJ03,2026-08-17,0.8,False
EMP003,Sophia Verma,Engineering,PRJ03,2026-08-18,5.5,True
EMP003,Sophia Verma,Engineering,PRJ03,2026-08-18,2.0,False
EMP003,Sophia Verma,Engineering,PRJ03,2026-08-19,4.5,True
EMP003,Sophia Verma,Engineering,PRJ03,2026-08-19,1.4,False
EMP003,Sophia Verma,Engineering,PRJ03,2026-08-20,4.7,True
EMP003,Sophia Verma,Engineering,PRJ03,2026-08-20,1.1,False
EMP003,Sophia Verma,Engineering,PRJ03,2026-08-21,7.0,True
EMP003,Sophia Verma,Engineering,PRJ03,2026-08-21,1.0,False
EMP003,Sophia Verma,Engineering,PRJ03,2026-08-24,5.0,True
EMP003,Sophia Verma,Engineering,PRJ03,2026-08-24,1.6,False
EMP003,Sophia Verma,Engineering,PRJ03,2026-08-25,5.5,True
EMP003,Sophia Verma,Engineering,PRJ03,2026-08-25,2.3,False
EMP003,Sophia Verma,Engineering,PRJ03,2026-08-26,6.3,True
EMP003,Sophia Verma,Engineering,PRJ03,2026-08-26,1.6,False
EMP003,Sophia Verma,Engineering,PRJ03,2026-08-27,6.1,True
EMP003,Sophia Verma,Engineering,PRJ03,2026-08-27,1.3,False
EMP003,Sophia Verma,Engineering,PRJ03,2026-08-28,7.0,True
EMP003,Sophia Verma,Engineering,PRJ03,2026-08-28,0.8,False
EMP003,Sophia Verma,Engineering,PRJ03,2026-08-31,5.7,True
EMP003,Sophia Verma,Engineering,PRJ03,2026-08-31,0.9,False
EMP004,Lucas Patel,Engineering,PRJ04,2026-06-01,4.5,True
EMP004,Lucas Patel,Engineering,PRJ04,2026-06-01,1.7,False
EMP004,Lucas Patel,Engineering,PRJ04,2026-06-02,6.2,True
EMP004,Lucas Patel,Engineering,PRJ04,2026-06-02,1.3,False
EMP004,Lucas Patel,Engineering,PRJ02,2026-06-03,5.3,True
EMP004,Lucas Patel,Engineering,PRJ02,2026-06-03,1.3,False
EMP004,Lucas Patel,Engineering,PRJ04,2026-06-04,4.3,True
EMP004,Lucas Patel,Engineering,PRJ04,2026-06-04,1.6,False
EMP004,Lucas Patel,Engineering,PRJ02,2026-06-05,5.2,True
EMP004,Lucas Patel,Engineering,PRJ02,2026-06-05,0.6,False
EMP004,Lucas Patel,Engineering,PRJ02,2026-06-08,5.8,True
EMP004,Lucas Patel,Engineering,PRJ02,2026-06-08,0.5,False
EMP004,Lucas Patel,Engineering,PRJ04,2026-06-09,7.3,True
EMP004,Lucas Patel,Engineering,PRJ04,2026-06-09,0.9,False
EMP004,Lucas Patel,Engineering,PRJ04,2026-06-10,5.1,True
EMP004,Lucas Patel,Engineering,PRJ04,2026-06-10,1.6,False
EMP004,Lucas Patel,Engineering,PRJ04,2026-06-11,5.2,True
EMP004,Lucas Patel,Engineering,PRJ04,2026-06-11,0.4,False
EMP004,Lucas Patel,Engineering,PRJ02,2026-06-12,5.8,True
EMP004,Lucas Patel,Engineering,PRJ02,2026-06-12,0.6,False
EMP004,Lucas Patel,Engineering,PRJ02,2026-06-15,6.7,True
EMP004,Lucas Patel,Engineering,PRJ02,2026-06-15,0.6,False
EMP004,Lucas Patel,Engineering,PRJ04,2026-06-16,6.2,True
EMP004,Lucas Patel,Engineering,PRJ04,2026-06-16,0.9,False
EMP004,Lucas Patel,Engineering,PRJ04,2026-06-17,4.3,True
EMP004,Lucas Patel,Engineering,PRJ04,2026-06-17,2.1,False
EMP004,Lucas Patel,Engineering,PRJ04,2026-06-18,5.1,True
EMP004,Lucas Patel,Engineering,PRJ04,2026-06-18,0.6,False
EMP004,Lucas Patel,Engineering,PRJ04,2026-06-22,4.3,
EMP004,Lucas Patel,Engineering,PRJ04,2026-06-22,1.9,False
EMP004,Lucas Patel,Engineering,PRJ02,2026-06-23,5.1,True
EMP004,Lucas Patel,Engineering,PRJ02,2026-06-23,2.1,False
EMP004,Lucas Patel,Engineering,PRJ02,2026-06-24,6.8,True
EMP004,Lucas Patel,Engineering,PRJ02,2026-06-24,1.6,False
EMP004,Lucas Patel,Engineering,PRJ04,2026-06-25,7.0,True
EMP004,Lucas Patel,Engineering,PRJ04,2026-06-25,0.4,False
EMP004,Lucas Patel,Engineering,PRJ02,2026-06-26,4.1,True
EMP004,Lucas Patel,Engineering,PRJ02,2026-06-26,1.6,False
EMP004,Lucas Patel,Engineering,PRJ04,2026-06-29,4.3,True
EMP004,Lucas Patel,Engineering,PRJ04,2026-06-29,2.2,False
EMP004,Lucas Patel,Engineering,PRJ04,2026-06-30,6.2,True
EMP004,Lucas Patel,Engineering,PRJ04,2026-06-30,1.6,False
EMP004,Lucas Patel,Engineering,PRJ04,2026-07-01,5.0,True
EMP004,Lucas Patel,Engineering,PRJ04,2026-07-01,0.7,False
EMP004,Lucas Patel,Engineering,PRJ04,2026-07-02,7.2,True
EMP004,Lucas Patel,Engineering,PRJ04,2026-07-02,0.7,False
EMP004,Lucas Patel,Engineering,PRJ04,2026-07-03,6.9,True
EMP004,Lucas Patel,Engineering,PRJ04,2026-07-03,1.6,False
EMP004,Lucas Patel,Engineering,PRJ02,2026-07-06,5.8,True
EMP004,Lucas Patel,Engineering,PRJ02,2026-07-06,0.6,False
EMP004,Lucas Patel,Engineering,PRJ04,2026-07-07,4.5,True
EMP004,Lucas Patel,Engineering,PRJ04,2026-07-07,1.4,False
EMP004,Lucas Patel,Engineering,PRJ04,2026-07-08,6.3,True
EMP004,Lucas Patel,Engineering,PRJ04,2026-07-08,0.4,False
EMP004,Lucas Patel,Engineering,PRJ02,2026-07-09,5.8,True
EMP004,Lucas Patel,Engineering,PRJ02,2026-07-09,2.1,False
EMP004,Lucas Patel,Engineering,PRJ04,2026-07-10,6.5,True
EMP004,Lucas Patel,Engineering,PRJ04,2026-07-10,0.8,False
EMP004,Lucas Patel,Engineering,PRJ04,2026-07-13,5.6,True
EMP004,Lucas Patel,Engineering,PRJ04,2026-07-13,1.9,False
EMP004,Lucas Patel,Engineering,PRJ04,2026-07-14,5.9,True
EMP004,Lucas Patel,Engineering,PRJ04,2026-07-14,0.9,False
EMP004,Lucas Patel,Engineering,PRJ02,2026-07-15,6.6,True
EMP004,Lucas Patel,Engineering,PRJ02,2026-07-15,0.8,False
EMP004,Lucas Patel,Engineering,PRJ02,2026-07-16,5.9,True
EMP004,Lucas Patel,Engineering,PRJ02,2026-07-16,0.7,False
EMP004,Lucas Patel,Engineering,PRJ02,2026-07-17,6.5,True
EMP004,Lucas Patel,Engineering,PRJ02,2026-07-17,0.8,False
EMP004,Lucas Patel,Engineering,PRJ02,2026-07-20,5.6,True
EMP004,Lucas Patel,Engineering,PRJ02,2026-07-20,1.8,False
EMP004,Lucas Patel,Engineering,PRJ02,2026-07-21,6.3,True
EMP004,Lucas Patel,Engineering,PRJ02,2026-07-21,2.0,False
EMP004,Lucas Patel,Engineering,PRJ02,2026-07-22,5.7,True
EMP004,Lucas Patel,Engineering,PRJ02,2026-07-22,1.0,False
EMP004,Lucas Patel,Engineering,PRJ02,2026-07-24,6.6,True
EMP004,Lucas Patel,Engineering,PRJ02,2026-07-24,0.5,False
EMP004,Lucas Patel,Engineering,PRJ04,2026-07-27,6.5,True
EMP004,Lucas Patel,Engineering,PRJ04,2026-07-27,0.3,False
EMP004,Lucas Patel,Engineering,PRJ02,2026-07-28,4.2,True
EMP004,Lucas Patel,Engineering,PRJ02,2026-07-28,1.9,False
EMP004,Lucas Patel,Engineering,PRJ04,2026-07-29,4.6,True
EMP004,Lucas Patel,Engineering,PRJ04,2026-07-29,2.2,False
EMP004,Lucas Patel,Engineering,PRJ04,2026-07-30,5.2,True
EMP004,Lucas Patel,Engineering,PRJ04,2026-07-30,1.9,False
EMP004,Lucas Patel,Engineering,PRJ04,2026-07-31,7.0,True
EMP004,Lucas Patel,Engineering,PRJ04,2026-07-31,1.3,False
EMP004,Lucas Patel,Engineering,PRJ04,2026-08-03,4.2,True
EMP004,Lucas Patel,Engineering,PRJ04,2026-08-03,1.9,False
EMP004,Lucas Patel,Engineering,PRJ02,2026-08-04,5.9,True
EMP004,Lucas Patel,Engineering,PRJ02,2026-08-04,0.7,False
EMP004,Lucas Patel,Engineering,PRJ04,2026-08-05,6.1,True
EMP004,Lucas Patel,Engineering,PRJ04,2026-08-05,0.3,False
EMP004,Lucas Patel,Engineering,PRJ04,2026-08-06,5.4,True
EMP004,Lucas Patel,Engineering,PRJ04,2026-08-06,2.6,False
EMP004,Lucas Patel,Engineering,PRJ02,2026-08-07,5.7,True
EMP004,Lucas Patel,Engineering,PRJ02,2026-08-07,1.8,False
EMP004,Lucas Patel,Engineering,PRJ02,2026-08-10,6.4,True
EMP004,Lucas Patel,Engineering,PRJ02,2026-08-10,0.6,False
EMP004,Lucas Patel,Engineering,PRJ02,2026-08-11,5.6,True
EMP004,Lucas Patel,Engineering,PRJ02,2026-08-11,0.4,False
EMP004,Lucas Patel,Engineering,PRJ04,2026-08-12,7.4,True
EMP004,Lucas Patel,Engineering,PRJ04,2026-08-12,0.8,False
EMP004,Lucas Patel,Engineering,PRJ02,2026-08-13,5.3,True
EMP004,Lucas Patel,Engineering,PRJ02,2026-08-13,1.0,False
EMP004,Lucas Patel,Engineering,PRJ04,2026-08-14,5.8,True
EMP004,Lucas Patel,Engineering,PRJ04,2026-08-14,2.5,False
EMP004,Lucas Patel,Engineering,PRJ02,2026-08-17,5.3,True
EMP004,Lucas Patel,Engineering,PRJ02,2026-08-17,2.7,False
EMP004,Lucas Patel,Engineering,PRJ04,2026-08-18,4.5,True
EMP004,Lucas Patel,Engineering,PRJ04,2026-08-18,1.8,False
EMP004,Lucas Patel,Engineering,PRJ04,2026-08-20,6.0,True
EMP004,Lucas Patel,Engineering,PRJ04,2026-08-20,1.1,False
EMP004,Lucas Patel,Engineering,PRJ02,2026-08-21,5.6,True
EMP004,Lucas Patel,Engineering,PRJ02,2026-08-21,2.0,False
EMP004,Lucas Patel,Engineering,PRJ04,2026-08-24,5.3,True
EMP004,Lucas Patel,Engineering,PRJ04,2026-08-24,1.4,False
EMP004,Lucas Patel,Engineering,PRJ04,2026-08-25,6.7,True
EMP004,Lucas Patel,Engineering,PRJ04,2026-08-25,1.0,False
EMP004,Lucas Patel,Engineering,PRJ04,2026-08-26,5.4,True
EMP004,Lucas Patel,Engineering,PRJ04,2026-08-26,1.2,False
EMP004,Lucas Patel,Engineering,PRJ02,2026-08-27,4.7,True
EMP004,Lucas Patel,Engineering,PRJ02,2026-08-27,2.1,False
EMP004,Lucas Patel,Engineering,PRJ02,2026-08-28,5.3,True
EMP004,Lucas Patel,Engineering,PRJ02,2026-08-28,2.0,False
EMP004,Lucas Patel,Engineering,PRJ02,2026-08-31,5.4,True
EMP004,Lucas Patel,Engineering,PRJ02,2026-08-31,2.3,False
EMP005,Henry Joshi,Design,PRJ09,2026-06-01,4.2,True
EMP005,Henry Joshi,Design,PRJ09,2026-06-01,2.2,False
EMP005,Henry Joshi,Design,PRJ07,2026-06-02,4.6,True
EMP005,Henry Joshi,Design,PRJ07,2026-06-02,1.5,False
EMP005,Henry Joshi,Design,PRJ09,2026-06-03,6.8,True
EMP005,Henry Joshi,Design,PRJ09,2026-06-03,1.2,False
EMP005,Henry Joshi,Design,PRJ09,2026-06-04,6.2,True
EMP005,Henry Joshi,Design,PRJ09,2026-06-04,0.6,False
EMP005,Henry Joshi,Design,PRJ07,2026-06-05,5.5,True
EMP005,Henry Joshi,Design,PRJ07,2026-06-05,1.2,False
EMP005,Henry Joshi,Design,PRJ09,2026-06-08,5.3,True
EMP005,Henry Joshi,Design,PRJ09,2026-06-08,1.4,False
EMP005,Henry Joshi,Design,PRJ07,2026-06-09,5.0,True
EMP005,Henry Joshi,Design,PRJ07,2026-06-09,2.3,False
EMP005,Henry Joshi,Design,PRJ07,2026-06-10,6.1,True
EMP005,Henry Joshi,Design,PRJ07,2026-06-10,0.4,False
EMP005,Henry Joshi,Design,PRJ07,2026-06-11,4.6,True
EMP005,Henry Joshi,Design,PRJ07,2026-06-11,2.4,False
EMP005,Henry Joshi,Design,PRJ07,2026-06-12,4.9,True
EMP005,Henry Joshi,Design,PRJ07,2026-06-12,2.2,False
EMP005,Henry Joshi,Design,PRJ09,2026-06-15,5.7,True
EMP005,Henry Joshi,Design,PRJ09,2026-06-15,0.3,False
EMP005,Henry Joshi,Design,PRJ09,2026-06-16,5.6,True
EMP005,Henry Joshi,Design,PRJ09,2026-06-16,1.4,False
EMP005,Henry Joshi,Design,PRJ09,2026-06-18,4.5,True
EMP005,Henry Joshi,Design,PRJ09,2026-06-18,1.3,False
EMP005,Henry Joshi,Design,PRJ09,2026-06-19,5.0,True
EMP005,Henry Joshi,Design,PRJ09,2026-06-19,2.6,False
EMP005,Henry Joshi,Design,PRJ07,2026-06-22,6.9,True
EMP005,Henry Joshi,Design,PRJ07,2026-06-22,1.5,False
EMP005,Henry Joshi,Design,PRJ09,2026-06-23,5.0,True
EMP005,Henry Joshi,Design,PRJ09,2026-06-23,1.0,False
EMP005,Henry Joshi,Design,PRJ07,2026-06-24,5.2,True
EMP005,Henry Joshi,Design,PRJ07,2026-06-24,0.4,False
EMP005,Henry Joshi,Design,PRJ07,2026-06-25,5.3,True
EMP005,Henry Joshi,Design,PRJ07,2026-06-25,1.5,False
EMP005,Henry Joshi,Design,PRJ07,2026-06-26,7.6,True
EMP005,Henry Joshi,Design,PRJ07,2026-06-26,0.7,False
EMP005,Henry Joshi,Design,PRJ09,2026-06-29,6.8,True
EMP005,Henry Joshi,Design,PRJ09,2026-06-29,0.4,False
EMP005,Henry Joshi,Design,PRJ09,2026-06-30,5.5,True
EMP005,Henry Joshi,Design,PRJ09,2026-06-30,0.5,False
EMP005,Henry Joshi,Design,PRJ09,2026-07-01,6.9,True
EMP005,Henry Joshi,Design,PRJ09,2026-07-01,1.2,False
EMP005,Henry Joshi,Design,PRJ07,2026-07-02,5.1,True
EMP005,Henry Joshi,Design,PRJ07,2026-07-02,1.1,False
EMP005,Henry Joshi,Design,PRJ09,2026-07-03,6.7,True
EMP005,Henry Joshi,Design,PRJ09,2026-07-03,1.1,False
EMP005,Henry Joshi,Design,PRJ09,2026-07-06,7.4,True
EMP005,Henry Joshi,Design,PRJ09,2026-07-06,0.9,False
EMP005,Henry Joshi,Design,PRJ09,2026-07-07,6.5,True
EMP005,Henry Joshi,Design,PRJ09,2026-07-07,0.6,False
EMP005,Henry Joshi,Design,PRJ09,2026-07-08,5.8,True
EMP005,Henry Joshi,Design,PRJ09,2026-07-08,2.1,False
EMP005,Henry Joshi,Design,PRJ09,2026-07-09,7.0,True
EMP005,Henry Joshi,Design,PRJ09,2026-07-09,1.3,False
EMP005,Henry Joshi,Design,PRJ09,2026-07-10,5.2,True
EMP005,Henry Joshi,Design,PRJ09,2026-07-10,1.1,False
EMP005,Henry Joshi,Design,PRJ07,2026-07-13,5.3,True
EMP005,Henry Joshi,Design,PRJ07,2026-07-13,2.0,False
EMP005,Henry Joshi,Design,PRJ07,2026-07-14,5.8,True
EMP005,Henry Joshi,Design,PRJ07,2026-07-14,0.9,False
EMP005,Henry Joshi,Design,PRJ07,2026-07-15,7.9,True
EMP005,Henry Joshi,Design,PRJ07,2026-07-15,0.5,False
EMP005,Henry Joshi,Design,PRJ07,2026-07-16,6.4,True
EMP005,Henry Joshi,Design,PRJ07,2026-07-16,1.7,False
EMP005,Henry Joshi,Design,PRJ07,2026-07-17,4.3,True
EMP005,Henry Joshi,Design,PRJ07,2026-07-17,2.1,False
EMP005,Henry Joshi,Design,PRJ07,2026-07-20,7.0,True
EMP005,Henry Joshi,Design,PRJ07,2026-07-20,0.7,False
EMP005,Henry Joshi,Design,PRJ07,2026-07-21,5.7,True
EMP005,Henry Joshi,Design,PRJ07,2026-07-21,2.4,False
EMP005,Henry Joshi,Design,PRJ09,2026-07-22,6.5,True
EMP005,Henry Joshi,Design,PRJ09,2026-07-22,0.5,False
EMP005,Henry Joshi,Design,PRJ09,2026-07-24,5.5,True
EMP005,Henry Joshi,Design,PRJ09,2026-07-24,0.3,False
EMP005,Henry Joshi,Design,PRJ07,2026-07-27,6.5,True
EMP005,Henry Joshi,Design,PRJ07,2026-07-27,0.6,False
EMP005,Henry Joshi,Design,PRJ07,2026-07-28,4.2,True
EMP005,Henry Joshi,Design,PRJ07,2026-07-28,1.9,False
EMP005,Henry Joshi,Design,PRJ09,2026-07-29,5.0,True
EMP005,Henry Joshi,Design,PRJ09,2026-07-29,2.7,False
EMP005,Henry Joshi,Design,PRJ09,2026-07-30,5.5,True
EMP005,Henry Joshi,Design,PRJ09,2026-07-30,2.3,False
EMP005,Henry Joshi,Design,PRJ07,2026-07-31,4.9,True
EMP005,Henry Joshi,Design,PRJ07,2026-07-31,0.9,False
EMP005,Henry Joshi,Design,PRJ09,2026-08-03,5.4,True
EMP005,Henry Joshi,Design,PRJ09,2026-08-03,2.9,False
EMP005,Henry Joshi,Design,PRJ07,2026-08-04,6.2,True
EMP005,Henry Joshi,Design,PRJ07,2026-08-04,2.2,False
EMP005,Henry Joshi,Design,PRJ09,2026-08-05,5.3,True
EMP005,Henry Joshi,Design,PRJ09,2026-08-05,0.9,False
EMP005,Henry Joshi,Design,PRJ09,2026-08-06,6.4,True
EMP005,Henry Joshi,Design,PRJ09,2026-08-06,0.6,False
EMP005,Henry Joshi,Design,PRJ07,2026-08-07,6.3,True
EMP005,Henry Joshi,Design,PRJ07,2026-08-07,2.0,False
EMP005,Henry Joshi,Design,PRJ09,2026-08-10,5.2,True
EMP005,Henry Joshi,Design,PRJ09,2026-08-10,0.8,False
EMP005,Henry Joshi,Design,PRJ07,2026-08-11,5.6,True
EMP005,Henry Joshi,Design,PRJ07,2026-08-11,1.3,False
EMP005,Henry Joshi,Design,PRJ09,2026-08-12,6.5,True
EMP005,Henry Joshi,Design,PRJ09,2026-08-12,0.8,False
EMP005,Henry Joshi,Design,PRJ07,2026-08-13,5.7,True
EMP005,Henry Joshi,Design,PRJ07,2026-08-13,2.6,False
EMP005,Henry Joshi,Design,PRJ07,2026-08-14,5.2,True
EMP005,Henry Joshi,Design,PRJ07,2026-08-14,1.3,False
EMP005,Henry Joshi,Design,PRJ09,2026-08-17,6.4,True
EMP005,Henry Joshi,Design,PRJ09,2026-08-17,0.6,False
EMP005,Henry Joshi,Design,PRJ07,2026-08-18,5.5,True
EMP005,Henry Joshi,Design,PRJ07,2026-08-18,1.5,False
EMP005,Henry Joshi,Design,PRJ09,2026-08-19,4.2,True
EMP005,Henry Joshi,Design,PRJ09,2026-08-19,2.2,False
EMP005,Henry Joshi,Design,PRJ09,2026-08-20,4.8,True
EMP005,Henry Joshi,Design,PRJ09,2026-08-20,2.4,False
EMP005,Henry Joshi,Design,PRJ09,2026-08-21,5.2,True
EMP005,Henry Joshi,Design,PRJ09,2026-08-21,0.5,False
EMP005,Henry Joshi,Design,PRJ09,2026-08-24,6.9,True
EMP005,Henry Joshi,Design,PRJ09,2026-08-24,0.9,False
EMP005,Henry Joshi,Design,PRJ09,2026-08-25,6.3,True
EMP005,Henry Joshi,Design,PRJ09,2026-08-25,0.5,False
EMP005,Henry Joshi,Design,PRJ09,2026-08-26,6.1,True
EMP005,Henry Joshi,Design,PRJ09,2026-08-26,1.4,False
EMP005,Henry Joshi,Design,PRJ07,2026-08-27,4.6,True
EMP005,Henry Joshi,Design,PRJ07,2026-08-27,2.1,False
EMP005,Henry Joshi,Design,PRJ09,2026-08-28,6.6,True
EMP005,Henry Joshi,Design,PRJ09,2026-08-28,1.8,False
EMP005,Henry Joshi,Design,PRJ09,2026-08-31,4.7,True
EMP005,Henry Joshi,Design,PRJ09,2026-08-31,1.5,False
EMP006,Siddharth Lewis,Design,PRJ06,2026-06-01,4.7,True
EMP006,Siddharth Lewis,Design,PRJ06,2026-06-01,0.9,False
EMP006,Siddharth Lewis,Design,PRJ06,2026-06-02,5.7,True
EMP006,Siddharth Lewis,Design,PRJ06,2026-06-02,1.6,False
EMP006,Siddharth Lewis,Design,PRJ06,2026-06-03,5.5,True
EMP006,Siddharth Lewis,Design,PRJ06,2026-06-03,1.3,False
EMP006,Siddharth Lewis,Design,PRJ06,2026-06-04,5.7,True
EMP006,Siddharth Lewis,Design,PRJ06,2026-06-04,0.5,False
EMP006,Siddharth Lewis,Design,PRJ06,2026-06-05,5.8,True
EMP006,Siddharth Lewis,Design,PRJ06,2026-06-05,2.2,False
EMP006,Siddharth Lewis,Design,PRJ06,2026-06-08,4.9,True
EMP006,Siddharth Lewis,Design,PRJ06,2026-06-08,1.8,False
EMP006,Siddharth Lewis,Design,PRJ06,2026-06-09,6.6,True
EMP006,Siddharth Lewis,Design,PRJ06,2026-06-09,0.4,False
EMP006,Siddharth Lewis,Design,PRJ06,2026-06-10,4.7,True
EMP006,Siddharth Lewis,Design,PRJ06,2026-06-10,2.0,False
EMP006,Siddharth Lewis,Design,PRJ06,2026-06-11,4.4,True
EMP006,Siddharth Lewis,Design,PRJ06,2026-06-11,1.8,False
EMP006,Siddharth Lewis,Design,PRJ06,2026-06-12,6.8,True
EMP006,Siddharth Lewis,Design,PRJ06,2026-06-12,0.4,False
EMP006,Siddharth Lewis,Design,PRJ06,2026-06-15,4.4,True
EMP006,Siddharth Lewis,Design,PRJ06,2026-06-15,2.1,False
EMP006,Siddharth Lewis,Design,PRJ06,2026-06-16,5.4,True
EMP006,Siddharth Lewis,Design,PRJ06,2026-06-16,2.3,False
EMP006,Siddharth Lewis,Design,PRJ06,2026-06-17,3.8,True
EMP006,Siddharth Lewis,Design,PRJ06,2026-06-17,1.8,False
EMP006,Siddharth Lewis,Design,PRJ06,2026-06-18,6.1,True
EMP006,Siddharth Lewis,Design,PRJ06,2026-06-18,0.4,False
EMP006,Siddharth Lewis,Design,PRJ06,2026-06-19,6.7,True
EMP006,Siddharth Lewis,Design,PRJ06,2026-06-19,1.0,False
EMP006,Siddharth Lewis,Design,PRJ06,2026-06-22,5.8,True
EMP006,Siddharth Lewis,Design,PRJ06,2026-06-22,1.8,False
EMP006,Siddharth Lewis,Design,PRJ06,2026-06-23,5.3,True
EMP006,Siddharth Lewis,Design,PRJ06,2026-06-23,1.3,False
EMP006,Siddharth Lewis,Design,PRJ06,2026-06-24,6.4,True
EMP006,Siddharth Lewis,Design,PRJ06,2026-06-24,1.7,False
EMP006,Siddharth Lewis,Design,PRJ06,2026-06-25,4.5,True
EMP006,Siddharth Lewis,Design,PRJ06,2026-06-25,1.6,False
EMP006,Siddharth Lewis,Design,PRJ06,2026-06-26,4.3,True
EMP006,Siddharth Lewis,Design,PRJ06,2026-06-26,1.6,False
EMP006,Siddharth Lewis,Design,PRJ06,2026-06-29,5.1,True
EMP006,Siddharth Lewis,Design,PRJ06,2026-06-29,1.1,False
EMP006,Siddharth Lewis,Design,PRJ06,2026-06-30,5.5,True
EMP006,Siddharth Lewis,Design,PRJ06,2026-06-30,2.1,False
EMP006,Siddharth Lewis,Design,PRJ06,2026-07-01,4.9,True
EMP006,Siddharth Lewis,Design,PRJ06,2026-07-01,2.1,False
EMP006,Siddharth Lewis,Design,PRJ06,2026-07-02,6.5,True
EMP006,Siddharth Lewis,Design,PRJ06,2026-07-02,0.5,False
EMP006,Siddharth Lewis,Design,PRJ06,2026-07-03,5.1,True
EMP006,Siddharth Lewis,Design,PRJ06,2026-07-03,0.6,False
EMP006,Siddharth Lewis,Design,PRJ06,2026-07-06,5.8,
EMP006,Siddharth Lewis,Design,PRJ06,2026-07-06,2.2,False
EMP006,Siddharth Lewis,Design,PRJ06,2026-07-07,5.5,True
EMP006,Siddharth Lewis,Design,PRJ06,2026-07-07,1.1,False
EMP006,Siddharth Lewis,Design,PRJ06,2026-07-09,4.4,True
EMP006,Siddharth Lewis,Design,PRJ06,2026-07-09,2.3,False
EMP006,Siddharth Lewis,Design,PRJ06,2026-07-10,6.0,True
EMP006,Siddharth Lewis,Design,PRJ06,2026-07-10,1.0,False
EMP006,Siddharth Lewis,Design,PRJ06,2026-07-13,3.9,True
EMP006,Siddharth Lewis,Design,PRJ06,2026-07-13,1.9,False
EMP006,Siddharth Lewis,Design,PRJ06,2026-07-14,4.8,True
EMP006,Siddharth Lewis,Design,PRJ06,2026-07-14,1.5,False
EMP006,Siddharth Lewis,Design,PRJ06,2026-07-15,5.0,True
EMP006,Siddharth Lewis,Design,PRJ06,2026-07-15,1.9,False
EMP006,Siddharth Lewis,Design,PRJ06,2026-07-16,5.4,True
EMP006,Siddharth Lewis,Design,PRJ06,2026-07-16,0.3,False
EMP006,Siddharth Lewis,Design,PRJ06,2026-07-17,4.8,True
EMP006,Siddharth Lewis,Design,PRJ06,2026-07-17,2.4,False
EMP006,Siddharth Lewis,Design,PRJ06,2026-07-20,6.7,True
EMP006,Siddharth Lewis,Design,PRJ06,2026-07-20,1.3,False
EMP006,Siddharth Lewis,Design,PRJ06,2026-07-21,4.7,True
EMP006,Siddharth Lewis,Design,PRJ06,2026-07-21,1.1,False
EMP006,Siddharth Lewis,Design,PRJ06,2026-07-22,6.2,True
EMP006,Siddharth Lewis,Design,PRJ06,2026-07-22,1.4,False
EMP006,Siddharth Lewis,Design,PRJ06,2026-07-23,7.6,True
EMP006,Siddharth Lewis,Design,PRJ06,2026-07-23,0.7,False
EMP006,Siddharth Lewis,Design,PRJ06,2026-07-24,3.9,True
EMP006,Siddharth Lewis,Design,PRJ06,2026-07-24,1.6,False
EMP006,Siddharth Lewis,Design,PRJ06,2026-07-27,4.5,True
EMP006,Siddharth Lewis,Design,PRJ06,2026-07-27,2.2,False
EMP006,Siddharth Lewis,Design,PRJ06,2026-07-28,6.8,True
EMP006,Siddharth Lewis,Design,PRJ06,2026-07-28,1.2,False
EMP006,Siddharth Lewis,Design,PRJ06,2026-07-29,6.8,True
EMP006,Siddharth Lewis,Design,PRJ06,2026-07-29,1.1,False
EMP006,Siddharth Lewis,Design,PRJ06,2026-07-30,4.5,True
EMP006,Siddharth Lewis,Design,PRJ06,2026-07-30,1.2,False
EMP006,Siddharth Lewis,Design,PRJ06,2026-07-31,6.5,True
EMP006,Siddharth Lewis,Design,PRJ06,2026-07-31,1.9,False
EMP006,Siddharth Lewis,Design,PRJ06,2026-08-03,6.8,True
EMP006,Siddharth Lewis,Design,PRJ06,2026-08-03,1.7,False
EMP006,Siddharth Lewis,Design,PRJ06,2026-08-04,5.0,True
EMP006,Siddharth Lewis,Design,PRJ06,2026-08-04,1.1,False
EMP006,Siddharth Lewis,Design,PRJ06,2026-08-05,6.8,True
EMP006,Siddharth Lewis,Design,PRJ06,2026-08-05,1.1,False
EMP006,Siddharth Lewis,Design,PRJ06,2026-08-06,5.5,True
EMP006,Siddharth Lewis,Design,PRJ06,2026-08-06,2.4,False
EMP006,Siddharth Lewis,Design,PRJ06,2026-08-07,4.1,True
EMP006,Siddharth Lewis,Design,PRJ06,2026-08-07,1.4,False
EMP006,Siddharth Lewis,Design,PRJ06,2026-08-10,4.5,True
EMP006,Siddharth Lewis,Design,PRJ06,2026-08-10,1.3,False
EMP006,Siddharth Lewis,Design,PRJ06,2026-08-11,6.0,True
EMP006,Siddharth Lewis,Design,PRJ06,2026-08-11,1.2,False
EMP006,Siddharth Lewis,Design,PRJ06,2026-08-13,6.8,True
EMP006,Siddharth Lewis,Design,PRJ06,2026-08-13,1.0,False
EMP006,Siddharth Lewis,Design,PRJ06,2026-08-14,4.6,True
EMP006,Siddharth Lewis,Design,PRJ06,2026-08-14,2.0,False
EMP006,Siddharth Lewis,Design,PRJ06,2026-08-17,4.4,True
EMP006,Siddharth Lewis,Design,PRJ06,2026-08-17,1.6,False
EMP006,Siddharth Lewis,Design,PRJ06,2026-08-18,4.6,True
EMP006,Siddharth Lewis,Design,PRJ06,2026-08-18,1.7,False
EMP006,Siddharth Lewis,Design,PRJ06,2026-08-19,4.3,True
EMP006,Siddharth Lewis,Design,PRJ06,2026-08-19,1.5,False
EMP006,Siddharth Lewis,Design,PRJ06,2026-08-20,5.9,True
EMP006,Siddharth Lewis,Design,PRJ06,2026-08-20,2.0,False
EMP006,Siddharth Lewis,Design,PRJ06,2026-08-21,6.2,True
EMP006,Siddharth Lewis,Design,PRJ06,2026-08-21,1.3,False
EMP006,Siddharth Lewis,Design,PRJ06,2026-08-24,4.5,True
EMP006,Siddharth Lewis,Design,PRJ06,2026-08-24,1.6,False
EMP006,Siddharth Lewis,Design,PRJ06,2026-08-25,6.1,True
EMP006,Siddharth Lewis,Design,PRJ06,2026-08-25,1.5,False
EMP006,Siddharth Lewis,Design,PRJ06,2026-08-26,6.0,True
EMP006,Siddharth Lewis,Design,PRJ06,2026-08-26,1.9,False
EMP006,Siddharth Lewis,Design,PRJ06,2026-08-27,6.1,True
EMP006,Siddharth Lewis,Design,PRJ06,2026-08-27,1.4,False
EMP006,Siddharth Lewis,Design,PRJ06,2026-08-28,7.1,True
EMP006,Siddharth Lewis,Design,PRJ06,2026-08-28,0.8,False
EMP006,Siddharth Lewis,Design,PRJ06,2026-08-31,5.4,True
EMP006,Siddharth Lewis,Design,PRJ06,2026-08-31,1.3,False
EMP007,Sneha Hall,Strategy,PRJ08,2026-06-01,5.3,True
EMP007,Sneha Hall,Strategy,PRJ08,2026-06-01,2.6,False
EMP007,Sneha Hall,Strategy,PRJ08,2026-06-02,6.5,True
EMP007,Sneha Hall,Strategy,PRJ08,2026-06-02,0.5,False
EMP007,Sneha Hall,Strategy,PRJ08,2026-06-04,6.8,True
EMP007,Sneha Hall,Strategy,PRJ08,2026-06-04,0.8,False
EMP007,Sneha Hall,Strategy,PRJ01,2026-06-05,6.6,True
EMP007,Sneha Hall,Strategy,PRJ01,2026-06-05,1.2,False
EMP007,Sneha Hall,Strategy,PRJ08,2026-06-08,6.1,True
EMP007,Sneha Hall,Strategy,PRJ08,2026-06-08,1.1,False
EMP007,Sneha Hall,Strategy,PRJ09,2026-06-09,6.5,True
EMP007,Sneha Hall,Strategy,PRJ09,2026-06-09,1.9,False
EMP007,Sneha Hall,Strategy,PRJ08,2026-06-10,6.3,True
EMP007,Sneha Hall,Strategy,PRJ08,2026-06-10,1.4,False
EMP007,Sneha Hall,Strategy,PRJ08,2026-06-11,5.9,True
EMP007,Sneha Hall,Strategy,PRJ08,2026-06-11,0.8,False
EMP007,Sneha Hall,Strategy,PRJ01,2026-06-12,6.8,True
EMP007,Sneha Hall,Strategy,PRJ01,2026-06-12,1.7,False
EMP007,Sneha Hall,Strategy,PRJ09,2026-06-15,5.4,True
EMP007,Sneha Hall,Strategy,PRJ09,2026-06-15,0.4,False
EMP007,Sneha Hall,Strategy,PRJ01,2026-06-16,6.4,True
EMP007,Sneha Hall,Strategy,PRJ01,2026-06-16,1.5,False
EMP007,Sneha Hall,Strategy,PRJ01,2026-06-17,5.7,True
EMP007,Sneha Hall,Strategy,PRJ01,2026-06-17,1.9,False
EMP007,Sneha Hall,Strategy,PRJ09,2026-06-18,4.2,True
EMP007,Sneha Hall,Strategy,PRJ09,2026-06-18,1.4,False
EMP007,Sneha Hall,Strategy,PRJ09,2026-06-19,6.1,True
EMP007,Sneha Hall,Strategy,PRJ09,2026-06-19,2.4,False
EMP007,Sneha Hall,Strategy,PRJ01,2026-06-22,5.4,True
EMP007,Sneha Hall,Strategy,PRJ01,2026-06-22,1.4,False
EMP007,Sneha Hall,Strategy,PRJ08,2026-06-23,5.8,True
EMP007,Sneha Hall,Strategy,PRJ08,2026-06-23,1.7,False
EMP007,Sneha Hall,Strategy,PRJ08,2026-06-24,5.6,True
EMP007,Sneha Hall,Strategy,PRJ08,2026-06-24,1.7,False
EMP007,Sneha Hall,Strategy,PRJ08,2026-06-25,6.8,True
EMP007,Sneha Hall,Strategy,PRJ08,2026-06-25,0.8,False
EMP007,Sneha Hall,Strategy,PRJ01,2026-06-26,4.6,True
EMP007,Sneha Hall,Strategy,PRJ01,2026-06-26,1.5,False
EMP007,Sneha Hall,Strategy,PRJ01,2026-06-29,6.6,True
EMP007,Sneha Hall,Strategy,PRJ01,2026-06-29,0.4,False
EMP007,Sneha Hall,Strategy,PRJ01,2026-06-30,5.5,True
EMP007,Sneha Hall,Strategy,PRJ01,2026-06-30,1.8,False
EMP007,Sneha Hall,Strategy,PRJ08,2026-07-01,5.6,True
EMP007,Sneha Hall,Strategy,PRJ08,2026-07-01,2.0,False
EMP007,Sneha Hall,Strategy,PRJ09,2026-07-02,4.6,True
EMP007,Sneha Hall,Strategy,PRJ09,2026-07-02,1.8,False
EMP007,Sneha Hall,Strategy,PRJ09,2026-07-03,5.4,True
EMP007,Sneha Hall,Strategy,PRJ09,2026-07-03,1.6,False
EMP007,Sneha Hall,Strategy,PRJ08,2026-07-06,5.7,True
EMP007,Sneha Hall,Strategy,PRJ08,2026-07-06,1.3,False
EMP007,Sneha Hall,Strategy,PRJ09,2026-07-07,4.4,True
EMP007,Sneha Hall,Strategy,PRJ09,2026-07-07,1.6,False
EMP007,Sneha Hall,Strategy,PRJ09,2026-07-08,4.3,True
EMP007,Sneha Hall,Strategy,PRJ09,2026-07-08,1.4,False
EMP007,Sneha Hall,Strategy,PRJ08,2026-07-09,5.5,True
EMP007,Sneha Hall,Strategy,PRJ08,2026-07-09,1.2,False
EMP007,Sneha Hall,Strategy,PRJ01,2026-07-10,6.0,True
EMP007,Sneha Hall,Strategy,PRJ01,2026-07-10,0.7,False
EMP007,Sneha Hall,Strategy,PRJ09,2026-07-13,5.7,True
EMP007,Sneha Hall,Strategy,PRJ09,2026-07-13,2.2,False
EMP007,Sneha Hall,Strategy,PRJ08,2026-07-14,4.7,True
EMP007,Sneha Hall,Strategy,PRJ08,2026-07-14,1.3,False
EMP007,Sneha Hall,Strategy,PRJ01,2026-07-15,5.8,True
EMP007,Sneha Hall,Strategy,PRJ01,2026-07-15,1.2,False
EMP007,Sneha Hall,Strategy,PRJ09,2026-07-16,5.9,True
EMP007,Sneha Hall,Strategy,PRJ09,2026-07-16,0.7,False
EMP007,Sneha Hall,Strategy,PRJ08,2026-07-17,4.8,True
EMP007,Sneha Hall,Strategy,PRJ08,2026-07-17,1.4,False
EMP007,Sneha Hall,Strategy,PRJ01,2026-07-20,6.1,True
EMP007,Sneha Hall,Strategy,PRJ01,2026-07-20,0.3,False
EMP007,Sneha Hall,Strategy,PRJ09,2026-07-21,5.3,True
EMP007,Sneha Hall,Strategy,PRJ09,2026-07-21,0.5,False
EMP007,Sneha Hall,Strategy,PRJ01,2026-07-22,6.5,True
EMP007,Sneha Hall,Strategy,PRJ01,2026-07-22,1.4,False
EMP007,Sneha Hall,Strategy,PRJ09,2026-07-23,5.7,True
EMP007,Sneha Hall,Strategy,PRJ09,2026-07-23,1.1,False
EMP007,Sneha Hall,Strategy,PRJ08,2026-07-24,5.8,True
EMP007,Sneha Hall,Strategy,PRJ08,2026-07-24,1.4,False
EMP007,Sneha Hall,Strategy,PRJ01,2026-07-27,5.6,True
EMP007,Sneha Hall,Strategy,PRJ01,2026-07-27,2.0,False
EMP007,Sneha Hall,Strategy,PRJ09,2026-07-28,7.3,True
EMP007,Sneha Hall,Strategy,PRJ09,2026-07-28,0.9,False
EMP007,Sneha Hall,Strategy,PRJ08,2026-07-29,7.9,True
EMP007,Sneha Hall,Strategy,PRJ08,2026-07-29,0.4,False
EMP007,Sneha Hall,Strategy,PRJ09,2026-07-30,5.4,True
EMP007,Sneha Hall,Strategy,PRJ09,2026-07-30,0.8,False
EMP007,Sneha Hall,Strategy,PRJ01,2026-07-31,5.8,True
EMP007,Sneha Hall,Strategy,PRJ01,2026-07-31,1.2,False
EMP007,Sneha Hall,Strategy,PRJ09,2026-08-03,5.1,True
EMP007,Sneha Hall,Strategy,PRJ09,2026-08-03,0.6,False
EMP007,Sneha Hall,Strategy,PRJ01,2026-08-04,6.9,True
EMP007,Sneha Hall,Strategy,PRJ01,2026-08-04,0.7,False
EMP007,Sneha Hall,Strategy,PRJ08,2026-08-05,4.9,True
EMP007,Sneha Hall,Strategy,PRJ08,2026-08-05,0.6,False
EMP007,Sneha Hall,Strategy,PRJ09,2026-08-06,6.4,True
EMP007,Sneha Hall,Strategy,PRJ09,2026-08-06,1.0,False
EMP007,Sneha Hall,Strategy,PRJ01,2026-08-07,7.5,True
EMP007,Sneha Hall,Strategy,PRJ01,2026-08-07,0.9,False
EMP007,Sneha Hall,Strategy,PRJ08,2026-08-10,5.4,True
EMP007,Sneha Hall,Strategy,PRJ08,2026-08-10,1.1,False
EMP007,Sneha Hall,Strategy,PRJ09,2026-08-11,7.2,True
EMP007,Sneha Hall,Strategy,PRJ09,2026-08-11,1.0,False
EMP007,Sneha Hall,Strategy,PRJ09,2026-08-12,4.7,True
EMP007,Sneha Hall,Strategy,PRJ09,2026-08-12,2.2,False
EMP007,Sneha Hall,Strategy,PRJ09,2026-08-14,5.2,True
EMP007,Sneha Hall,Strategy,PRJ09,2026-08-14,0.9,False
EMP007,Sneha Hall,Strategy,PRJ09,2026-08-17,7.4,True
EMP007,Sneha Hall,Strategy,PRJ09,2026-08-17,0.7,False
EMP007,Sneha Hall,Strategy,PRJ09,2026-08-18,6.1,True
EMP007,Sneha Hall,Strategy,PRJ09,2026-08-18,0.5,False
EMP007,Sneha Hall,Strategy,PRJ01,2026-08-19,6.7,True
EMP007,Sneha Hall,Strategy,PRJ01,2026-08-19,1.0,False
EMP007,Sneha Hall,Strategy,PRJ09,2026-08-20,4.4,True
EMP007,Sneha Hall,Strategy,PRJ09,2026-08-20,1.1,False
EMP007,Sneha Hall,Strategy,PRJ01,2026-08-21,4.4,True
EMP007,Sneha Hall,Strategy,PRJ01,2026-08-21,2.4,False
EMP007,Sneha Hall,Strategy,PRJ09,2026-08-24,4.7,True
EMP007,Sneha Hall,Strategy,PRJ09,2026-08-24,2.1,False
EMP007,Sneha Hall,Strategy,PRJ01,2026-08-25,5.4,True
EMP007,Sneha Hall,Strategy,PRJ01,2026-08-25,2.5,False
EMP007,Sneha Hall,Strategy,PRJ09,2026-08-26,6.8,True
EMP007,Sneha Hall,Strategy,PRJ09,2026-08-26,1.0,False
EMP007,Sneha Hall,Strategy,PRJ08,2026-08-27,4.7,True
EMP007,Sneha Hall,Strategy,PRJ08,2026-08-27,1.0,False
EMP007,Sneha Hall,Strategy,PRJ09,2026-08-28,6.5,True
EMP007,Sneha Hall,Strategy,PRJ09,2026-08-28,1.2,False
EMP007,Sneha Hall,Strategy,PRJ09,2026-08-31,4.9,True
EMP007,Sneha Hall,Strategy,PRJ09,2026-08-31,1.9,False
EMP008,Karan Rao,Design,PRJ01,2026-06-01,3.0,True
EMP008,Karan Rao,Design,PRJ01,2026-06-01,3.6,False
EMP008,Karan Rao,Design,PRJ09,2026-06-02,3.1,True
EMP008,Karan Rao,Design,PRJ09,2026-06-02,3.1,False
EMP008,Karan Rao,Design,PRJ09,2026-06-03,4.3,True
EMP008,Karan Rao,Design,PRJ09,2026-06-03,3.3,False
EMP008,Karan Rao,Design,PRJ07,2026-06-04,2.9,True
EMP008,Karan Rao,Design,PRJ07,2026-06-04,4.4,False
EMP008,Karan Rao,Design,PRJ07,2026-06-05,4.8,True
EMP008,Karan Rao,Design,PRJ07,2026-06-05,3.4,False
EMP008,Karan Rao,Design,PRJ01,2026-06-08,2.7,True
EMP008,Karan Rao,Design,PRJ01,2026-06-08,4.7,False
EMP008,Karan Rao,Design,PRJ09,2026-06-09,3.3,True
EMP008,Karan Rao,Design,PRJ09,2026-06-09,2.6,False
EMP008,Karan Rao,Design,PRJ01,2026-06-10,2.8,
EMP008,Karan Rao,Design,PRJ01,2026-06-10,3.2,False
EMP008,Karan Rao,Design,PRJ01,2026-06-11,2.3,True
EMP008,Karan Rao,Design,PRJ01,2026-06-11,4.0,False
EMP008,Karan Rao,Design,PRJ07,2026-06-12,3.4,True
EMP008,Karan Rao,Design,PRJ07,2026-06-12,3.0,False
EMP008,Karan Rao,Design,PRJ01,2026-06-15,3.6,True
EMP008,Karan Rao,Design,PRJ01,2026-06-15,3.8,False
EMP008,Karan Rao,Design,PRJ01,2026-06-16,2.8,True
EMP008,Karan Rao,Design,PRJ01,2026-06-16,4.2,False
EMP008,Karan Rao,Design,PRJ09,2026-06-17,4.1,True
EMP008,Karan Rao,Design,PRJ09,2026-06-17,3.3,False
EMP008,Karan Rao,Design,PRJ01,2026-06-18,4.0,True
EMP008,Karan Rao,Design,PRJ01,2026-06-18,2.8,False
EMP008,Karan Rao,Design,PRJ09,2026-06-19,3.2,True
EMP008,Karan Rao,Design,PRJ09,2026-06-19,3.6,False
EMP008,Karan Rao,Design,PRJ01,2026-06-22,3.0,True
EMP008,Karan Rao,Design,PRJ01,2026-06-22,4.5,False
EMP008,Karan Rao,Design,PRJ09,2026-06-23,3.5,True
EMP008,Karan Rao,Design,PRJ09,2026-06-23,2.5,False
EMP008,Karan Rao,Design,PRJ09,2026-06-24,2.8,True
EMP008,Karan Rao,Design,PRJ09,2026-06-24,3.5,False
EMP008,Karan Rao,Design,PRJ01,2026-06-25,4.5,True
EMP008,Karan Rao,Design,PRJ01,2026-06-25,3.7,False
EMP008,Karan Rao,Design,PRJ09,2026-06-26,3.0,True
EMP008,Karan Rao,Design,PRJ09,2026-06-26,4.1,False
EMP008,Karan Rao,Design,PRJ09,2026-06-29,2.5,True
EMP008,Karan Rao,Design,PRJ09,2026-06-29,4.5,False
EMP008,Karan Rao,Design,PRJ09,2026-06-30,4.5,True
EMP008,Karan Rao,Design,PRJ09,2026-06-30,3.3,False
EMP008,Karan Rao,Design,PRJ01,2026-07-01,2.5,True
EMP008,Karan Rao,Design,PRJ01,2026-07-01,4.5,False
EMP008,Karan Rao,Design,PRJ01,2026-07-02,2.6,True
EMP008,Karan Rao,Design,PRJ01,2026-07-02,4.0,False
EMP008,Karan Rao,Design,PRJ07,2026-07-03,3.5,True
EMP008,Karan Rao,Design,PRJ07,2026-07-03,4.2,False
EMP008,Karan Rao,Design,PRJ09,2026-07-06,3.6,True
EMP008,Karan Rao,Design,PRJ09,2026-07-06,2.9,False
EMP008,Karan Rao,Design,PRJ09,2026-07-07,3.2,True
EMP008,Karan Rao,Design,PRJ09,2026-07-07,5.0,False
EMP008,Karan Rao,Design,PRJ07,2026-07-08,2.7,True
EMP008,Karan Rao,Design,PRJ07,2026-07-08,3.0,False
EMP008,Karan Rao,Design,PRJ07,2026-07-09,2.7,True
EMP008,Karan Rao,Design,PRJ07,2026-07-09,3.1,False
EMP008,Karan Rao,Design,PRJ07,2026-07-10,3.2,True
EMP008,Karan Rao,Design,PRJ07,2026-07-10,3.2,False
EMP008,Karan Rao,Design,PRJ09,2026-07-13,4.6,True
EMP008,Karan Rao,Design,PRJ09,2026-07-13,3.9,False
EMP008,Karan Rao,Design,PRJ07,2026-07-14,2.2,True
EMP008,Karan Rao,Design,PRJ07,2026-07-14,4.0,False
EMP008,Karan Rao,Design,PRJ01,2026-07-15,3.9,True
EMP008,Karan Rao,Design,PRJ01,2026-07-15,3.5,False
EMP008,Karan Rao,Design,PRJ01,2026-07-17,4.3,True
EMP008,Karan Rao,Design,PRJ01,2026-07-17,3.7,False
EMP008,Karan Rao,Design,PRJ01,2026-07-20,4.0,True
EMP008,Karan Rao,Design,PRJ01,2026-07-20,2.8,False
EMP008,Karan Rao,Design,PRJ09,2026-07-21,4.8,True
EMP008,Karan Rao,Design,PRJ09,2026-07-21,3.5,False
EMP008,Karan Rao,Design,PRJ09,2026-07-22,3.7,True
EMP008,Karan Rao,Design,PRJ09,2026-07-22,3.2,False
EMP008,Karan Rao,Design,PRJ09,2026-07-23,2.9,True
EMP008,Karan Rao,Design,PRJ09,2026-07-23,5.1,False
EMP008,Karan Rao,Design,PRJ07,2026-07-24,2.5,True
EMP008,Karan Rao,Design,PRJ07,2026-07-24,3.4,False
EMP008,Karan Rao,Design,PRJ07,2026-07-27,3.5,True
EMP008,Karan Rao,Design,PRJ07,2026-07-27,4.5,False
EMP008,Karan Rao,Design,PRJ09,2026-07-28,3.3,True
EMP008,Karan Rao,Design,PRJ09,2026-07-28,2.8,False
EMP008,Karan Rao,Design,PRJ01,2026-07-29,2.9,True
EMP008,Karan Rao,Design,PRJ01,2026-07-29,3.9,False
EMP008,Karan Rao,Design,PRJ07,2026-07-30,2.6,True
EMP008,Karan Rao,Design,PRJ07,2026-07-30,3.5,False
EMP008,Karan Rao,Design,PRJ09,2026-07-31,3.4,True
EMP008,Karan Rao,Design,PRJ09,2026-07-31,4.5,False
EMP008,Karan Rao,Design,PRJ01,2026-08-03,3.5,True
EMP008,Karan Rao,Design,PRJ01,2026-08-03,4.5,False
EMP008,Karan Rao,Design,PRJ07,2026-08-04,2.4,True
EMP008,Karan Rao,Design,PRJ07,2026-08-04,4.3,False
EMP008,Karan Rao,Design,PRJ07,2026-08-05,2.5,True
EMP008,Karan Rao,Design,PRJ07,2026-08-05,3.1,False
EMP008,Karan Rao,Design,PRJ01,2026-08-06,2.2,True
EMP008,Karan Rao,Design,PRJ01,2026-08-06,3.6,False
EMP008,Karan Rao,Design,PRJ01,2026-08-07,3.2,True
EMP008,Karan Rao,Design,PRJ01,2026-08-07,4.6,False
EMP008,Karan Rao,Design,PRJ09,2026-08-10,3.8,True
EMP008,Karan Rao,Design,PRJ09,2026-08-10,3.6,False
EMP008,Karan Rao,Design,PRJ01,2026-08-11,3.4,True
EMP008,Karan Rao,Design,PRJ01,2026-08-11,2.3,False
EMP008,Karan Rao,Design,PRJ07,2026-08-12,3.4,True
EMP008,Karan Rao,Design,PRJ07,2026-08-12,2.5,False
EMP008,Karan Rao,Design,PRJ07,2026-08-13,3.3,True
EMP008,Karan Rao,Design,PRJ07,2026-08-13,2.4,False
EMP008,Karan Rao,Design,PRJ01,2026-08-14,2.9,True
EMP008,Karan Rao,Design,PRJ01,2026-08-14,2.7,False
EMP008,Karan Rao,Design,PRJ01,2026-08-17,2.9,True
EMP008,Karan Rao,Design,PRJ01,2026-08-17,3.4,False
EMP008,Karan Rao,Design,PRJ07,2026-08-18,2.6,True
EMP008,Karan Rao,Design,PRJ07,2026-08-18,3.6,False
EMP008,Karan Rao,Design,PRJ07,2026-08-19,2.6,True
EMP008,Karan Rao,Design,PRJ07,2026-08-19,3.2,False
EMP008,Karan Rao,Design,PRJ09,2026-08-20,3.6,True
EMP008,Karan Rao,Design,PRJ09,2026-08-20,3.5,False
EMP008,Karan Rao,Design,PRJ09,2026-08-21,3.4,True
EMP008,Karan Rao,Design,PRJ09,2026-08-21,4.4,False
EMP008,Karan Rao,Design,PRJ07,2026-08-24,3.1,True
EMP008,Karan Rao,Design,PRJ07,2026-08-24,4.1,False
EMP008,Karan Rao,Design,PRJ07,2026-08-25,3.6,True
EMP008,Karan Rao,Design,PRJ07,2026-08-25,2.6,False
EMP008,Karan Rao,Design,PRJ01,2026-08-26,3.8,True
EMP008,Karan Rao,Design,PRJ01,2026-08-26,3.3,False
EMP008,Karan Rao,Design,PRJ09,2026-08-27,3.1,True
EMP008,Karan Rao,Design,PRJ09,2026-08-27,4.4,False
EMP008,Karan Rao,Design,PRJ07,2026-08-28,3.5,True
EMP008,Karan Rao,Design,PRJ07,2026-08-28,2.7,False
EMP008,Karan Rao,Design,PRJ09,2026-08-31,3.2,True
EMP008,Karan Rao,Design,PRJ09,2026-08-31,4.8,False
EMP009,Rohan Walker,Strategy,PRJ09,2026-06-01,6.3,True
EMP009,Rohan Walker,Strategy,PRJ09,2026-06-01,1.0,False
EMP009,Rohan Walker,Strategy,PRJ09,2026-06-02,5.1,True
EMP009,Rohan Walker,Strategy,PRJ09,2026-06-02,2.1,False
EMP009,Rohan Walker,Strategy,PRJ09,2026-06-03,3.7,
EMP009,Rohan Walker,Strategy,PRJ09,2026-06-03,1.9,False
EMP009,Rohan Walker,Strategy,PRJ09,2026-06-04,5.4,True
EMP009,Rohan Walker,Strategy,PRJ09,2026-06-04,1.1,False
EMP009,Rohan Walker,Strategy,PRJ09,2026-06-05,7.2,True
EMP009,Rohan Walker,Strategy,PRJ09,2026-06-05,0.7,False
EMP009,Rohan Walker,Strategy,PRJ09,2026-06-08,7.3,True
EMP009,Rohan Walker,Strategy,PRJ09,2026-06-08,1.0,False
EMP009,Rohan Walker,Strategy,PRJ09,2026-06-09,6.4,True
EMP009,Rohan Walker,Strategy,PRJ09,2026-06-09,1.9,False
EMP009,Rohan Walker,Strategy,PRJ09,2026-06-10,7.3,True
EMP009,Rohan Walker,Strategy,PRJ09,2026-06-10,1.1,False
EMP009,Rohan Walker,Strategy,PRJ09,2026-06-11,5.2,True
EMP009,Rohan Walker,Strategy,PRJ09,2026-06-11,2.2,False
EMP009,Rohan Walker,Strategy,PRJ09,2026-06-12,4.5,True
EMP009,Rohan Walker,Strategy,PRJ09,2026-06-12,1.5,False
EMP009,Rohan Walker,Strategy,PRJ09,2026-06-15,7.8,True
EMP009,Rohan Walker,Strategy,PRJ09,2026-06-15,0.5,False
EMP009,Rohan Walker,Strategy,PRJ09,2026-06-16,5.1,True
EMP009,Rohan Walker,Strategy,PRJ09,2026-06-16,2.1,False
EMP009,Rohan Walker,Strategy,PRJ09,2026-06-17,5.1,True
EMP009,Rohan Walker,Strategy,PRJ09,2026-06-17,1.1,False
EMP009,Rohan Walker,Strategy,PRJ09,2026-06-18,5.9,True
EMP009,Rohan Walker,Strategy,PRJ09,2026-06-18,0.3,False
EMP009,Rohan Walker,Strategy,PRJ09,2026-06-19,6.8,True
EMP009,Rohan Walker,Strategy,PRJ09,2026-06-19,1.2,False
EMP009,Rohan Walker,Strategy,PRJ09,2026-06-22,4.2,True
EMP009,Rohan Walker,Strategy,PRJ09,2026-06-22,2.0,False
EMP009,Rohan Walker,Strategy,PRJ09,2026-06-23,4.4,True
EMP009,Rohan Walker,Strategy,PRJ09,2026-06-23,1.2,False
EMP009,Rohan Walker,Strategy,PRJ09,2026-06-24,5.3,True
EMP009,Rohan Walker,Strategy,PRJ09,2026-06-24,1.7,False
EMP009,Rohan Walker,Strategy,PRJ09,2026-06-25,6.8,True
EMP009,Rohan Walker,Strategy,PRJ09,2026-06-25,1.3,False
EMP009,Rohan Walker,Strategy,PRJ09,2026-06-26,5.9,True
EMP009,Rohan Walker,Strategy,PRJ09,2026-06-26,2.1,False
EMP009,Rohan Walker,Strategy,PRJ09,2026-06-29,6.0,True
EMP009,Rohan Walker,Strategy,PRJ09,2026-06-29,0.5,False
EMP009,Rohan Walker,Strategy,PRJ09,2026-06-30,5.6,True
EMP009,Rohan Walker,Strategy,PRJ09,2026-06-30,2.6,False
EMP009,Rohan Walker,Strategy,PRJ09,2026-07-01,6.2,True
EMP009,Rohan Walker,Strategy,PRJ09,2026-07-01,1.3,False
EMP009,Rohan Walker,Strategy,PRJ09,2026-07-02,4.3,True
EMP009,Rohan Walker,Strategy,PRJ09,2026-07-02,1.8,False
EMP009,Rohan Walker,Strategy,PRJ09,2026-07-03,4.5,True
EMP009,Rohan Walker,Strategy,PRJ09,2026-07-03,1.3,False
EMP009,Rohan Walker,Strategy,PRJ09,2026-07-06,5.0,True
EMP009,Rohan Walker,Strategy,PRJ09,2026-07-06,1.8,False
EMP009,Rohan Walker,Strategy,PRJ09,2026-07-08,4.3,True
EMP009,Rohan Walker,Strategy,PRJ09,2026-07-08,2.1,False
EMP009,Rohan Walker,Strategy,PRJ09,2026-07-09,5.9,True
EMP009,Rohan Walker,Strategy,PRJ09,2026-07-09,1.1,False
EMP009,Rohan Walker,Strategy,PRJ09,2026-07-10,5.0,True
EMP009,Rohan Walker,Strategy,PRJ09,2026-07-10,1.6,False
EMP009,Rohan Walker,Strategy,PRJ09,2026-07-13,5.0,True
EMP009,Rohan Walker,Strategy,PRJ09,2026-07-13,1.9,False
EMP009,Rohan Walker,Strategy,PRJ09,2026-07-14,5.2,True
EMP009,Rohan Walker,Strategy,PRJ09,2026-07-14,2.4,False
EMP009,Rohan Walker,Strategy,PRJ09,2026-07-15,5.6,True
EMP009,Rohan Walker,Strategy,PRJ09,2026-07-15,2.2,False
EMP009,Rohan Walker,Strategy,PRJ09,2026-07-16,5.5,True
EMP009,Rohan Walker,Strategy,PRJ09,2026-07-16,1.3,False
EMP009,Rohan Walker,Strategy,PRJ09,2026-07-17,4.9,True
EMP009,Rohan Walker,Strategy,PRJ09,2026-07-17,1.5,False
EMP009,Rohan Walker,Strategy,PRJ09,2026-07-20,6.7,True
EMP009,Rohan Walker,Strategy,PRJ09,2026-07-20,1.2,False
EMP009,Rohan Walker,Strategy,PRJ09,2026-07-21,5.7,True
EMP009,Rohan Walker,Strategy,PRJ09,2026-07-21,0.3,False
EMP009,Rohan Walker,Strategy,PRJ09,2026-07-22,6.4,True
EMP009,Rohan Walker,Strategy,PRJ09,2026-07-22,0.4,False
EMP009,Rohan Walker,Strategy,PRJ09,2026-07-23,4.9,True
EMP009,Rohan Walker,Strategy,PRJ09,2026-07-23,1.0,False
EMP009,Rohan Walker,Strategy,PRJ09,2026-07-24,4.4,True
EMP009,Rohan Walker,Strategy,PRJ09,2026-07-24,1.3,False
EMP009,Rohan Walker,Strategy,PRJ09,2026-07-27,6.6,True
EMP009,Rohan Walker,Strategy,PRJ09,2026-07-27,0.5,False
EMP009,Rohan Walker,Strategy,PRJ09,2026-07-28,5.5,True
EMP009,Rohan Walker,Strategy,PRJ09,2026-07-28,1.6,False
EMP009,Rohan Walker,Strategy,PRJ09,2026-07-29,6.8,True
EMP009,Rohan Walker,Strategy,PRJ09,2026-07-29,0.4,False
EMP009,Rohan Walker,Strategy,PRJ09,2026-07-30,4.3,True
EMP009,Rohan Walker,Strategy,PRJ09,2026-07-30,1.5,False
EMP009,Rohan Walker,Strategy,PRJ09,2026-07-31,6.2,True
EMP009,Rohan Walker,Strategy,PRJ09,2026-07-31,1.3,False
EMP009,Rohan Walker,Strategy,PRJ09,2026-08-03,4.9,True
EMP009,Rohan Walker,Strategy,PRJ09,2026-08-03,1.0,False
EMP009,Rohan Walker,Strategy,PRJ09,2026-08-04,4.7,True
EMP009,Rohan Walker,Strategy,PRJ09,2026-08-04,1.8,False
EMP009,Rohan Walker,Strategy,PRJ09,2026-08-05,5.0,True
EMP009,Rohan Walker,Strategy,PRJ09,2026-08-05,0.6,False
EMP009,Rohan Walker,Strategy,PRJ09,2026-08-06,6.9,True
EMP009,Rohan Walker,Strategy,PRJ09,2026-08-06,1.2,False
EMP009,Rohan Walker,Strategy,PRJ09,2026-08-07,6.1,True
EMP009,Rohan Walker,Strategy,PRJ09,2026-08-07,0.7,False
EMP009,Rohan Walker,Strategy,PRJ09,2026-08-10,4.5,True
EMP009,Rohan Walker,Strategy,PRJ09,2026-08-10,1.3,False
EMP009,Rohan Walker,Strategy,PRJ09,2026-08-11,7.3,True
EMP009,Rohan Walker,Strategy,PRJ09,2026-08-11,0.8,False
EMP009,Rohan Walker,Strategy,PRJ09,2026-08-12,5.9,True
EMP009,Rohan Walker,Strategy,PRJ09,2026-08-12,0.8,False
EMP009,Rohan Walker,Strategy,PRJ09,2026-08-13,4.1,True
EMP009,Rohan Walker,Strategy,PRJ09,2026-08-13,2.0,False
EMP009,Rohan Walker,Strategy,PRJ09,2026-08-14,5.6,True
EMP009,Rohan Walker,Strategy,PRJ09,2026-08-14,2.0,False
EMP009,Rohan Walker,Strategy,PRJ09,2026-08-17,3.9,True
EMP009,Rohan Walker,Strategy,PRJ09,2026-08-17,2.0,False
EMP009,Rohan Walker,Strategy,PRJ09,2026-08-18,6.7,True
EMP009,Rohan Walker,Strategy,PRJ09,2026-08-18,1.7,False
EMP009,Rohan Walker,Strategy,PRJ09,2026-08-19,5.7,True
EMP009,Rohan Walker,Strategy,PRJ09,2026-08-19,0.6,False
EMP009,Rohan Walker,Strategy,PRJ09,2026-08-20,4.9,True
EMP009,Rohan Walker,Strategy,PRJ09,2026-08-20,1.1,False
EMP009,Rohan Walker,Strategy,PRJ09,2026-08-21,5.5,True
EMP009,Rohan Walker,Strategy,PRJ09,2026-08-21,2.0,False
EMP009,Rohan Walker,Strategy,PRJ09,2026-08-24,7.2,True
EMP009,Rohan Walker,Strategy,PRJ09,2026-08-24,1.2,False
EMP009,Rohan Walker,Strategy,PRJ09,2026-08-25,4.8,True
EMP009,Rohan Walker,Strategy,PRJ09,2026-08-25,2.5,False
EMP009,Rohan Walker,Strategy,PRJ09,2026-08-26,6.6,True
EMP009,Rohan Walker,Strategy,PRJ09,2026-08-26,1.0,False
EMP009,Rohan Walker,Strategy,PRJ09,2026-08-27,4.7,True
EMP009,Rohan Walker,Strategy,PRJ09,2026-08-27,1.8,False
EMP009,Rohan Walker,Strategy,PRJ09,2026-08-28,6.1,True
EMP009,Rohan Walker,Strategy,PRJ09,2026-08-28,1.3,False
EMP009,Rohan Walker,Strategy,PRJ09,2026-08-31,6.1,True
EMP009,Rohan Walker,Strategy,PRJ09,2026-08-31,1.9,False
EMP010,Daniel Iyer,Design,PRJ07,2026-06-01,4.3,True
EMP010,Daniel Iyer,Design,PRJ07,2026-06-01,4.2,False
EMP010,Daniel Iyer,Design,PRJ01,2026-06-02,3.5,True
EMP010,Daniel Iyer,Design,PRJ01,2026-06-02,4.7,False
EMP010,Daniel Iyer,Design,PRJ06,2026-06-03,3.2,True
EMP010,Daniel Iyer,Design,PRJ06,2026-06-03,2.5,False
EMP010,Daniel Iyer,Design,PRJ07,2026-06-04,2.1,True
EMP010,Daniel Iyer,Design,PRJ07,2026-06-04,3.8,False
EMP010,Daniel Iyer,Design,PRJ01,2026-06-05,3.0,True
EMP010,Daniel Iyer,Design,PRJ01,2026-06-05,3.8,False
EMP010,Daniel Iyer,Design,PRJ06,2026-06-08,3.4,True
EMP010,Daniel Iyer,Design,PRJ06,2026-06-08,4.5,False
EMP010,Daniel Iyer,Design,PRJ06,2026-06-09,4.6,True
EMP010,Daniel Iyer,Design,PRJ06,2026-06-09,3.3,False
EMP010,Daniel Iyer,Design,PRJ06,2026-06-10,3.1,True
EMP010,Daniel Iyer,Design,PRJ06,2026-06-10,2.9,False
EMP010,Daniel Iyer,Design,PRJ06,2026-06-11,2.4,True
EMP010,Daniel Iyer,Design,PRJ06,2026-06-11,3.5,False
EMP010,Daniel Iyer,Design,PRJ01,2026-06-12,3.3,True
EMP010,Daniel Iyer,Design,PRJ01,2026-06-12,4.2,False
EMP010,Daniel Iyer,Design,PRJ07,2026-06-15,3.7,True
EMP010,Daniel Iyer,Design,PRJ07,2026-06-15,4.4,False
EMP010,Daniel Iyer,Design,PRJ01,2026-06-16,2.6,True
EMP010,Daniel Iyer,Design,PRJ01,2026-06-16,4.3,False
EMP010,Daniel Iyer,Design,PRJ01,2026-06-17,3.1,True
EMP010,Daniel Iyer,Design,PRJ01,2026-06-17,5.2,False
EMP010,Daniel Iyer,Design,PRJ01,2026-06-18,2.8,True
EMP010,Daniel Iyer,Design,PRJ01,2026-06-18,3.8,False
EMP010,Daniel Iyer,Design,PRJ06,2026-06-19,3.7,True
EMP010,Daniel Iyer,Design,PRJ06,2026-06-19,4.8,False
EMP010,Daniel Iyer,Design,PRJ01,2026-06-22,3.3,True
EMP010,Daniel Iyer,Design,PRJ01,2026-06-22,2.6,False
EMP010,Daniel Iyer,Design,PRJ06,2026-06-23,2.9,True
EMP010,Daniel Iyer,Design,PRJ06,2026-06-23,4.5,False
EMP010,Daniel Iyer,Design,PRJ06,2026-06-24,3.3,True
EMP010,Daniel Iyer,Design,PRJ06,2026-06-24,2.8,False
EMP010,Daniel Iyer,Design,PRJ06,2026-06-25,2.9,True
EMP010,Daniel Iyer,Design,PRJ06,2026-06-25,4.9,False
EMP010,Daniel Iyer,Design,PRJ01,2026-06-26,3.2,True
EMP010,Daniel Iyer,Design,PRJ01,2026-06-26,3.6,False
EMP010,Daniel Iyer,Design,PRJ07,2026-06-29,2.3,True
EMP010,Daniel Iyer,Design,PRJ07,2026-06-29,4.3,False
EMP010,Daniel Iyer,Design,PRJ06,2026-06-30,2.0,True
EMP010,Daniel Iyer,Design,PRJ06,2026-06-30,3.6,False
EMP010,Daniel Iyer,Design,PRJ07,2026-07-01,2.5,True
EMP010,Daniel Iyer,Design,PRJ07,2026-07-01,4.0,False
EMP010,Daniel Iyer,Design,PRJ07,2026-07-02,2.1,True
EMP010,Daniel Iyer,Design,PRJ07,2026-07-02,3.6,False
EMP010,Daniel Iyer,Design,PRJ06,2026-07-03,3.3,True
EMP010,Daniel Iyer,Design,PRJ06,2026-07-03,3.8,False
EMP010,Daniel Iyer,Design,PRJ01,2026-07-06,3.6,True
EMP010,Daniel Iyer,Design,PRJ01,2026-07-06,4.6,False
EMP010,Daniel Iyer,Design,PRJ01,2026-07-07,2.8,True
EMP010,Daniel Iyer,Design,PRJ01,2026-07-07,5.1,False
EMP010,Daniel Iyer,Design,PRJ01,2026-07-08,3.8,True
EMP010,Daniel Iyer,Design,PRJ01,2026-07-08,3.9,False
EMP010,Daniel Iyer,Design,PRJ06,2026-07-09,3.5,True
EMP010,Daniel Iyer,Design,PRJ06,2026-07-09,4.4,False
EMP010,Daniel Iyer,Design,PRJ06,2026-07-10,3.4,True
EMP010,Daniel Iyer,Design,PRJ06,2026-07-10,2.2,False
EMP010,Daniel Iyer,Design,PRJ07,2026-07-13,2.1,True
EMP010,Daniel Iyer,Design,PRJ07,2026-07-13,3.5,False
EMP010,Daniel Iyer,Design,PRJ06,2026-07-14,2.7,True
EMP010,Daniel Iyer,Design,PRJ06,2026-07-14,4.2,False
EMP010,Daniel Iyer,Design,PRJ06,2026-07-16,2.8,True
EMP010,Daniel Iyer,Design,PRJ06,2026-07-16,3.0,False
EMP010,Daniel Iyer,Design,PRJ06,2026-07-17,3.0,True
EMP010,Daniel Iyer,Design,PRJ06,2026-07-17,5.0,False
EMP010,Daniel Iyer,Design,PRJ06,2026-07-20,3.7,True
EMP010,Daniel Iyer,Design,PRJ06,2026-07-20,4.2,False
EMP010,Daniel Iyer,Design,PRJ06,2026-07-21,2.8,True
EMP010,Daniel Iyer,Design,PRJ06,2026-07-21,4.3,False
EMP010,Daniel Iyer,Design,PRJ06,2026-07-22,4.1,True
EMP010,Daniel Iyer,Design,PRJ06,2026-07-22,3.0,False
EMP010,Daniel Iyer,Design,PRJ01,2026-07-23,2.8,True
EMP010,Daniel Iyer,Design,PRJ01,2026-07-23,2.7,False
EMP010,Daniel Iyer,Design,PRJ06,2026-07-24,2.2,True
EMP010,Daniel Iyer,Design,PRJ06,2026-07-24,3.7,False
EMP010,Daniel Iyer,Design,PRJ07,2026-07-27,4.2,True
EMP010,Daniel Iyer,Design,PRJ07,2026-07-27,4.0,False
EMP010,Daniel Iyer,Design,PRJ01,2026-07-28,2.6,True
EMP010,Daniel Iyer,Design,PRJ01,2026-07-28,4.3,False
EMP010,Daniel Iyer,Design,PRJ07,2026-07-29,3.4,True
EMP010,Daniel Iyer,Design,PRJ07,2026-07-29,3.2,False
EMP010,Daniel Iyer,Design,PRJ01,2026-07-30,2.8,True
EMP010,Daniel Iyer,Design,PRJ01,2026-07-30,5.0,False
EMP010,Daniel Iyer,Design,PRJ06,2026-07-31,3.0,True
EMP010,Daniel Iyer,Design,PRJ06,2026-07-31,3.6,False
EMP010,Daniel Iyer,Design,PRJ01,2026-08-03,2.9,True
EMP010,Daniel Iyer,Design,PRJ01,2026-08-03,3.7,False
EMP010,Daniel Iyer,Design,PRJ07,2026-08-04,2.8,True
EMP010,Daniel Iyer,Design,PRJ07,2026-08-04,3.5,False
EMP010,Daniel Iyer,Design,PRJ06,2026-08-05,3.0,True
EMP010,Daniel Iyer,Design,PRJ06,2026-08-05,4.9,False
EMP010,Daniel Iyer,Design,PRJ06,2026-08-06,3.0,True
EMP010,Daniel Iyer,Design,PRJ06,2026-08-06,5.0,False
EMP010,Daniel Iyer,Design,PRJ07,2026-08-07,3.4,True
EMP010,Daniel Iyer,Design,PRJ07,2026-08-07,3.4,False
EMP010,Daniel Iyer,Design,PRJ01,2026-08-10,4.3,True
EMP010,Daniel Iyer,Design,PRJ01,2026-08-10,3.8,False
EMP010,Daniel Iyer,Design,PRJ01,2026-08-11,3.8,True
EMP010,Daniel Iyer,Design,PRJ01,2026-08-11,4.4,False
EMP010,Daniel Iyer,Design,PRJ06,2026-08-12,3.9,True
EMP010,Daniel Iyer,Design,PRJ06,2026-08-12,3.7,False
EMP010,Daniel Iyer,Design,PRJ07,2026-08-13,4.3,True
EMP010,Daniel Iyer,Design,PRJ07,2026-08-13,4.1,False
EMP010,Daniel Iyer,Design,PRJ06,2026-08-14,3.4,True
EMP010,Daniel Iyer,Design,PRJ06,2026-08-14,4.0,False
EMP010,Daniel Iyer,Design,PRJ06,2026-08-17,3.3,True
EMP010,Daniel Iyer,Design,PRJ06,2026-08-17,4.2,False
EMP010,Daniel Iyer,Design,PRJ06,2026-08-18,3.2,True
EMP010,Daniel Iyer,Design,PRJ06,2026-08-18,2.3,False
EMP010,Daniel Iyer,Design,PRJ07,2026-08-19,3.0,True
EMP010,Daniel Iyer,Design,PRJ07,2026-08-19,5.1,False
EMP010,Daniel Iyer,Design,PRJ06,2026-08-20,3.0,True
EMP010,Daniel Iyer,Design,PRJ06,2026-08-20,3.3,False
EMP010,Daniel Iyer,Design,PRJ06,2026-08-21,2.9,True
EMP010,Daniel Iyer,Design,PRJ06,2026-08-21,3.3,False
EMP010,Daniel Iyer,Design,PRJ07,2026-08-24,2.6,True
EMP010,Daniel Iyer,Design,PRJ07,2026-08-24,4.2,False
EMP010,Daniel Iyer,Design,PRJ01,2026-08-26,2.7,True
EMP010,Daniel Iyer,Design,PRJ01,2026-08-26,2.9,False
EMP010,Daniel Iyer,Design,PRJ06,2026-08-27,4.2,True
EMP010,Daniel Iyer,Design,PRJ06,2026-08-27,3.2,False
EMP010,Daniel Iyer,Design,PRJ01,2026-08-28,3.7,True
EMP010,Daniel Iyer,Design,PRJ01,2026-08-28,4.7,False
EMP010,Daniel Iyer,Design,PRJ06,2026-08-31,3.5,True
EMP010,Daniel Iyer,Design,PRJ06,2026-08-31,3.0,False
EMP011,Rahul Lewis,Engineering,PRJ04,2026-06-01,5.1,
EMP011,Rahul Lewis,Engineering,PRJ04,2026-06-01,0.7,False
EMP011,Rahul Lewis,Engineering,PRJ04,2026-06-02,6.6,True
EMP011,Rahul Lewis,Engineering,PRJ04,2026-06-02,0.8,False
EMP011,Rahul Lewis,Engineering,PRJ04,2026-06-03,4.2,True
EMP011,Rahul Lewis,Engineering,PRJ04,2026-06-03,1.8,False
EMP011,Rahul Lewis,Engineering,PRJ04,2026-06-04,5.7,True
EMP011,Rahul Lewis,Engineering,PRJ04,2026-06-04,0.4,False
EMP011,Rahul Lewis,Engineering,PRJ04,2026-06-05,4.6,True
EMP011,Rahul Lewis,Engineering,PRJ04,2026-06-05,1.5,False
EMP011,Rahul Lewis,Engineering,PRJ04,2026-06-08,5.2,True
EMP011,Rahul Lewis,Engineering,PRJ04,2026-06-08,2.3,False
EMP011,Rahul Lewis,Engineering,PRJ04,2026-06-09,6.6,True
EMP011,Rahul Lewis,Engineering,PRJ04,2026-06-09,0.4,False
EMP011,Rahul Lewis,Engineering,PRJ04,2026-06-10,7.5,True
EMP011,Rahul Lewis,Engineering,PRJ04,2026-06-10,0.8,False
EMP011,Rahul Lewis,Engineering,PRJ04,2026-06-11,7.0,True
EMP011,Rahul Lewis,Engineering,PRJ04,2026-06-11,1.2,False
EMP011,Rahul Lewis,Engineering,PRJ04,2026-06-12,5.6,True
EMP011,Rahul Lewis,Engineering,PRJ04,2026-06-12,1.1,False
EMP011,Rahul Lewis,Engineering,PRJ04,2026-06-15,7.8,True
EMP011,Rahul Lewis,Engineering,PRJ04,2026-06-15,0.6,False
EMP011,Rahul Lewis,Engineering,PRJ04,2026-06-16,6.6,True
EMP011,Rahul Lewis,Engineering,PRJ04,2026-06-16,1.8,False
EMP011,Rahul Lewis,Engineering,PRJ04,2026-06-17,6.6,True
EMP011,Rahul Lewis,Engineering,PRJ04,2026-06-17,1.6,False
EMP011,Rahul Lewis,Engineering,PRJ04,2026-06-18,5.3,True
EMP011,Rahul Lewis,Engineering,PRJ04,2026-06-18,2.1,False
EMP011,Rahul Lewis,Engineering,PRJ04,2026-06-19,5.1,True
EMP011,Rahul Lewis,Engineering,PRJ04,2026-06-19,0.8,False
EMP011,Rahul Lewis,Engineering,PRJ04,2026-06-22,4.5,True
EMP011,Rahul Lewis,Engineering,PRJ04,2026-06-22,2.0,False
EMP011,Rahul Lewis,Engineering,PRJ04,2026-06-23,7.2,True
EMP011,Rahul Lewis,Engineering,PRJ04,2026-06-23,1.1,False
EMP011,Rahul Lewis,Engineering,PRJ04,2026-06-24,3.8,True
EMP011,Rahul Lewis,Engineering,PRJ04,2026-06-24,1.7,False
EMP011,Rahul Lewis,Engineering,PRJ04,2026-06-25,5.3,True
EMP011,Rahul Lewis,Engineering,PRJ04,2026-06-25,0.8,False
EMP011,Rahul Lewis,Engineering,PRJ04,2026-06-26,3.9,True
EMP011,Rahul Lewis,Engineering,PRJ04,2026-06-26,2.0,False
EMP011,Rahul Lewis,Engineering,PRJ04,2026-06-29,5.2,True
EMP011,Rahul Lewis,Engineering,PRJ04,2026-06-29,1.4,False
EMP011,Rahul Lewis,Engineering,PRJ04,2026-06-30,5.5,True
EMP011,Rahul Lewis,Engineering,PRJ04,2026-06-30,0.7,False
EMP011,Rahul Lewis,Engineering,PRJ04,2026-07-01,5.1,True
EMP011,Rahul Lewis,Engineering,PRJ04,2026-07-01,1.5,False
EMP011,Rahul Lewis,Engineering,PRJ04,2026-07-02,5.5,True
EMP011,Rahul Lewis,Engineering,PRJ04,2026-07-02,2.2,False
EMP011,Rahul Lewis,Engineering,PRJ04,2026-07-03,6.4,True
EMP011,Rahul Lewis,Engineering,PRJ04,2026-07-03,1.2,False
EMP011,Rahul Lewis,Engineering,PRJ04,2026-07-06,4.5,True
EMP011,Rahul Lewis,Engineering,PRJ04,2026-07-06,1.9,False
EMP011,Rahul Lewis,Engineering,PRJ04,2026-07-07,5.3,True
EMP011,Rahul Lewis,Engineering,PRJ04,2026-07-07,1.7,False
EMP011,Rahul Lewis,Engineering,PRJ04,2026-07-08,5.4,True
EMP011,Rahul Lewis,Engineering,PRJ04,2026-07-08,0.6,False
EMP011,Rahul Lewis,Engineering,PRJ04,2026-07-09,4.2,True
EMP011,Rahul Lewis,Engineering,PRJ04,2026-07-09,1.8,False
EMP011,Rahul Lewis,Engineering,PRJ04,2026-07-10,6.7,True
EMP011,Rahul Lewis,Engineering,PRJ04,2026-07-10,0.7,False
EMP011,Rahul Lewis,Engineering,PRJ04,2026-07-13,5.8,True
EMP011,Rahul Lewis,Engineering,PRJ04,2026-07-13,0.8,False
EMP011,Rahul Lewis,Engineering,PRJ04,2026-07-14,6.3,True
EMP011,Rahul Lewis,Engineering,PRJ04,2026-07-14,0.8,False
EMP011,Rahul Lewis,Engineering,PRJ04,2026-07-15,4.2,True
EMP011,Rahul Lewis,Engineering,PRJ04,2026-07-15,1.6,False
EMP011,Rahul Lewis,Engineering,PRJ04,2026-07-16,6.0,True
EMP011,Rahul Lewis,Engineering,PRJ04,2026-07-16,0.4,False
EMP011,Rahul Lewis,Engineering,PRJ04,2026-07-17,5.5,True
EMP011,Rahul Lewis,Engineering,PRJ04,2026-07-17,2.9,False
EMP011,Rahul Lewis,Engineering,PRJ04,2026-07-20,6.1,True
EMP011,Rahul Lewis,Engineering,PRJ04,2026-07-20,1.2,False
EMP011,Rahul Lewis,Engineering,PRJ04,2026-07-21,7.7,True
EMP011,Rahul Lewis,Engineering,PRJ04,2026-07-21,0.5,False
EMP011,Rahul Lewis,Engineering,PRJ04,2026-07-22,4.5,True
EMP011,Rahul Lewis,Engineering,PRJ04,2026-07-22,1.1,False
EMP011,Rahul Lewis,Engineering,PRJ04,2026-07-23,5.2,True
EMP011,Rahul Lewis,Engineering,PRJ04,2026-07-23,1.8,False
EMP011,Rahul Lewis,Engineering,PRJ04,2026-07-24,5.5,True
EMP011,Rahul Lewis,Engineering,PRJ04,2026-07-24,0.3,False
EMP011,Rahul Lewis,Engineering,PRJ04,2026-07-27,5.3,True
EMP011,Rahul Lewis,Engineering,PRJ04,2026-07-27,2.1,False
EMP011,Rahul Lewis,Engineering,PRJ04,2026-07-28,7.3,True
EMP011,Rahul Lewis,Engineering,PRJ04,2026-07-28,0.7,False
EMP011,Rahul Lewis,Engineering,PRJ04,2026-07-29,5.4,True
EMP011,Rahul Lewis,Engineering,PRJ04,2026-07-29,2.3,False
EMP011,Rahul Lewis,Engineering,PRJ04,2026-07-31,4.4,True
EMP011,Rahul Lewis,Engineering,PRJ04,2026-07-31,1.6,False
EMP011,Rahul Lewis,Engineering,PRJ04,2026-08-03,4.8,True
EMP011,Rahul Lewis,Engineering,PRJ04,2026-08-03,1.5,False
EMP011,Rahul Lewis,Engineering,PRJ04,2026-08-05,6.0,True
EMP011,Rahul Lewis,Engineering,PRJ04,2026-08-05,1.1,False
EMP011,Rahul Lewis,Engineering,PRJ04,2026-08-06,5.1,True
EMP011,Rahul Lewis,Engineering,PRJ04,2026-08-06,2.5,False
EMP011,Rahul Lewis,Engineering,PRJ04,2026-08-07,5.4,True
EMP011,Rahul Lewis,Engineering,PRJ04,2026-08-07,1.9,False
EMP011,Rahul Lewis,Engineering,PRJ04,2026-08-10,3.9,True
EMP011,Rahul Lewis,Engineering,PRJ04,2026-08-10,1.7,False
EMP011,Rahul Lewis,Engineering,PRJ04,2026-08-11,6.4,True
EMP011,Rahul Lewis,Engineering,PRJ04,2026-08-11,1.5,False
EMP011,Rahul Lewis,Engineering,PRJ04,2026-08-12,7.6,True
EMP011,Rahul Lewis,Engineering,PRJ04,2026-08-12,0.8,False
EMP011,Rahul Lewis,Engineering,PRJ04,2026-08-14,3.9,True
EMP011,Rahul Lewis,Engineering,PRJ04,2026-08-14,2.0,False
EMP011,Rahul Lewis,Engineering,PRJ04,2026-08-17,5.6,True
EMP011,Rahul Lewis,Engineering,PRJ04,2026-08-17,0.8,False
EMP011,Rahul Lewis,Engineering,PRJ04,2026-08-18,5.6,True
EMP011,Rahul Lewis,Engineering,PRJ04,2026-08-18,2.5,False
EMP011,Rahul Lewis,Engineering,PRJ04,2026-08-19,4.3,True
EMP011,Rahul Lewis,Engineering,PRJ04,2026-08-19,1.8,False
EMP011,Rahul Lewis,Engineering,PRJ04,2026-08-20,6.7,True
EMP011,Rahul Lewis,Engineering,PRJ04,2026-08-20,1.8,False
EMP011,Rahul Lewis,Engineering,PRJ04,2026-08-21,5.0,True
EMP011,Rahul Lewis,Engineering,PRJ04,2026-08-21,0.8,False
EMP011,Rahul Lewis,Engineering,PRJ04,2026-08-24,5.4,True
EMP011,Rahul Lewis,Engineering,PRJ04,2026-08-24,2.1,False
EMP011,Rahul Lewis,Engineering,PRJ04,2026-08-25,5.1,True
EMP011,Rahul Lewis,Engineering,PRJ04,2026-08-25,1.4,False
EMP011,Rahul Lewis,Engineering,PRJ04,2026-08-26,6.4,True
EMP011,Rahul Lewis,Engineering,PRJ04,2026-08-26,0.8,False
EMP011,Rahul Lewis,Engineering,PRJ04,2026-08-27,6.8,True
EMP011,Rahul Lewis,Engineering,PRJ04,2026-08-27,1.1,False
EMP011,Rahul Lewis,Engineering,PRJ04,2026-08-28,5.6,True
EMP011,Rahul Lewis,Engineering,PRJ04,2026-08-28,1.9,False
EMP011,Rahul Lewis,Engineering,PRJ04,2026-08-31,5.2,True
EMP011,Rahul Lewis,Engineering,PRJ04,2026-08-31,1.2,False
EMP012,Neha Wright,Strategy,PRJ07,2026-06-01,4.6,True
EMP012,Neha Wright,Strategy,PRJ07,2026-06-01,3.4,False
EMP012,Neha Wright,Strategy,PRJ07,2026-06-02,2.1,True
EMP012,Neha Wright,Strategy,PRJ07,2026-06-02,3.6,False
EMP012,Neha Wright,Strategy,PRJ01,2026-06-03,3.9,True
EMP012,Neha Wright,Strategy,PRJ01,2026-06-03,4.0,False
EMP012,Neha Wright,Strategy,PRJ01,2026-06-05,4.0,True
EMP012,Neha Wright,Strategy,PRJ01,2026-06-05,4.2,False
EMP012,Neha Wright,Strategy,PRJ01,2026-06-08,3.4,True
EMP012,Neha Wright,Strategy,PRJ01,2026-06-08,2.8,False
EMP012,Neha Wright,Strategy,PRJ09,2026-06-09,2.6,True
EMP012,Neha Wright,Strategy,PRJ09,2026-06-09,4.4,False
EMP012,Neha Wright,Strategy,PRJ01,2026-06-10,4.4,True
EMP012,Neha Wright,Strategy,PRJ01,2026-06-10,3.6,False
EMP012,Neha Wright,Strategy,PRJ01,2026-06-11,2.3,True
EMP012,Neha Wright,Strategy,PRJ01,2026-06-11,3.6,False
EMP012,Neha Wright,Strategy,PRJ09,2026-06-12,4.5,True
EMP012,Neha Wright,Strategy,PRJ09,2026-06-12,3.9,False
EMP012,Neha Wright,Strategy,PRJ09,2026-06-15,3.2,True
EMP012,Neha Wright,Strategy,PRJ09,2026-06-15,4.6,False
EMP012,Neha Wright,Strategy,PRJ09,2026-06-16,3.5,True
EMP012,Neha Wright,Strategy,PRJ09,2026-06-16,2.6,False
EMP012,Neha Wright,Strategy,PRJ01,2026-06-17,2.9,True
EMP012,Neha Wright,Strategy,PRJ01,2026-06-17,5.2,False
EMP012,Neha Wright,Strategy,PRJ01,2026-06-18,4.0,True
EMP012,Neha Wright,Strategy,PRJ01,2026-06-18,3.1,False
EMP012,Neha Wright,Strategy,PRJ09,2026-06-19,3.1,True
EMP012,Neha Wright,Strategy,PRJ09,2026-06-19,2.9,False
EMP012,Neha Wright,Strategy,PRJ07,2026-06-22,2.4,True
EMP012,Neha Wright,Strategy,PRJ07,2026-06-22,3.3,False
EMP012,Neha Wright,Strategy,PRJ09,2026-06-23,3.8,True
EMP012,Neha Wright,Strategy,PRJ09,2026-06-23,4.3,False
EMP012,Neha Wright,Strategy,PRJ01,2026-06-25,2.8,True
EMP012,Neha Wright,Strategy,PRJ01,2026-06-25,4.0,False
EMP012,Neha Wright,Strategy,PRJ01,2026-06-26,2.7,True
EMP012,Neha Wright,Strategy,PRJ01,2026-06-26,3.4,False
EMP012,Neha Wright,Strategy,PRJ07,2026-06-29,2.9,True
EMP012,Neha Wright,Strategy,PRJ07,2026-06-29,3.8,False
EMP012,Neha Wright,Strategy,PRJ09,2026-06-30,2.4,True
EMP012,Neha Wright,Strategy,PRJ09,2026-06-30,3.7,False
EMP012,Neha Wright,Strategy,PRJ01,2026-07-01,2.8,True
EMP012,Neha Wright,Strategy,PRJ01,2026-07-01,4.4,False
EMP012,Neha Wright,Strategy,PRJ07,2026-07-02,2.3,True
EMP012,Neha Wright,Strategy,PRJ07,2026-07-02,3.6,False
EMP012,Neha Wright,Strategy,PRJ01,2026-07-03,4.3,True
EMP012,Neha Wright,Strategy,PRJ01,2026-07-03,4.1,False
EMP012,Neha Wright,Strategy,PRJ01,2026-07-06,3.4,True
EMP012,Neha Wright,Strategy,PRJ01,2026-07-06,4.9,False
EMP012,Neha Wright,Strategy,PRJ01,2026-07-07,3.3,True
EMP012,Neha Wright,Strategy,PRJ01,2026-07-07,2.7,False
EMP012,Neha Wright,Strategy,PRJ01,2026-07-08,3.9,True
EMP012,Neha Wright,Strategy,PRJ01,2026-07-08,3.9,False
EMP012,Neha Wright,Strategy,PRJ01,2026-07-09,3.0,True
EMP012,Neha Wright,Strategy,PRJ01,2026-07-09,3.5,False
EMP012,Neha Wright,Strategy,PRJ01,2026-07-10,2.1,True
EMP012,Neha Wright,Strategy,PRJ01,2026-07-10,3.8,False
EMP012,Neha Wright,Strategy,PRJ07,2026-07-13,2.6,True
EMP012,Neha Wright,Strategy,PRJ07,2026-07-13,4.2,False
EMP012,Neha Wright,Strategy,PRJ01,2026-07-14,4.2,True
EMP012,Neha Wright,Strategy,PRJ01,2026-07-14,3.1,False
EMP012,Neha Wright,Strategy,PRJ01,2026-07-15,2.6,True
EMP012,Neha Wright,Strategy,PRJ01,2026-07-15,4.3,False
EMP012,Neha Wright,Strategy,PRJ09,2026-07-17,3.4,True
EMP012,Neha Wright,Strategy,PRJ09,2026-07-17,4.1,False
EMP012,Neha Wright,Strategy,PRJ09,2026-07-20,2.9,True
EMP012,Neha Wright,Strategy,PRJ09,2026-07-20,4.2,False
EMP012,Neha Wright,Strategy,PRJ01,2026-07-21,3.9,True
EMP012,Neha Wright,Strategy,PRJ01,2026-07-21,3.4,False
EMP012,Neha Wright,Strategy,PRJ07,2026-07-22,3.4,True
EMP012,Neha Wright,Strategy,PRJ07,2026-07-22,2.9,False
EMP012,Neha Wright,Strategy,PRJ01,2026-07-23,2.7,True
EMP012,Neha Wright,Strategy,PRJ01,2026-07-23,4.0,False
EMP012,Neha Wright,Strategy,PRJ07,2026-07-27,3.2,True
EMP012,Neha Wright,Strategy,PRJ07,2026-07-27,3.9,False
EMP012,Neha Wright,Strategy,PRJ01,2026-07-28,2.6,True
EMP012,Neha Wright,Strategy,PRJ01,2026-07-28,4.0,False
EMP012,Neha Wright,Strategy,PRJ01,2026-07-29,3.5,True
EMP012,Neha Wright,Strategy,PRJ01,2026-07-29,3.6,False
EMP012,Neha Wright,Strategy,PRJ01,2026-07-30,3.5,True
EMP012,Neha Wright,Strategy,PRJ01,2026-07-30,4.3,False
EMP012,Neha Wright,Strategy,PRJ09,2026-07-31,3.0,True
EMP012,Neha Wright,Strategy,PRJ09,2026-07-31,4.2,False
EMP012,Neha Wright,Strategy,PRJ01,2026-08-03,2.6,True
EMP012,Neha Wright,Strategy,PRJ01,2026-08-03,4.1,False
EMP012,Neha Wright,Strategy,PRJ07,2026-08-04,4.6,True
EMP012,Neha Wright,Strategy,PRJ07,2026-08-04,3.2,False
EMP012,Neha Wright,Strategy,PRJ01,2026-08-05,3.2,True
EMP012,Neha Wright,Strategy,PRJ01,2026-08-05,3.3,False
EMP012,Neha Wright,Strategy,PRJ07,2026-08-06,3.4,True
EMP012,Neha Wright,Strategy,PRJ07,2026-08-06,3.3,False
EMP012,Neha Wright,Strategy,PRJ09,2026-08-07,2.7,True
EMP012,Neha Wright,Strategy,PRJ09,2026-08-07,4.6,False
EMP012,Neha Wright,Strategy,PRJ09,2026-08-10,2.5,True
EMP012,Neha Wright,Strategy,PRJ09,2026-08-10,3.1,False
EMP012,Neha Wright,Strategy,PRJ07,2026-08-11,3.8,True
EMP012,Neha Wright,Strategy,PRJ07,2026-08-11,3.8,False
EMP012,Neha Wright,Strategy,PRJ01,2026-08-12,3.1,True
EMP012,Neha Wright,Strategy,PRJ01,2026-08-12,3.0,False
EMP012,Neha Wright,Strategy,PRJ07,2026-08-14,2.9,True
EMP012,Neha Wright,Strategy,PRJ07,2026-08-14,4.1,False
EMP012,Neha Wright,Strategy,PRJ07,2026-08-17,4.5,True
EMP012,Neha Wright,Strategy,PRJ07,2026-08-17,3.0,False
EMP012,Neha Wright,Strategy,PRJ01,2026-08-18,3.0,True
EMP012,Neha Wright,Strategy,PRJ01,2026-08-18,3.6,False
EMP012,Neha Wright,Strategy,PRJ01,2026-08-20,4.0,True
EMP012,Neha Wright,Strategy,PRJ01,2026-08-20,4.3,False
EMP012,Neha Wright,Strategy,PRJ09,2026-08-21,3.8,True
EMP012,Neha Wright,Strategy,PRJ09,2026-08-21,2.7,False
EMP012,Neha Wright,Strategy,PRJ07,2026-08-24,3.1,True
EMP012,Neha Wright,Strategy,PRJ07,2026-08-24,3.8,False
EMP012,Neha Wright,Strategy,PRJ09,2026-08-25,2.1,True
EMP012,Neha Wright,Strategy,PRJ09,2026-08-25,3.7,False
EMP012,Neha Wright,Strategy,PRJ01,2026-08-26,2.9,True
EMP012,Neha Wright,Strategy,PRJ01,2026-08-26,4.1,False
EMP012,Neha Wright,Strategy,PRJ01,2026-08-27,4.5,True
EMP012,Neha Wright,Strategy,PRJ01,2026-08-27,3.1,False
EMP012,Neha Wright,Strategy,PRJ01,2026-08-28,3.5,True
EMP012,Neha Wright,Strategy,PRJ01,2026-08-28,3.0,False
EMP012,Neha Wright,Strategy,PRJ07,2026-08-31,2.1,True
EMP012,Neha Wright,Strategy,PRJ07,2026-08-31,3.5,False
EMP013,Pooja Pillai,Design,PRJ03,2026-06-01,6.8,True
EMP013,Pooja Pillai,Design,PRJ03,2026-06-01,0.8,False
EMP013,Pooja Pillai,Design,PRJ05,2026-06-02,4.9,True
EMP013,Pooja Pillai,Design,PRJ05,2026-06-02,0.6,False
EMP013,Pooja Pillai,Design,PRJ07,2026-06-03,5.8,True
EMP013,Pooja Pillai,Design,PRJ07,2026-06-03,1.9,False
EMP013,Pooja Pillai,Design,PRJ03,2026-06-04,6.1,True
EMP013,Pooja Pillai,Design,PRJ03,2026-06-04,0.5,False
EMP013,Pooja Pillai,Design,PRJ07,2026-06-05,5.9,True
EMP013,Pooja Pillai,Design,PRJ07,2026-06-05,2.4,False
EMP013,Pooja Pillai,Design,PRJ05,2026-06-08,5.8,True
EMP013,Pooja Pillai,Design,PRJ05,2026-06-08,2.3,False
EMP013,Pooja Pillai,Design,PRJ05,2026-06-09,5.8,True
EMP013,Pooja Pillai,Design,PRJ05,2026-06-09,0.8,False
EMP013,Pooja Pillai,Design,PRJ07,2026-06-10,6.3,True
EMP013,Pooja Pillai,Design,PRJ07,2026-06-10,1.2,False
EMP013,Pooja Pillai,Design,PRJ07,2026-06-11,4.9,True
EMP013,Pooja Pillai,Design,PRJ07,2026-06-11,1.7,False
EMP013,Pooja Pillai,Design,PRJ03,2026-06-12,7.9,True
EMP013,Pooja Pillai,Design,PRJ03,2026-06-12,0.6,False
EMP013,Pooja Pillai,Design,PRJ03,2026-06-15,4.8,True
EMP013,Pooja Pillai,Design,PRJ03,2026-06-15,1.1,False
EMP013,Pooja Pillai,Design,PRJ07,2026-06-16,5.4,True
EMP013,Pooja Pillai,Design,PRJ07,2026-06-16,1.6,False
EMP013,Pooja Pillai,Design,PRJ03,2026-06-17,4.8,True
EMP013,Pooja Pillai,Design,PRJ03,2026-06-17,1.1,False
EMP013,Pooja Pillai,Design,PRJ07,2026-06-19,5.4,True
EMP013,Pooja Pillai,Design,PRJ07,2026-06-19,1.8,False
EMP013,Pooja Pillai,Design,PRJ07,2026-06-22,4.6,True
EMP013,Pooja Pillai,Design,PRJ07,2026-06-22,1.7,False
EMP013,Pooja Pillai,Design,PRJ03,2026-06-23,5.3,True
EMP013,Pooja Pillai,Design,PRJ03,2026-06-23,1.5,False
EMP013,Pooja Pillai,Design,PRJ07,2026-06-24,5.7,True
EMP013,Pooja Pillai,Design,PRJ07,2026-06-24,1.2,False
EMP013,Pooja Pillai,Design,PRJ07,2026-06-25,6.9,True
EMP013,Pooja Pillai,Design,PRJ07,2026-06-25,0.8,False
EMP013,Pooja Pillai,Design,PRJ05,2026-06-26,5.5,True
EMP013,Pooja Pillai,Design,PRJ05,2026-06-26,0.4,False
EMP013,Pooja Pillai,Design,PRJ07,2026-06-30,5.4,True
EMP013,Pooja Pillai,Design,PRJ07,2026-06-30,0.5,False
EMP013,Pooja Pillai,Design,PRJ07,2026-07-01,5.8,True
EMP013,Pooja Pillai,Design,PRJ07,2026-07-01,2.1,False
EMP013,Pooja Pillai,Design,PRJ05,2026-07-02,4.1,True
EMP013,Pooja Pillai,Design,PRJ05,2026-07-02,1.7,False
EMP013,Pooja Pillai,Design,PRJ03,2026-07-03,5.8,True
EMP013,Pooja Pillai,Design,PRJ03,2026-07-03,1.6,False
EMP013,Pooja Pillai,Design,PRJ03,2026-07-06,6.4,
EMP013,Pooja Pillai,Design,PRJ03,2026-07-06,0.8,False
EMP013,Pooja Pillai,Design,PRJ05,2026-07-07,7.6,True
EMP013,Pooja Pillai,Design,PRJ05,2026-07-07,0.5,False
EMP013,Pooja Pillai,Design,PRJ03,2026-07-08,6.7,True
EMP013,Pooja Pillai,Design,PRJ03,2026-07-08,0.4,False
EMP013,Pooja Pillai,Design,PRJ05,2026-07-09,6.1,True
EMP013,Pooja Pillai,Design,PRJ05,2026-07-09,0.9,False
EMP013,Pooja Pillai,Design,PRJ05,2026-07-10,5.1,True
EMP013,Pooja Pillai,Design,PRJ05,2026-07-10,2.3,False
EMP013,Pooja Pillai,Design,PRJ03,2026-07-13,5.7,True
EMP013,Pooja Pillai,Design,PRJ03,2026-07-13,1.1,False
EMP013,Pooja Pillai,Design,PRJ03,2026-07-14,4.3,True
EMP013,Pooja Pillai,Design,PRJ03,2026-07-14,1.7,False
EMP013,Pooja Pillai,Design,PRJ03,2026-07-15,5.6,True
EMP013,Pooja Pillai,Design,PRJ03,2026-07-15,1.7,False
EMP013,Pooja Pillai,Design,PRJ03,2026-07-16,6.2,True
EMP013,Pooja Pillai,Design,PRJ03,2026-07-16,1.5,False
EMP013,Pooja Pillai,Design,PRJ07,2026-07-17,4.9,True
EMP013,Pooja Pillai,Design,PRJ07,2026-07-17,0.7,False
EMP013,Pooja Pillai,Design,PRJ03,2026-07-20,5.5,True
EMP013,Pooja Pillai,Design,PRJ03,2026-07-20,2.2,False
EMP013,Pooja Pillai,Design,PRJ05,2026-07-21,6.6,True
EMP013,Pooja Pillai,Design,PRJ05,2026-07-21,1.5,False
EMP013,Pooja Pillai,Design,PRJ07,2026-07-22,5.8,True
EMP013,Pooja Pillai,Design,PRJ07,2026-07-22,2.7,False
EMP013,Pooja Pillai,Design,PRJ05,2026-07-23,6.1,True
EMP013,Pooja Pillai,Design,PRJ05,2026-07-23,2.1,False
EMP013,Pooja Pillai,Design,PRJ05,2026-07-24,4.8,True
EMP013,Pooja Pillai,Design,PRJ05,2026-07-24,1.1,False
EMP013,Pooja Pillai,Design,PRJ03,2026-07-27,6.1,True
EMP013,Pooja Pillai,Design,PRJ03,2026-07-27,2.0,False
EMP013,Pooja Pillai,Design,PRJ05,2026-07-28,6.8,True
EMP013,Pooja Pillai,Design,PRJ05,2026-07-28,1.5,False
EMP013,Pooja Pillai,Design,PRJ07,2026-07-29,5.0,True
EMP013,Pooja Pillai,Design,PRJ07,2026-07-29,1.0,False
EMP013,Pooja Pillai,Design,PRJ07,2026-07-30,5.7,True
EMP013,Pooja Pillai,Design,PRJ07,2026-07-30,1.1,False
EMP013,Pooja Pillai,Design,PRJ03,2026-07-31,6.3,True
EMP013,Pooja Pillai,Design,PRJ03,2026-07-31,0.8,False
EMP013,Pooja Pillai,Design,PRJ07,2026-08-03,3.9,True
EMP013,Pooja Pillai,Design,PRJ07,2026-08-03,2.1,False
EMP013,Pooja Pillai,Design,PRJ05,2026-08-04,5.1,True
EMP013,Pooja Pillai,Design,PRJ05,2026-08-04,1.4,False
EMP013,Pooja Pillai,Design,PRJ03,2026-08-05,5.8,True
EMP013,Pooja Pillai,Design,PRJ03,2026-08-05,2.0,False
EMP013,Pooja Pillai,Design,PRJ05,2026-08-06,6.4,True
EMP013,Pooja Pillai,Design,PRJ05,2026-08-06,1.5,False
EMP013,Pooja Pillai,Design,PRJ07,2026-08-07,4.7,True
EMP013,Pooja Pillai,Design,PRJ07,2026-08-07,2.0,False
EMP013,Pooja Pillai,Design,PRJ07,2026-08-10,4.2,True
EMP013,Pooja Pillai,Design,PRJ07,2026-08-10,2.0,False
EMP013,Pooja Pillai,Design,PRJ07,2026-08-11,7.3,True
EMP013,Pooja Pillai,Design,PRJ07,2026-08-11,0.9,False
EMP013,Pooja Pillai,Design,PRJ05,2026-08-12,5.2,True
EMP013,Pooja Pillai,Design,PRJ05,2026-08-12,1.9,False
EMP013,Pooja Pillai,Design,PRJ07,2026-08-13,5.4,True
EMP013,Pooja Pillai,Design,PRJ07,2026-08-13,1.0,False
EMP013,Pooja Pillai,Design,PRJ05,2026-08-14,5.2,True
EMP013,Pooja Pillai,Design,PRJ05,2026-08-14,1.8,False
EMP013,Pooja Pillai,Design,PRJ03,2026-08-17,4.2,True
EMP013,Pooja Pillai,Design,PRJ03,2026-08-17,1.9,False
EMP013,Pooja Pillai,Design,PRJ05,2026-08-18,3.7,True
EMP013,Pooja Pillai,Design,PRJ05,2026-08-18,1.8,False
EMP013,Pooja Pillai,Design,PRJ03,2026-08-19,5.7,True
EMP013,Pooja Pillai,Design,PRJ03,2026-08-19,0.7,False
EMP013,Pooja Pillai,Design,PRJ05,2026-08-20,5.9,True
EMP013,Pooja Pillai,Design,PRJ05,2026-08-20,0.6,False
EMP013,Pooja Pillai,Design,PRJ05,2026-08-21,4.5,True
EMP013,Pooja Pillai,Design,PRJ05,2026-08-21,1.2,False
EMP013,Pooja Pillai,Design,PRJ07,2026-08-24,4.3,True
EMP013,Pooja Pillai,Design,PRJ07,2026-08-24,2.3,False
EMP013,Pooja Pillai,Design,PRJ05,2026-08-25,5.9,True
EMP013,Pooja Pillai,Design,PRJ05,2026-08-25,0.9,False
EMP013,Pooja Pillai,Design,PRJ05,2026-08-26,4.9,True
EMP013,Pooja Pillai,Design,PRJ05,2026-08-26,0.9,False
EMP013,Pooja Pillai,Design,PRJ07,2026-08-27,4.8,True
EMP013,Pooja Pillai,Design,PRJ07,2026-08-27,1.6,False
EMP013,Pooja Pillai,Design,PRJ03,2026-08-28,4.9,True
EMP013,Pooja Pillai,Design,PRJ03,2026-08-28,2.2,False
EMP013,Pooja Pillai,Design,PRJ05,2026-08-31,7.5,True
EMP013,Pooja Pillai,Design,PRJ05,2026-08-31,0.7,False
EMP014,Emma Rao,Design,PRJ06,2026-06-01,4.9,True
EMP014,Emma Rao,Design,PRJ06,2026-06-01,0.6,False
EMP014,Emma Rao,Design,PRJ06,2026-06-02,6.9,True
EMP014,Emma Rao,Design,PRJ06,2026-06-02,1.5,False
EMP014,Emma Rao,Design,PRJ06,2026-06-03,5.7,True
EMP014,Emma Rao,Design,PRJ06,2026-06-03,2.1,False
EMP014,Emma Rao,Design,PRJ06,2026-06-04,7.9,True
EMP014,Emma Rao,Design,PRJ06,2026-06-04,0.4,False
EMP014,Emma Rao,Design,PRJ06,2026-06-05,6.7,True
EMP014,Emma Rao,Design,PRJ06,2026-06-05,0.9,False
EMP014,Emma Rao,Design,PRJ06,2026-06-08,6.1,True
EMP014,Emma Rao,Design,PRJ06,2026-06-08,1.1,False
EMP014,Emma Rao,Design,PRJ06,2026-06-09,5.2,True
EMP014,Emma Rao,Design,PRJ06,2026-06-09,0.9,False
EMP014,Emma Rao,Design,PRJ06,2026-06-10,4.8,True
EMP014,Emma Rao,Design,PRJ06,2026-06-10,0.8,False
EMP014,Emma Rao,Design,PRJ06,2026-06-11,5.9,True
EMP014,Emma Rao,Design,PRJ06,2026-06-11,1.3,False
EMP014,Emma Rao,Design,PRJ06,2026-06-12,7.4,True
EMP014,Emma Rao,Design,PRJ06,2026-06-12,0.6,False
EMP014,Emma Rao,Design,PRJ06,2026-06-15,4.7,True
EMP014,Emma Rao,Design,PRJ06,2026-06-15,1.7,False
EMP014,Emma Rao,Design,PRJ06,2026-06-16,6.1,True
EMP014,Emma Rao,Design,PRJ06,2026-06-16,0.9,False
EMP014,Emma Rao,Design,PRJ06,2026-06-17,5.5,True
EMP014,Emma Rao,Design,PRJ06,2026-06-17,1.9,False
EMP014,Emma Rao,Design,PRJ06,2026-06-18,5.4,True
EMP014,Emma Rao,Design,PRJ06,2026-06-18,1.3,False
EMP014,Emma Rao,Design,PRJ06,2026-06-19,4.9,True
EMP014,Emma Rao,Design,PRJ06,2026-06-19,1.4,False
EMP014,Emma Rao,Design,PRJ06,2026-06-22,5.1,True
EMP014,Emma Rao,Design,PRJ06,2026-06-22,0.6,False
EMP014,Emma Rao,Design,PRJ06,2026-06-24,4.0,True
EMP014,Emma Rao,Design,PRJ06,2026-06-24,2.1,False
EMP014,Emma Rao,Design,PRJ06,2026-06-25,5.5,True
EMP014,Emma Rao,Design,PRJ06,2026-06-25,2.1,False
EMP014,Emma Rao,Design,PRJ06,2026-06-26,5.1,True
EMP014,Emma Rao,Design,PRJ06,2026-06-26,0.4,False
EMP014,Emma Rao,Design,PRJ06,2026-06-29,5.8,True
EMP014,Emma Rao,Design,PRJ06,2026-06-29,1.1,False
EMP014,Emma Rao,Design,PRJ06,2026-06-30,5.1,True
EMP014,Emma Rao,Design,PRJ06,2026-06-30,1.6,False
EMP014,Emma Rao,Design,PRJ06,2026-07-01,3.8,True
EMP014,Emma Rao,Design,PRJ06,2026-07-01,1.8,False
EMP014,Emma Rao,Design,PRJ06,2026-07-02,4.8,True
EMP014,Emma Rao,Design,PRJ06,2026-07-02,2.3,False
EMP014,Emma Rao,Design,PRJ06,2026-07-03,5.1,True
EMP014,Emma Rao,Design,PRJ06,2026-07-03,2.0,False
EMP014,Emma Rao,Design,PRJ06,2026-07-06,6.8,True
EMP014,Emma Rao,Design,PRJ06,2026-07-06,0.9,False
EMP014,Emma Rao,Design,PRJ06,2026-07-07,4.6,True
EMP014,Emma Rao,Design,PRJ06,2026-07-07,2.2,False
EMP014,Emma Rao,Design,PRJ06,2026-07-08,6.1,True
EMP014,Emma Rao,Design,PRJ06,2026-07-08,1.4,False
EMP014,Emma Rao,Design,PRJ06,2026-07-09,6.8,True
EMP014,Emma Rao,Design,PRJ06,2026-07-09,0.4,False
EMP014,Emma Rao,Design,PRJ06,2026-07-10,6.0,True
EMP014,Emma Rao,Design,PRJ06,2026-07-10,2.0,False
EMP014,Emma Rao,Design,PRJ06,2026-07-13,7.2,True
EMP014,Emma Rao,Design,PRJ06,2026-07-13,0.6,False
EMP014,Emma Rao,Design,PRJ06,2026-07-14,5.5,True
EMP014,Emma Rao,Design,PRJ06,2026-07-14,2.9,False
EMP014,Emma Rao,Design,PRJ06,2026-07-15,6.7,
EMP014,Emma Rao,Design,PRJ06,2026-07-15,0.4,False
EMP014,Emma Rao,Design,PRJ06,2026-07-16,4.5,True
EMP014,Emma Rao,Design,PRJ06,2026-07-16,1.6,False
EMP014,Emma Rao,Design,PRJ06,2026-07-17,5.9,True
EMP014,Emma Rao,Design,PRJ06,2026-07-17,1.3,False
EMP014,Emma Rao,Design,PRJ06,2026-07-20,4.5,True
EMP014,Emma Rao,Design,PRJ06,2026-07-20,1.4,False
EMP014,Emma Rao,Design,PRJ06,2026-07-21,4.5,True
EMP014,Emma Rao,Design,PRJ06,2026-07-21,1.3,False
EMP014,Emma Rao,Design,PRJ06,2026-07-22,5.5,True
EMP014,Emma Rao,Design,PRJ06,2026-07-22,2.4,False
EMP014,Emma Rao,Design,PRJ06,2026-07-23,6.3,True
EMP014,Emma Rao,Design,PRJ06,2026-07-23,1.4,False
EMP014,Emma Rao,Design,PRJ06,2026-07-24,5.9,True
EMP014,Emma Rao,Design,PRJ06,2026-07-24,0.6,False
EMP014,Emma Rao,Design,PRJ06,2026-07-27,5.8,True
EMP014,Emma Rao,Design,PRJ06,2026-07-27,2.3,False
EMP014,Emma Rao,Design,PRJ06,2026-07-28,4.6,True
EMP014,Emma Rao,Design,PRJ06,2026-07-28,1.1,False
EMP014,Emma Rao,Design,PRJ06,2026-07-29,5.0,True
EMP014,Emma Rao,Design,PRJ06,2026-07-29,2.0,False
EMP014,Emma Rao,Design,PRJ06,2026-07-30,7.4,True
EMP014,Emma Rao,Design,PRJ06,2026-07-30,1.0,False
EMP014,Emma Rao,Design,PRJ06,2026-07-31,4.6,True
EMP014,Emma Rao,Design,PRJ06,2026-07-31,2.1,False
EMP014,Emma Rao,Design,PRJ06,2026-08-03,5.2,True
EMP014,Emma Rao,Design,PRJ06,2026-08-03,1.9,False
EMP014,Emma Rao,Design,PRJ06,2026-08-04,4.1,True
EMP014,Emma Rao,Design,PRJ06,2026-08-04,1.8,False
EMP014,Emma Rao,Design,PRJ06,2026-08-05,5.1,True
EMP014,Emma Rao,Design,PRJ06,2026-08-05,1.0,False
EMP014,Emma Rao,Design,PRJ06,2026-08-06,5.8,True
EMP014,Emma Rao,Design,PRJ06,2026-08-06,1.0,False
EMP014,Emma Rao,Design,PRJ06,2026-08-07,4.7,True
EMP014,Emma Rao,Design,PRJ06,2026-08-07,1.9,False
EMP014,Emma Rao,Design,PRJ06,2026-08-11,7.1,True
EMP014,Emma Rao,Design,PRJ06,2026-08-11,1.4,False
EMP014,Emma Rao,Design,PRJ06,2026-08-12,6.0,True
EMP014,Emma Rao,Design,PRJ06,2026-08-12,2.3,False
EMP014,Emma Rao,Design,PRJ06,2026-08-13,5.1,True
EMP014,Emma Rao,Design,PRJ06,2026-08-13,0.7,False
EMP014,Emma Rao,Design,PRJ06,2026-08-14,7.3,True
EMP014,Emma Rao,Design,PRJ06,2026-08-14,0.8,False
EMP014,Emma Rao,Design,PRJ06,2026-08-17,5.1,True
EMP014,Emma Rao,Design,PRJ06,2026-08-17,1.3,False
EMP014,Emma Rao,Design,PRJ06,2026-08-18,4.9,True
EMP014,Emma Rao,Design,PRJ06,2026-08-18,1.2,False
EMP014,Emma Rao,Design,PRJ06,2026-08-19,7.3,True
EMP014,Emma Rao,Design,PRJ06,2026-08-19,1.2,False
EMP014,Emma Rao,Design,PRJ06,2026-08-20,5.2,True
EMP014,Emma Rao,Design,PRJ06,2026-08-20,1.9,False
EMP014,Emma Rao,Design,PRJ06,2026-08-21,4.9,True
EMP014,Emma Rao,Design,PRJ06,2026-08-21,2.5,False
EMP014,Emma Rao,Design,PRJ06,2026-08-24,6.9,True
EMP014,Emma Rao,Design,PRJ06,2026-08-24,0.6,False
EMP014,Emma Rao,Design,PRJ06,2026-08-26,5.3,True
EMP014,Emma Rao,Design,PRJ06,2026-08-26,2.1,False
EMP014,Emma Rao,Design,PRJ06,2026-08-27,6.5,True
EMP014,Emma Rao,Design,PRJ06,2026-08-27,1.7,False
EMP014,Emma Rao,Design,PRJ06,2026-08-28,6.4,True
EMP014,Emma Rao,Design,PRJ06,2026-08-28,0.5,False
EMP014,Emma Rao,Design,PRJ06,2026-08-31,5.1,
EMP014,Emma Rao,Design,PRJ06,2026-08-31,1.3,False
EMP015,Vikram Patel,Engineering,PRJ02,2026-06-01,6.1,True
EMP015,Vikram Patel,Engineering,PRJ02,2026-06-01,0.3,False
EMP015,Vikram Patel,Engineering,PRJ03,2026-06-02,7.4,True
EMP015,Vikram Patel,Engineering,PRJ03,2026-06-02,0.7,False
EMP015,Vikram Patel,Engineering,PRJ02,2026-06-03,4.7,True
EMP015,Vikram Patel,Engineering,PRJ02,2026-06-03,1.5,False
EMP015,Vikram Patel,Engineering,PRJ03,2026-06-04,6.2,True
EMP015,Vikram Patel,Engineering,PRJ03,2026-06-04,0.4,False
EMP015,Vikram Patel,Engineering,PRJ02,2026-06-05,5.1,True
EMP015,Vikram Patel,Engineering,PRJ02,2026-06-05,1.7,False
EMP015,Vikram Patel,Engineering,PRJ03,2026-06-08,6.2,True
EMP015,Vikram Patel,Engineering,PRJ03,2026-06-08,1.3,False
EMP015,Vikram Patel,Engineering,PRJ03,2026-06-09,6.1,True
EMP015,Vikram Patel,Engineering,PRJ03,2026-06-09,1.5,False
EMP015,Vikram Patel,Engineering,PRJ03,2026-06-10,6.6,True
EMP015,Vikram Patel,Engineering,PRJ03,2026-06-10,1.2,False
EMP015,Vikram Patel,Engineering,PRJ02,2026-06-11,5.7,True
EMP015,Vikram Patel,Engineering,PRJ02,2026-06-11,2.6,False
EMP015,Vikram Patel,Engineering,PRJ02,2026-06-12,4.2,True
EMP015,Vikram Patel,Engineering,PRJ02,2026-06-12,1.4,False
EMP015,Vikram Patel,Engineering,PRJ02,2026-06-15,6.9,True
EMP015,Vikram Patel,Engineering,PRJ02,2026-06-15,0.8,False
EMP015,Vikram Patel,Engineering,PRJ02,2026-06-16,3.9,True
EMP015,Vikram Patel,Engineering,PRJ02,2026-06-16,2.0,False
EMP015,Vikram Patel,Engineering,PRJ03,2026-06-17,5.3,True
EMP015,Vikram Patel,Engineering,PRJ03,2026-06-17,2.0,False
EMP015,Vikram Patel,Engineering,PRJ02,2026-06-18,5.5,True
EMP015,Vikram Patel,Engineering,PRJ02,2026-06-18,1.4,False
EMP015,Vikram Patel,Engineering,PRJ03,2026-06-19,6.5,True
EMP015,Vikram Patel,Engineering,PRJ03,2026-06-19,1.6,False
EMP015,Vikram Patel,Engineering,PRJ02,2026-06-22,6.3,True
EMP015,Vikram Patel,Engineering,PRJ02,2026-06-22,0.4,False
EMP015,Vikram Patel,Engineering,PRJ03,2026-06-23,5.3,True
EMP015,Vikram Patel,Engineering,PRJ03,2026-06-23,2.2,False
EMP015,Vikram Patel,Engineering,PRJ02,2026-06-24,7.7,True
EMP015,Vikram Patel,Engineering,PRJ02,2026-06-24,0.8,False
EMP015,Vikram Patel,Engineering,PRJ03,2026-06-25,6.4,True
EMP015,Vikram Patel,Engineering,PRJ03,2026-06-25,1.8,False
EMP015,Vikram Patel,Engineering,PRJ03,2026-06-26,5.9,True
EMP015,Vikram Patel,Engineering,PRJ03,2026-06-26,1.8,False
EMP015,Vikram Patel,Engineering,PRJ03,2026-06-29,5.3,True
EMP015,Vikram Patel,Engineering,PRJ03,2026-06-29,2.7,False
EMP015,Vikram Patel,Engineering,PRJ03,2026-06-30,6.3,True
EMP015,Vikram Patel,Engineering,PRJ03,2026-06-30,1.4,False
EMP015,Vikram Patel,Engineering,PRJ02,2026-07-01,7.2,True
EMP015,Vikram Patel,Engineering,PRJ02,2026-07-01,1.0,False
EMP015,Vikram Patel,Engineering,PRJ03,2026-07-02,4.9,True
EMP015,Vikram Patel,Engineering,PRJ03,2026-07-02,2.4,False
EMP015,Vikram Patel,Engineering,PRJ03,2026-07-03,4.6,True
EMP015,Vikram Patel,Engineering,PRJ03,2026-07-03,1.2,False
EMP015,Vikram Patel,Engineering,PRJ02,2026-07-06,5.2,True
EMP015,Vikram Patel,Engineering,PRJ02,2026-07-06,2.4,False
EMP015,Vikram Patel,Engineering,PRJ02,2026-07-08,7.5,True
EMP015,Vikram Patel,Engineering,PRJ02,2026-07-08,0.7,False
EMP015,Vikram Patel,Engineering,PRJ03,2026-07-09,6.4,True
EMP015,Vikram Patel,Engineering,PRJ03,2026-07-09,1.0,False
EMP015,Vikram Patel,Engineering,PRJ02,2026-07-10,4.6,True
EMP015,Vikram Patel,Engineering,PRJ02,2026-07-10,1.2,False
EMP015,Vikram Patel,Engineering,PRJ03,2026-07-13,7.3,True
EMP015,Vikram Patel,Engineering,PRJ03,2026-07-13,0.4,False
EMP015,Vikram Patel,Engineering,PRJ03,2026-07-14,7.2,True
EMP015,Vikram Patel,Engineering,PRJ03,2026-07-14,0.6,False
EMP015,Vikram Patel,Engineering,PRJ02,2026-07-15,5.2,True
EMP015,Vikram Patel,Engineering,PRJ02,2026-07-15,2.6,False
EMP015,Vikram Patel,Engineering,PRJ03,2026-07-16,5.7,True
EMP015,Vikram Patel,Engineering,PRJ03,2026-07-16,1.1,False
EMP015,Vikram Patel,Engineering,PRJ03,2026-07-17,4.8,True
EMP015,Vikram Patel,Engineering,PRJ03,2026-07-17,0.7,False
EMP015,Vikram Patel,Engineering,PRJ02,2026-07-20,4.6,True
EMP015,Vikram Patel,Engineering,PRJ02,2026-07-20,2.5,False
EMP015,Vikram Patel,Engineering,PRJ03,2026-07-21,5.3,True
EMP015,Vikram Patel,Engineering,PRJ03,2026-07-21,1.6,False
EMP015,Vikram Patel,Engineering,PRJ03,2026-07-23,5.3,True
EMP015,Vikram Patel,Engineering,PRJ03,2026-07-23,1.0,False
EMP015,Vikram Patel,Engineering,PRJ03,2026-07-24,5.0,True
EMP015,Vikram Patel,Engineering,PRJ03,2026-07-24,2.5,False
EMP015,Vikram Patel,Engineering,PRJ03,2026-07-27,5.9,True
EMP015,Vikram Patel,Engineering,PRJ03,2026-07-27,0.5,False
EMP015,Vikram Patel,Engineering,PRJ03,2026-07-28,4.4,True
EMP015,Vikram Patel,Engineering,PRJ03,2026-07-28,1.6,False
EMP015,Vikram Patel,Engineering,PRJ02,2026-07-29,4.4,True
EMP015,Vikram Patel,Engineering,PRJ02,2026-07-29,2.2,False
EMP015,Vikram Patel,Engineering,PRJ03,2026-07-30,7.0,True
EMP015,Vikram Patel,Engineering,PRJ03,2026-07-30,1.0,False
EMP015,Vikram Patel,Engineering,PRJ02,2026-07-31,5.6,True
EMP015,Vikram Patel,Engineering,PRJ02,2026-07-31,2.0,False
EMP015,Vikram Patel,Engineering,PRJ03,2026-08-03,5.0,True
EMP015,Vikram Patel,Engineering,PRJ03,2026-08-03,2.3,False
EMP015,Vikram Patel,Engineering,PRJ02,2026-08-04,7.9,True
EMP015,Vikram Patel,Engineering,PRJ02,2026-08-04,0.4,False
EMP015,Vikram Patel,Engineering,PRJ02,2026-08-05,5.2,True
EMP015,Vikram Patel,Engineering,PRJ02,2026-08-05,1.1,False
EMP015,Vikram Patel,Engineering,PRJ02,2026-08-06,6.1,True
EMP015,Vikram Patel,Engineering,PRJ02,2026-08-06,0.9,False
EMP015,Vikram Patel,Engineering,PRJ03,2026-08-07,6.3,
EMP015,Vikram Patel,Engineering,PRJ03,2026-08-07,1.0,False
EMP015,Vikram Patel,Engineering,PRJ02,2026-08-11,5.3,True
EMP015,Vikram Patel,Engineering,PRJ02,2026-08-11,0.6,False
EMP015,Vikram Patel,Engineering,PRJ03,2026-08-12,6.1,True
EMP015,Vikram Patel,Engineering,PRJ03,2026-08-12,1.1,False
EMP015,Vikram Patel,Engineering,PRJ02,2026-08-13,4.2,True
EMP015,Vikram Patel,Engineering,PRJ02,2026-08-13,2.1,False
EMP015,Vikram Patel,Engineering,PRJ02,2026-08-14,4.7,True
EMP015,Vikram Patel,Engineering,PRJ02,2026-08-14,0.8,False
EMP015,Vikram Patel,Engineering,PRJ03,2026-08-17,7.6,True
EMP015,Vikram Patel,Engineering,PRJ03,2026-08-17,0.8,False
EMP015,Vikram Patel,Engineering,PRJ03,2026-08-18,6.9,True
EMP015,Vikram Patel,Engineering,PRJ03,2026-08-18,0.6,False
EMP015,Vikram Patel,Engineering,PRJ02,2026-08-19,6.8,True
EMP015,Vikram Patel,Engineering,PRJ02,2026-08-19,0.6,False
EMP015,Vikram Patel,Engineering,PRJ02,2026-08-20,5.5,True
EMP015,Vikram Patel,Engineering,PRJ02,2026-08-20,2.8,False
EMP015,Vikram Patel,Engineering,PRJ02,2026-08-21,4.7,True
EMP015,Vikram Patel,Engineering,PRJ02,2026-08-21,2.5,False
EMP015,Vikram Patel,Engineering,PRJ02,2026-08-24,6.2,True
EMP015,Vikram Patel,Engineering,PRJ02,2026-08-24,0.4,False
EMP015,Vikram Patel,Engineering,PRJ03,2026-08-25,5.3,True
EMP015,Vikram Patel,Engineering,PRJ03,2026-08-25,1.3,False
EMP015,Vikram Patel,Engineering,PRJ02,2026-08-26,6.6,True
EMP015,Vikram Patel,Engineering,PRJ02,2026-08-26,0.7,False
EMP015,Vikram Patel,Engineering,PRJ02,2026-08-27,4.3,True
EMP015,Vikram Patel,Engineering,PRJ02,2026-08-27,1.3,False
EMP015,Vikram Patel,Engineering,PRJ02,2026-08-28,5.9,True
EMP015,Vikram Patel,Engineering,PRJ02,2026-08-28,2.1,False
EMP015,Vikram Patel,Engineering,PRJ03,2026-08-31,4.0,True
EMP015,Vikram Patel,Engineering,PRJ03,2026-08-31,1.6,False
EMP016,Ava Desai,Engineering,PRJ02,2026-06-01,2.8,True
EMP016,Ava Desai,Engineering,PRJ02,2026-06-01,4.2,False
EMP016,Ava Desai,Engineering,PRJ04,2026-06-02,3.0,True
EMP016,Ava Desai,Engineering,PRJ04,2026-06-02,4.8,False
EMP016,Ava Desai,Engineering,PRJ04,2026-06-03,2.9,True
EMP016,Ava Desai,Engineering,PRJ04,2026-06-03,4.6,False
EMP016,Ava Desai,Engineering,PRJ04,2026-06-04,2.5,True
EMP016,Ava Desai,Engineering,PRJ04,2026-06-04,4.6,False
EMP016,Ava Desai,Engineering,PRJ04,2026-06-05,2.7,True
EMP016,Ava Desai,Engineering,PRJ04,2026-06-05,3.1,False
EMP016,Ava Desai,Engineering,PRJ02,2026-06-08,2.7,True
EMP016,Ava Desai,Engineering,PRJ02,2026-06-08,5.0,False
EMP016,Ava Desai,Engineering,PRJ02,2026-06-09,2.6,True
EMP016,Ava Desai,Engineering,PRJ02,2026-06-09,3.5,False
EMP016,Ava Desai,Engineering,PRJ04,2026-06-10,2.5,
EMP016,Ava Desai,Engineering,PRJ04,2026-06-10,3.8,False
EMP016,Ava Desai,Engineering,PRJ02,2026-06-11,2.8,True
EMP016,Ava Desai,Engineering,PRJ02,2026-06-11,4.2,False
EMP016,Ava Desai,Engineering,PRJ04,2026-06-12,4.6,True
EMP016,Ava Desai,Engineering,PRJ04,2026-06-12,3.7,False
EMP016,Ava Desai,Engineering,PRJ04,2026-06-15,4.0,True
EMP016,Ava Desai,Engineering,PRJ04,2026-06-15,4.2,False
EMP016,Ava Desai,Engineering,PRJ04,2026-06-16,2.8,True
EMP016,Ava Desai,Engineering,PRJ04,2026-06-16,4.7,False
EMP016,Ava Desai,Engineering,PRJ02,2026-06-17,4.4,True
EMP016,Ava Desai,Engineering,PRJ02,2026-06-17,3.2,False
EMP016,Ava Desai,Engineering,PRJ04,2026-06-18,4.2,True
EMP016,Ava Desai,Engineering,PRJ04,2026-06-18,3.8,False
EMP016,Ava Desai,Engineering,PRJ02,2026-06-19,2.6,True
EMP016,Ava Desai,Engineering,PRJ02,2026-06-19,4.3,False
EMP016,Ava Desai,Engineering,PRJ02,2026-06-22,4.0,True
EMP016,Ava Desai,Engineering,PRJ02,2026-06-22,3.4,False
EMP016,Ava Desai,Engineering,PRJ02,2026-06-23,4.1,True
EMP016,Ava Desai,Engineering,PRJ02,2026-06-23,4.0,False
EMP016,Ava Desai,Engineering,PRJ02,2026-06-24,4.1,True
EMP016,Ava Desai,Engineering,PRJ02,2026-06-24,3.4,False
EMP016,Ava Desai,Engineering,PRJ04,2026-06-26,3.1,True
EMP016,Ava Desai,Engineering,PRJ04,2026-06-26,3.5,False
EMP016,Ava Desai,Engineering,PRJ02,2026-06-29,3.4,True
EMP016,Ava Desai,Engineering,PRJ02,2026-06-29,3.8,False
EMP016,Ava Desai,Engineering,PRJ02,2026-06-30,3.3,True
EMP016,Ava Desai,Engineering,PRJ02,2026-06-30,3.2,False
EMP016,Ava Desai,Engineering,PRJ04,2026-07-01,3.4,True
EMP016,Ava Desai,Engineering,PRJ04,2026-07-01,3.3,False
EMP016,Ava Desai,Engineering,PRJ02,2026-07-02,3.6,True
EMP016,Ava Desai,Engineering,PRJ02,2026-07-02,2.9,False
EMP016,Ava Desai,Engineering,PRJ04,2026-07-03,3.8,True
EMP016,Ava Desai,Engineering,PRJ04,2026-07-03,4.1,False
EMP016,Ava Desai,Engineering,PRJ02,2026-07-06,4.1,True
EMP016,Ava Desai,Engineering,PRJ02,2026-07-06,3.6,False
EMP016,Ava Desai,Engineering,PRJ02,2026-07-07,2.4,True
EMP016,Ava Desai,Engineering,PRJ02,2026-07-07,4.1,False
EMP016,Ava Desai,Engineering,PRJ02,2026-07-08,2.1,True
EMP016,Ava Desai,Engineering,PRJ02,2026-07-08,3.6,False
EMP016,Ava Desai,Engineering,PRJ04,2026-07-09,2.3,True
EMP016,Ava Desai,Engineering,PRJ04,2026-07-09,3.4,False
EMP016,Ava Desai,Engineering,PRJ04,2026-07-10,2.6,True
EMP016,Ava Desai,Engineering,PRJ04,2026-07-10,4.8,False
EMP016,Ava Desai,Engineering,PRJ02,2026-07-13,3.2,True
EMP016,Ava Desai,Engineering,PRJ02,2026-07-13,3.2,False
EMP016,Ava Desai,Engineering,PRJ02,2026-07-14,3.2,True
EMP016,Ava Desai,Engineering,PRJ02,2026-07-14,3.2,False
EMP016,Ava Desai,Engineering,PRJ04,2026-07-15,4.5,True
EMP016,Ava Desai,Engineering,PRJ04,2026-07-15,3.2,False
EMP016,Ava Desai,Engineering,PRJ02,2026-07-16,3.9,True
EMP016,Ava Desai,Engineering,PRJ02,2026-07-16,3.1,False
EMP016,Ava Desai,Engineering,PRJ02,2026-07-17,2.9,True
EMP016,Ava Desai,Engineering,PRJ02,2026-07-17,5.5,False
EMP016,Ava Desai,Engineering,PRJ02,2026-07-20,2.6,True
EMP016,Ava Desai,Engineering,PRJ02,2026-07-20,3.0,False
EMP016,Ava Desai,Engineering,PRJ04,2026-07-21,3.1,True
EMP016,Ava Desai,Engineering,PRJ04,2026-07-21,3.6,False
EMP016,Ava Desai,Engineering,PRJ02,2026-07-22,2.7,True
EMP016,Ava Desai,Engineering,PRJ02,2026-07-22,3.4,False
EMP016,Ava Desai,Engineering,PRJ04,2026-07-23,4.4,
EMP016,Ava Desai,Engineering,PRJ04,2026-07-23,4.1,False
EMP016,Ava Desai,Engineering,PRJ02,2026-07-24,3.4,True
EMP016,Ava Desai,Engineering,PRJ02,2026-07-24,2.5,False
EMP016,Ava Desai,Engineering,PRJ02,2026-07-27,3.3,True
EMP016,Ava Desai,Engineering,PRJ02,2026-07-27,2.6,False
EMP016,Ava Desai,Engineering,PRJ02,2026-07-28,4.2,True
EMP016,Ava Desai,Engineering,PRJ02,2026-07-28,4.1,False
EMP016,Ava Desai,Engineering,PRJ04,2026-07-29,3.0,True
EMP016,Ava Desai,Engineering,PRJ04,2026-07-29,3.9,False
EMP016,Ava Desai,Engineering,PRJ02,2026-07-31,4.1,True
EMP016,Ava Desai,Engineering,PRJ02,2026-07-31,3.6,False
EMP016,Ava Desai,Engineering,PRJ02,2026-08-03,3.9,True
EMP016,Ava Desai,Engineering,PRJ02,2026-08-03,2.7,False
EMP016,Ava Desai,Engineering,PRJ04,2026-08-04,3.6,True
EMP016,Ava Desai,Engineering,PRJ04,2026-08-04,3.3,False
EMP016,Ava Desai,Engineering,PRJ02,2026-08-05,4.4,True
EMP016,Ava Desai,Engineering,PRJ02,2026-08-05,3.7,False
EMP016,Ava Desai,Engineering,PRJ02,2026-08-06,3.1,True
EMP016,Ava Desai,Engineering,PRJ02,2026-08-06,5.1,False
EMP016,Ava Desai,Engineering,PRJ02,2026-08-07,3.9,True
EMP016,Ava Desai,Engineering,PRJ02,2026-08-07,3.6,False
EMP016,Ava Desai,Engineering,PRJ02,2026-08-10,2.5,True
EMP016,Ava Desai,Engineering,PRJ02,2026-08-10,4.6,False
EMP016,Ava Desai,Engineering,PRJ02,2026-08-11,3.5,True
EMP016,Ava Desai,Engineering,PRJ02,2026-08-11,4.2,False
EMP016,Ava Desai,Engineering,PRJ02,2026-08-13,4.1,True
EMP016,Ava Desai,Engineering,PRJ02,2026-08-13,3.6,False
EMP016,Ava Desai,Engineering,PRJ02,2026-08-14,2.2,True
EMP016,Ava Desai,Engineering,PRJ02,2026-08-14,3.8,False
EMP016,Ava Desai,Engineering,PRJ04,2026-08-17,2.4,True
EMP016,Ava Desai,Engineering,PRJ04,2026-08-17,4.0,False
EMP016,Ava Desai,Engineering,PRJ02,2026-08-18,2.5,
EMP016,Ava Desai,Engineering,PRJ02,2026-08-18,3.4,False
EMP016,Ava Desai,Engineering,PRJ04,2026-08-19,3.0,True
EMP016,Ava Desai,Engineering,PRJ04,2026-08-19,3.0,False
EMP016,Ava Desai,Engineering,PRJ04,2026-08-20,3.3,True
EMP016,Ava Desai,Engineering,PRJ04,2026-08-20,2.7,False
EMP016,Ava Desai,Engineering,PRJ04,2026-08-21,3.5,True
EMP016,Ava Desai,Engineering,PRJ04,2026-08-21,4.6,False
EMP016,Ava Desai,Engineering,PRJ02,2026-08-24,4.5,True
EMP016,Ava Desai,Engineering,PRJ02,2026-08-24,3.5,False
EMP016,Ava Desai,Engineering,PRJ04,2026-08-25,3.5,True
EMP016,Ava Desai,Engineering,PRJ04,2026-08-25,3.3,False
EMP016,Ava Desai,Engineering,PRJ04,2026-08-26,2.4,True
EMP016,Ava Desai,Engineering,PRJ04,2026-08-26,3.3,False
EMP016,Ava Desai,Engineering,PRJ04,2026-08-27,3.2,True
EMP016,Ava Desai,Engineering,PRJ04,2026-08-27,3.7,False
EMP016,Ava Desai,Engineering,PRJ02,2026-08-28,2.7,
EMP016,Ava Desai,Engineering,PRJ02,2026-08-28,4.2,False
EMP016,Ava Desai,Engineering,PRJ04,2026-08-31,3.5,True
EMP016,Ava Desai,Engineering,PRJ04,2026-08-31,3.3,False
EMP017,Ananya Bhatt,Design,PRJ06,2026-06-01,6.7,True
EMP017,Ananya Bhatt,Design,PRJ06,2026-06-01,1.3,False
EMP017,Ananya Bhatt,Design,PRJ06,2026-06-02,4.9,True
EMP017,Ananya Bhatt,Design,PRJ06,2026-06-02,0.9,False
EMP017,Ananya Bhatt,Design,PRJ06,2026-06-03,5.3,True
EMP017,Ananya Bhatt,Design,PRJ06,2026-06-03,0.9,False
EMP017,Ananya Bhatt,Design,PRJ06,2026-06-04,6.3,True
EMP017,Ananya Bhatt,Design,PRJ06,2026-06-04,2.2,False
EMP017,Ananya Bhatt,Design,PRJ06,2026-06-05,3.7,True
EMP017,Ananya Bhatt,Design,PRJ06,2026-06-05,1.8,False
EMP017,Ananya Bhatt,Design,PRJ06,2026-06-08,5.6,True
EMP017,Ananya Bhatt,Design,PRJ06,2026-06-08,2.1,False
EMP017,Ananya Bhatt,Design,PRJ06,2026-06-09,7.0,True
EMP017,Ananya Bhatt,Design,PRJ06,2026-06-09,1.3,False
EMP017,Ananya Bhatt,Design,PRJ06,2026-06-10,5.2,True
EMP017,Ananya Bhatt,Design,PRJ06,2026-06-10,2.4,False
EMP017,Ananya Bhatt,Design,PRJ06,2026-06-11,6.6,True
EMP017,Ananya Bhatt,Design,PRJ06,2026-06-11,0.8,False
EMP017,Ananya Bhatt,Design,PRJ06,2026-06-12,5.0,True
EMP017,Ananya Bhatt,Design,PRJ06,2026-06-12,1.3,False
EMP017,Ananya Bhatt,Design,PRJ06,2026-06-15,4.9,True
EMP017,Ananya Bhatt,Design,PRJ06,2026-06-15,1.4,False
EMP017,Ananya Bhatt,Design,PRJ06,2026-06-16,4.2,True
EMP017,Ananya Bhatt,Design,PRJ06,2026-06-16,2.1,False
EMP017,Ananya Bhatt,Design,PRJ06,2026-06-17,6.1,True
EMP017,Ananya Bhatt,Design,PRJ06,2026-06-17,2.3,False
EMP017,Ananya Bhatt,Design,PRJ06,2026-06-18,4.7,True
EMP017,Ananya Bhatt,Design,PRJ06,2026-06-18,1.4,False
EMP017,Ananya Bhatt,Design,PRJ06,2026-06-19,5.7,True
EMP017,Ananya Bhatt,Design,PRJ06,2026-06-19,1.1,False
EMP017,Ananya Bhatt,Design,PRJ06,2026-06-22,3.9,True
EMP017,Ananya Bhatt,Design,PRJ06,2026-06-22,1.9,False
EMP017,Ananya Bhatt,Design,PRJ06,2026-06-24,4.9,True
EMP017,Ananya Bhatt,Design,PRJ06,2026-06-24,2.6,False
EMP017,Ananya Bhatt,Design,PRJ06,2026-06-25,7.0,True
EMP017,Ananya Bhatt,Design,PRJ06,2026-06-25,0.6,False
EMP017,Ananya Bhatt,Design,PRJ06,2026-06-26,5.5,True
EMP017,Ananya Bhatt,Design,PRJ06,2026-06-26,1.5,False
EMP017,Ananya Bhatt,Design,PRJ06,2026-06-30,6.4,True
EMP017,Ananya Bhatt,Design,PRJ06,2026-06-30,1.6,False
EMP017,Ananya Bhatt,Design,PRJ06,2026-07-01,5.4,True
EMP017,Ananya Bhatt,Design,PRJ06,2026-07-01,0.3,False
EMP017,Ananya Bhatt,Design,PRJ06,2026-07-02,5.9,True
EMP017,Ananya Bhatt,Design,PRJ06,2026-07-02,0.6,False
EMP017,Ananya Bhatt,Design,PRJ06,2026-07-03,4.3,True
EMP017,Ananya Bhatt,Design,PRJ06,2026-07-03,1.3,False
EMP017,Ananya Bhatt,Design,PRJ06,2026-07-06,5.0,True
EMP017,Ananya Bhatt,Design,PRJ06,2026-07-06,0.8,False
EMP017,Ananya Bhatt,Design,PRJ06,2026-07-07,5.3,True
EMP017,Ananya Bhatt,Design,PRJ06,2026-07-07,2.4,False
EMP017,Ananya Bhatt,Design,PRJ06,2026-07-08,4.8,True
EMP017,Ananya Bhatt,Design,PRJ06,2026-07-08,1.4,False
EMP017,Ananya Bhatt,Design,PRJ06,2026-07-09,7.4,True
EMP017,Ananya Bhatt,Design,PRJ06,2026-07-09,0.5,False
EMP017,Ananya Bhatt,Design,PRJ06,2026-07-10,5.2,True
EMP017,Ananya Bhatt,Design,PRJ06,2026-07-10,2.7,False
EMP017,Ananya Bhatt,Design,PRJ06,2026-07-13,6.6,True
EMP017,Ananya Bhatt,Design,PRJ06,2026-07-13,0.5,False
EMP017,Ananya Bhatt,Design,PRJ06,2026-07-14,5.0,True
EMP017,Ananya Bhatt,Design,PRJ06,2026-07-14,0.7,False
EMP017,Ananya Bhatt,Design,PRJ06,2026-07-15,5.5,
EMP017,Ananya Bhatt,Design,PRJ06,2026-07-15,2.8,False
EMP017,Ananya Bhatt,Design,PRJ06,2026-07-16,7.3,True
EMP017,Ananya Bhatt,Design,PRJ06,2026-07-16,0.9,False
EMP017,Ananya Bhatt,Design,PRJ06,2026-07-17,6.5,True
EMP017,Ananya Bhatt,Design,PRJ06,2026-07-17,0.8,False
EMP017,Ananya Bhatt,Design,PRJ06,2026-07-20,4.9,True
EMP017,Ananya Bhatt,Design,PRJ06,2026-07-20,2.4,False
EMP017,Ananya Bhatt,Design,PRJ06,2026-07-21,7.2,True
EMP017,Ananya Bhatt,Design,PRJ06,2026-07-21,1.2,False
EMP017,Ananya Bhatt,Design,PRJ06,2026-07-22,5.3,True
EMP017,Ananya Bhatt,Design,PRJ06,2026-07-22,1.8,False
EMP017,Ananya Bhatt,Design,PRJ06,2026-07-23,4.5,True
EMP017,Ananya Bhatt,Design,PRJ06,2026-07-23,2.0,False
EMP017,Ananya Bhatt,Design,PRJ06,2026-07-24,4.6,True
EMP017,Ananya Bhatt,Design,PRJ06,2026-07-24,2.0,False
EMP017,Ananya Bhatt,Design,PRJ06,2026-07-27,5.2,True
EMP017,Ananya Bhatt,Design,PRJ06,2026-07-27,0.6,False
EMP017,Ananya Bhatt,Design,PRJ06,2026-07-29,3.9,True
EMP017,Ananya Bhatt,Design,PRJ06,2026-07-29,1.6,False
EMP017,Ananya Bhatt,Design,PRJ06,2026-07-30,5.5,True
EMP017,Ananya Bhatt,Design,PRJ06,2026-07-30,0.9,False
EMP017,Ananya Bhatt,Design,PRJ06,2026-07-31,6.0,True
EMP017,Ananya Bhatt,Design,PRJ06,2026-07-31,1.4,False
EMP017,Ananya Bhatt,Design,PRJ06,2026-08-03,6.3,True
EMP017,Ananya Bhatt,Design,PRJ06,2026-08-03,1.3,False
EMP017,Ananya Bhatt,Design,PRJ06,2026-08-04,5.9,
EMP017,Ananya Bhatt,Design,PRJ06,2026-08-04,2.1,False
EMP017,Ananya Bhatt,Design,PRJ06,2026-08-05,4.8,True
EMP017,Ananya Bhatt,Design,PRJ06,2026-08-05,1.1,False
EMP017,Ananya Bhatt,Design,PRJ06,2026-08-06,6.8,True
EMP017,Ananya Bhatt,Design,PRJ06,2026-08-06,1.7,False
EMP017,Ananya Bhatt,Design,PRJ06,2026-08-07,4.5,True
EMP017,Ananya Bhatt,Design,PRJ06,2026-08-07,1.8,False
EMP017,Ananya Bhatt,Design,PRJ06,2026-08-10,4.8,True
EMP017,Ananya Bhatt,Design,PRJ06,2026-08-10,2.1,False
EMP017,Ananya Bhatt,Design,PRJ06,2026-08-11,4.4,True
EMP017,Ananya Bhatt,Design,PRJ06,2026-08-11,1.7,False
EMP017,Ananya Bhatt,Design,PRJ06,2026-08-12,5.8,True
EMP017,Ananya Bhatt,Design,PRJ06,2026-08-12,2.5,False
EMP017,Ananya Bhatt,Design,PRJ06,2026-08-13,7.1,True
EMP017,Ananya Bhatt,Design,PRJ06,2026-08-13,1.1,False
EMP017,Ananya Bhatt,Design,PRJ06,2026-08-14,5.9,True
EMP017,Ananya Bhatt,Design,PRJ06,2026-08-14,2.3,False
EMP017,Ananya Bhatt,Design,PRJ06,2026-08-17,7.0,True
EMP017,Ananya Bhatt,Design,PRJ06,2026-08-17,0.7,False
EMP017,Ananya Bhatt,Design,PRJ06,2026-08-18,4.9,True
EMP017,Ananya Bhatt,Design,PRJ06,2026-08-18,2.4,False
EMP017,Ananya Bhatt,Design,PRJ06,2026-08-19,5.3,True
EMP017,Ananya Bhatt,Design,PRJ06,2026-08-19,1.6,False
EMP017,Ananya Bhatt,Design,PRJ06,2026-08-20,4.8,True
EMP017,Ananya Bhatt,Design,PRJ06,2026-08-20,1.8,False
EMP017,Ananya Bhatt,Design,PRJ06,2026-08-21,3.9,True
EMP017,Ananya Bhatt,Design,PRJ06,2026-08-21,1.8,False
EMP017,Ananya Bhatt,Design,PRJ06,2026-08-24,6.0,True
EMP017,Ananya Bhatt,Design,PRJ06,2026-08-24,0.5,False
EMP017,Ananya Bhatt,Design,PRJ06,2026-08-25,5.1,True
EMP017,Ananya Bhatt,Design,PRJ06,2026-08-25,2.2,False
EMP017,Ananya Bhatt,Design,PRJ06,2026-08-26,6.6,True
EMP017,Ananya Bhatt,Design,PRJ06,2026-08-26,0.4,False
EMP017,Ananya Bhatt,Design,PRJ06,2026-08-27,6.7,True
EMP017,Ananya Bhatt,Design,PRJ06,2026-08-27,1.0,False
EMP017,Ananya Bhatt,Design,PRJ06,2026-08-28,5.8,True
EMP017,Ananya Bhatt,Design,PRJ06,2026-08-28,0.4,False
EMP017,Ananya Bhatt,Design,PRJ06,2026-08-31,4.5,True
EMP017,Ananya Bhatt,Design,PRJ06,2026-08-31,2.3,False
EMP018,Pooja Iyer,Design,PRJ06,2026-06-01,6.0,True
EMP018,Pooja Iyer,Design,PRJ06,2026-06-01,0.7,False
EMP018,Pooja Iyer,Design,PRJ06,2026-06-02,4.7,True
EMP018,Pooja Iyer,Design,PRJ06,2026-06-02,2.5,False
EMP018,Pooja Iyer,Design,PRJ06,2026-06-03,5.4,
EMP018,Pooja Iyer,Design,PRJ06,2026-06-03,1.0,False
EMP018,Pooja Iyer,Design,PRJ06,2026-06-04,4.7,True
EMP018,Pooja Iyer,Design,PRJ06,2026-06-04,1.3,False
EMP018,Pooja Iyer,Design,PRJ06,2026-06-05,5.1,True
EMP018,Pooja Iyer,Design,PRJ06,2026-06-05,0.8,False
EMP018,Pooja Iyer,Design,PRJ06,2026-06-08,5.8,True
EMP018,Pooja Iyer,Design,PRJ06,2026-06-08,1.1,False
EMP018,Pooja Iyer,Design,PRJ06,2026-06-09,5.2,True
EMP018,Pooja Iyer,Design,PRJ06,2026-06-09,1.9,False
EMP018,Pooja Iyer,Design,PRJ06,2026-06-10,5.1,True
EMP018,Pooja Iyer,Design,PRJ06,2026-06-10,2.1,False
EMP018,Pooja Iyer,Design,PRJ06,2026-06-11,6.7,True
EMP018,Pooja Iyer,Design,PRJ06,2026-06-11,1.6,False
EMP018,Pooja Iyer,Design,PRJ06,2026-06-12,5.5,True
EMP018,Pooja Iyer,Design,PRJ06,2026-06-12,1.1,False
EMP018,Pooja Iyer,Design,PRJ06,2026-06-15,6.2,True
EMP018,Pooja Iyer,Design,PRJ06,2026-06-15,1.4,False
EMP018,Pooja Iyer,Design,PRJ06,2026-06-16,6.0,True
EMP018,Pooja Iyer,Design,PRJ06,2026-06-16,1.1,False
EMP018,Pooja Iyer,Design,PRJ06,2026-06-17,6.0,True
EMP018,Pooja Iyer,Design,PRJ06,2026-06-17,0.5,False
EMP018,Pooja Iyer,Design,PRJ06,2026-06-18,5.2,True
EMP018,Pooja Iyer,Design,PRJ06,2026-06-18,1.3,False
EMP018,Pooja Iyer,Design,PRJ06,2026-06-19,7.4,True
EMP018,Pooja Iyer,Design,PRJ06,2026-06-19,0.6,False
EMP018,Pooja Iyer,Design,PRJ06,2026-06-22,7.4,True
EMP018,Pooja Iyer,Design,PRJ06,2026-06-22,0.9,False
EMP018,Pooja Iyer,Design,PRJ06,2026-06-23,4.4,True
EMP018,Pooja Iyer,Design,PRJ06,2026-06-23,1.4,False
EMP018,Pooja Iyer,Design,PRJ06,2026-06-24,4.3,True
EMP018,Pooja Iyer,Design,PRJ06,2026-06-24,1.5,False
EMP018,Pooja Iyer,Design,PRJ06,2026-06-25,6.0,True
EMP018,Pooja Iyer,Design,PRJ06,2026-06-25,1.1,False
EMP018,Pooja Iyer,Design,PRJ06,2026-06-26,6.6,True
EMP018,Pooja Iyer,Design,PRJ06,2026-06-26,1.7,False
EMP018,Pooja Iyer,Design,PRJ06,2026-06-29,4.3,True
EMP018,Pooja Iyer,Design,PRJ06,2026-06-29,2.1,False
EMP018,Pooja Iyer,Design,PRJ06,2026-06-30,5.4,True
EMP018,Pooja Iyer,Design,PRJ06,2026-06-30,1.1,False
EMP018,Pooja Iyer,Design,PRJ06,2026-07-01,5.8,True
EMP018,Pooja Iyer,Design,PRJ06,2026-07-01,1.3,False
EMP018,Pooja Iyer,Design,PRJ06,2026-07-02,5.5,True
EMP018,Pooja Iyer,Design,PRJ06,2026-07-02,2.4,False
EMP018,Pooja Iyer,Design,PRJ06,2026-07-03,5.8,True
EMP018,Pooja Iyer,Design,PRJ06,2026-07-03,0.6,False
EMP018,Pooja Iyer,Design,PRJ06,2026-07-06,5.6,True
EMP018,Pooja Iyer,Design,PRJ06,2026-07-06,0.4,False
EMP018,Pooja Iyer,Design,PRJ06,2026-07-07,7.0,True
EMP018,Pooja Iyer,Design,PRJ06,2026-07-07,0.6,False
EMP018,Pooja Iyer,Design,PRJ06,2026-07-08,7.0,True
EMP018,Pooja Iyer,Design,PRJ06,2026-07-08,1.5,False
EMP018,Pooja Iyer,Design,PRJ06,2026-07-09,4.8,True
EMP018,Pooja Iyer,Design,PRJ06,2026-07-09,2.4,False
EMP018,Pooja Iyer,Design,PRJ06,2026-07-10,6.4,True
EMP018,Pooja Iyer,Design,PRJ06,2026-07-10,0.4,False
EMP018,Pooja Iyer,Design,PRJ06,2026-07-14,7.3,True
EMP018,Pooja Iyer,Design,PRJ06,2026-07-14,0.5,False
EMP018,Pooja Iyer,Design,PRJ06,2026-07-15,5.7,True
EMP018,Pooja Iyer,Design,PRJ06,2026-07-15,1.4,False
EMP018,Pooja Iyer,Design,PRJ06,2026-07-16,7.8,True
EMP018,Pooja Iyer,Design,PRJ06,2026-07-16,0.5,False
EMP018,Pooja Iyer,Design,PRJ06,2026-07-17,6.2,True
EMP018,Pooja Iyer,Design,PRJ06,2026-07-17,2.1,False
EMP018,Pooja Iyer,Design,PRJ06,2026-07-20,4.8,True
EMP018,Pooja Iyer,Design,PRJ06,2026-07-20,1.1,False
EMP018,Pooja Iyer,Design,PRJ06,2026-07-21,4.7,True
EMP018,Pooja Iyer,Design,PRJ06,2026-07-21,1.5,False
EMP018,Pooja Iyer,Design,PRJ06,2026-07-22,5.2,True
EMP018,Pooja Iyer,Design,PRJ06,2026-07-22,2.1,False
EMP018,Pooja Iyer,Design,PRJ06,2026-07-23,6.8,True
EMP018,Pooja Iyer,Design,PRJ06,2026-07-23,1.2,False
EMP018,Pooja Iyer,Design,PRJ06,2026-07-24,5.8,True
EMP018,Pooja Iyer,Design,PRJ06,2026-07-24,1.2,False
EMP018,Pooja Iyer,Design,PRJ06,2026-07-27,5.3,True
EMP018,Pooja Iyer,Design,PRJ06,2026-07-27,0.6,False
EMP018,Pooja Iyer,Design,PRJ06,2026-07-29,5.0,True
EMP018,Pooja Iyer,Design,PRJ06,2026-07-29,1.4,False
EMP018,Pooja Iyer,Design,PRJ06,2026-07-30,6.0,True
EMP018,Pooja Iyer,Design,PRJ06,2026-07-30,1.7,False
EMP018,Pooja Iyer,Design,PRJ06,2026-07-31,6.5,True
EMP018,Pooja Iyer,Design,PRJ06,2026-07-31,1.9,False
EMP018,Pooja Iyer,Design,PRJ06,2026-08-03,4.1,True
EMP018,Pooja Iyer,Design,PRJ06,2026-08-03,1.7,False
EMP018,Pooja Iyer,Design,PRJ06,2026-08-04,6.0,True
EMP018,Pooja Iyer,Design,PRJ06,2026-08-04,0.5,False
EMP018,Pooja Iyer,Design,PRJ06,2026-08-05,6.3,True
EMP018,Pooja Iyer,Design,PRJ06,2026-08-05,1.9,False
EMP018,Pooja Iyer,Design,PRJ06,2026-08-06,4.2,True
EMP018,Pooja Iyer,Design,PRJ06,2026-08-06,1.7,False
EMP018,Pooja Iyer,Design,PRJ06,2026-08-07,5.9,True
EMP018,Pooja Iyer,Design,PRJ06,2026-08-07,2.1,False
EMP018,Pooja Iyer,Design,PRJ06,2026-08-10,5.5,True
EMP018,Pooja Iyer,Design,PRJ06,2026-08-10,0.7,False
EMP018,Pooja Iyer,Design,PRJ06,2026-08-11,6.3,True
EMP018,Pooja Iyer,Design,PRJ06,2026-08-11,1.7,False
EMP018,Pooja Iyer,Design,PRJ06,2026-08-12,5.5,True
EMP018,Pooja Iyer,Design,PRJ06,2026-08-12,2.1,False
EMP018,Pooja Iyer,Design,PRJ06,2026-08-13,7.0,True
EMP018,Pooja Iyer,Design,PRJ06,2026-08-13,1.4,False
EMP018,Pooja Iyer,Design,PRJ06,2026-08-14,6.8,True
EMP018,Pooja Iyer,Design,PRJ06,2026-08-14,1.3,False
EMP018,Pooja Iyer,Design,PRJ06,2026-08-17,5.7,True
EMP018,Pooja Iyer,Design,PRJ06,2026-08-17,0.9,False
EMP018,Pooja Iyer,Design,PRJ06,2026-08-18,4.3,True
EMP018,Pooja Iyer,Design,PRJ06,2026-08-18,1.4,False
EMP018,Pooja Iyer,Design,PRJ06,2026-08-19,5.5,True
EMP018,Pooja Iyer,Design,PRJ06,2026-08-19,1.1,False
EMP018,Pooja Iyer,Design,PRJ06,2026-08-20,5.0,True
EMP018,Pooja Iyer,Design,PRJ06,2026-08-20,2.4,False
EMP018,Pooja Iyer,Design,PRJ06,2026-08-21,5.1,True
EMP018,Pooja Iyer,Design,PRJ06,2026-08-21,0.7,False
EMP018,Pooja Iyer,Design,PRJ06,2026-08-24,5.6,True
EMP018,Pooja Iyer,Design,PRJ06,2026-08-24,2.0,False
EMP018,Pooja Iyer,Design,PRJ06,2026-08-25,5.2,True
EMP018,Pooja Iyer,Design,PRJ06,2026-08-25,2.8,False
EMP018,Pooja Iyer,Design,PRJ06,2026-08-26,6.0,True
EMP018,Pooja Iyer,Design,PRJ06,2026-08-26,0.5,False
EMP018,Pooja Iyer,Design,PRJ06,2026-08-27,7.1,True
EMP018,Pooja Iyer,Design,PRJ06,2026-08-27,0.9,False
EMP018,Pooja Iyer,Design,PRJ06,2026-08-28,4.0,True
EMP018,Pooja Iyer,Design,PRJ06,2026-08-28,1.8,False
EMP018,Pooja Iyer,Design,PRJ06,2026-08-31,5.9,True
EMP018,Pooja Iyer,Design,PRJ06,2026-08-31,0.7,False
EMP019,Mia Desai,PMO,PRJ09,2026-06-01,4.1,True
EMP019,Mia Desai,PMO,PRJ09,2026-06-01,1.8,False
EMP019,Mia Desai,PMO,PRJ09,2026-06-02,5.8,True
EMP019,Mia Desai,PMO,PRJ09,2026-06-02,0.3,False
EMP019,Mia Desai,PMO,PRJ09,2026-06-03,5.0,True
EMP019,Mia Desai,PMO,PRJ09,2026-06-03,0.7,False
EMP019,Mia Desai,PMO,PRJ09,2026-06-04,6.4,True
EMP019,Mia Desai,PMO,PRJ09,2026-06-04,1.5,False
EMP019,Mia Desai,PMO,PRJ09,2026-06-05,4.1,True
EMP019,Mia Desai,PMO,PRJ09,2026-06-05,1.5,False
EMP019,Mia Desai,PMO,PRJ09,2026-06-08,5.9,True
EMP019,Mia Desai,PMO,PRJ09,2026-06-08,2.4,False
EMP019,Mia Desai,PMO,PRJ09,2026-06-09,5.2,True
EMP019,Mia Desai,PMO,PRJ09,2026-06-09,0.6,False
EMP019,Mia Desai,PMO,PRJ09,2026-06-10,4.8,True
EMP019,Mia Desai,PMO,PRJ09,2026-06-10,1.2,False
EMP019,Mia Desai,PMO,PRJ09,2026-06-11,7.0,True
EMP019,Mia Desai,PMO,PRJ09,2026-06-11,1.0,False
EMP019,Mia Desai,PMO,PRJ09,2026-06-12,5.3,True
EMP019,Mia Desai,PMO,PRJ09,2026-06-12,0.7,False
EMP019,Mia Desai,PMO,PRJ09,2026-06-15,4.9,True
EMP019,Mia Desai,PMO,PRJ09,2026-06-15,1.2,False
EMP019,Mia Desai,PMO,PRJ09,2026-06-16,6.4,True
EMP019,Mia Desai,PMO,PRJ09,2026-06-16,0.4,False
EMP019,Mia Desai,PMO,PRJ09,2026-06-17,5.5,True
EMP019,Mia Desai,PMO,PRJ09,2026-06-17,1.3,False
EMP019,Mia Desai,PMO,PRJ09,2026-06-18,4.0,True
EMP019,Mia Desai,PMO,PRJ09,2026-06-18,1.9,False
EMP019,Mia Desai,PMO,PRJ09,2026-06-19,5.5,True
EMP019,Mia Desai,PMO,PRJ09,2026-06-19,0.9,False
EMP019,Mia Desai,PMO,PRJ09,2026-06-22,5.3,True
EMP019,Mia Desai,PMO,PRJ09,2026-06-22,1.1,False
EMP019,Mia Desai,PMO,PRJ09,2026-06-23,4.8,True
EMP019,Mia Desai,PMO,PRJ09,2026-06-23,1.4,False
EMP019,Mia Desai,PMO,PRJ09,2026-06-24,6.3,True
EMP019,Mia Desai,PMO,PRJ09,2026-06-24,1.7,False
EMP019,Mia Desai,PMO,PRJ09,2026-06-25,4.8,True
EMP019,Mia Desai,PMO,PRJ09,2026-06-25,2.2,False
EMP019,Mia Desai,PMO,PRJ09,2026-06-26,4.5,True
EMP019,Mia Desai,PMO,PRJ09,2026-06-26,1.4,False
EMP019,Mia Desai,PMO,PRJ09,2026-06-29,4.6,True
EMP019,Mia Desai,PMO,PRJ09,2026-06-29,1.4,False
EMP019,Mia Desai,PMO,PRJ09,2026-06-30,5.8,True
EMP019,Mia Desai,PMO,PRJ09,2026-06-30,2.7,False
EMP019,Mia Desai,PMO,PRJ09,2026-07-01,6.3,True
EMP019,Mia Desai,PMO,PRJ09,2026-07-01,1.3,False
EMP019,Mia Desai,PMO,PRJ09,2026-07-02,6.3,True
EMP019,Mia Desai,PMO,PRJ09,2026-07-02,2.0,False
EMP019,Mia Desai,PMO,PRJ09,2026-07-03,4.6,True
EMP019,Mia Desai,PMO,PRJ09,2026-07-03,1.3,False
EMP019,Mia Desai,PMO,PRJ09,2026-07-06,5.1,True
EMP019,Mia Desai,PMO,PRJ09,2026-07-06,2.3,False
EMP019,Mia Desai,PMO,PRJ09,2026-07-07,4.6,True
EMP019,Mia Desai,PMO,PRJ09,2026-07-07,2.4,False
EMP019,Mia Desai,PMO,PRJ09,2026-07-08,5.0,True
EMP019,Mia Desai,PMO,PRJ09,2026-07-08,1.0,False
EMP019,Mia Desai,PMO,PRJ09,2026-07-09,5.7,True
EMP019,Mia Desai,PMO,PRJ09,2026-07-09,1.4,False
EMP019,Mia Desai,PMO,PRJ09,2026-07-10,5.1,True
EMP019,Mia Desai,PMO,PRJ09,2026-07-10,1.9,False
EMP019,Mia Desai,PMO,PRJ09,2026-07-13,4.9,True
EMP019,Mia Desai,PMO,PRJ09,2026-07-13,0.7,False
EMP019,Mia Desai,PMO,PRJ09,2026-07-14,6.3,True
EMP019,Mia Desai,PMO,PRJ09,2026-07-14,0.6,False
EMP019,Mia Desai,PMO,PRJ09,2026-07-16,6.0,True
EMP019,Mia Desai,PMO,PRJ09,2026-07-16,2.1,False
EMP019,Mia Desai,PMO,PRJ09,2026-07-17,6.1,True
EMP019,Mia Desai,PMO,PRJ09,2026-07-17,1.5,False
EMP019,Mia Desai,PMO,PRJ09,2026-07-20,5.8,True
EMP019,Mia Desai,PMO,PRJ09,2026-07-20,1.4,False
EMP019,Mia Desai,PMO,PRJ09,2026-07-21,5.4,True
EMP019,Mia Desai,PMO,PRJ09,2026-07-21,1.6,False
EMP019,Mia Desai,PMO,PRJ09,2026-07-22,6.6,True
EMP019,Mia Desai,PMO,PRJ09,2026-07-22,0.9,False
EMP019,Mia Desai,PMO,PRJ09,2026-07-24,6.0,True
EMP019,Mia Desai,PMO,PRJ09,2026-07-24,2.0,False
EMP019,Mia Desai,PMO,PRJ09,2026-07-27,5.1,True
EMP019,Mia Desai,PMO,PRJ09,2026-07-27,1.5,False
EMP019,Mia Desai,PMO,PRJ09,2026-07-28,4.5,True
EMP019,Mia Desai,PMO,PRJ09,2026-07-28,1.7,False
EMP019,Mia Desai,PMO,PRJ09,2026-07-29,4.2,True
EMP019,Mia Desai,PMO,PRJ09,2026-07-29,1.5,False
EMP019,Mia Desai,PMO,PRJ09,2026-07-30,4.7,True
EMP019,Mia Desai,PMO,PRJ09,2026-07-30,0.9,False
EMP019,Mia Desai,PMO,PRJ09,2026-07-31,5.4,True
EMP019,Mia Desai,PMO,PRJ09,2026-07-31,0.9,False
EMP019,Mia Desai,PMO,PRJ09,2026-08-03,5.5,True
EMP019,Mia Desai,PMO,PRJ09,2026-08-03,1.2,False
EMP019,Mia Desai,PMO,PRJ09,2026-08-04,5.2,True
EMP019,Mia Desai,PMO,PRJ09,2026-08-04,1.3,False
EMP019,Mia Desai,PMO,PRJ09,2026-08-05,6.0,True
EMP019,Mia Desai,PMO,PRJ09,2026-08-05,2.4,False
EMP019,Mia Desai,PMO,PRJ09,2026-08-06,4.3,True
EMP019,Mia Desai,PMO,PRJ09,2026-08-06,2.1,False
EMP019,Mia Desai,PMO,PRJ09,2026-08-07,7.3,True
EMP019,Mia Desai,PMO,PRJ09,2026-08-07,1.1,False
EMP019,Mia Desai,PMO,PRJ09,2026-08-10,5.8,True
EMP019,Mia Desai,PMO,PRJ09,2026-08-10,1.4,False
EMP019,Mia Desai,PMO,PRJ09,2026-08-11,5.6,True
EMP019,Mia Desai,PMO,PRJ09,2026-08-11,1.9,False
EMP019,Mia Desai,PMO,PRJ09,2026-08-12,4.7,True
EMP019,Mia Desai,PMO,PRJ09,2026-08-12,1.4,False
EMP019,Mia Desai,PMO,PRJ09,2026-08-13,6.8,True
EMP019,Mia Desai,PMO,PRJ09,2026-08-13,1.3,False
EMP019,Mia Desai,PMO,PRJ09,2026-08-14,7.3,True
EMP019,Mia Desai,PMO,PRJ09,2026-08-14,1.1,False
EMP019,Mia Desai,PMO,PRJ09,2026-08-17,7.2,True
EMP019,Mia Desai,PMO,PRJ09,2026-08-17,0.7,False
EMP019,Mia Desai,PMO,PRJ09,2026-08-18,4.0,True
EMP019,Mia Desai,PMO,PRJ09,2026-08-18,1.7,False
EMP019,Mia Desai,PMO,PRJ09,2026-08-19,5.6,True
EMP019,Mia Desai,PMO,PRJ09,2026-08-19,2.0,False
EMP019,Mia Desai,PMO,PRJ09,2026-08-20,6.9,True
EMP019,Mia Desai,PMO,PRJ09,2026-08-20,1.3,False
EMP019,Mia Desai,PMO,PRJ09,2026-08-21,5.1,True
EMP019,Mia Desai,PMO,PRJ09,2026-08-21,0.9,False
EMP019,Mia Desai,PMO,PRJ09,2026-08-24,4.4,True
EMP019,Mia Desai,PMO,PRJ09,2026-08-24,1.7,False
EMP019,Mia Desai,PMO,PRJ09,2026-08-25,5.7,True
EMP019,Mia Desai,PMO,PRJ09,2026-08-25,1.1,False
EMP019,Mia Desai,PMO,PRJ09,2026-08-26,5.0,True
EMP019,Mia Desai,PMO,PRJ09,2026-08-26,0.6,False
EMP019,Mia Desai,PMO,PRJ09,2026-08-27,7.6,True
EMP019,Mia Desai,PMO,PRJ09,2026-08-27,0.5,False
EMP019,Mia Desai,PMO,PRJ09,2026-08-28,6.1,True
EMP019,Mia Desai,PMO,PRJ09,2026-08-28,2.1,False
EMP019,Mia Desai,PMO,PRJ09,2026-08-31,5.1,True
EMP019,Mia Desai,PMO,PRJ09,2026-08-31,1.6,False
EMP020,Nikhil Gupta,Design,PRJ06,2026-06-01,5.1,True
EMP020,Nikhil Gupta,Design,PRJ06,2026-06-01,1.1,False
EMP020,Nikhil Gupta,Design,PRJ06,2026-06-02,7.7,True
EMP020,Nikhil Gupta,Design,PRJ06,2026-06-02,0.6,False
EMP020,Nikhil Gupta,Design,PRJ06,2026-06-03,6.4,True
EMP020,Nikhil Gupta,Design,PRJ06,2026-06-03,0.9,False
EMP020,Nikhil Gupta,Design,PRJ06,2026-06-04,5.9,True
EMP020,Nikhil Gupta,Design,PRJ06,2026-06-04,0.8,False
EMP020,Nikhil Gupta,Design,PRJ06,2026-06-05,4.1,True
EMP020,Nikhil Gupta,Design,PRJ06,2026-06-05,1.7,False
EMP020,Nikhil Gupta,Design,PRJ06,2026-06-08,5.8,True
EMP020,Nikhil Gupta,Design,PRJ06,2026-06-08,1.5,False
EMP020,Nikhil Gupta,Design,PRJ06,2026-06-09,5.6,True
EMP020,Nikhil Gupta,Design,PRJ06,2026-06-09,1.5,False
EMP020,Nikhil Gupta,Design,PRJ06,2026-06-10,6.3,True
EMP020,Nikhil Gupta,Design,PRJ06,2026-06-10,2.0,False
EMP020,Nikhil Gupta,Design,PRJ06,2026-06-12,6.6,True
EMP020,Nikhil Gupta,Design,PRJ06,2026-06-12,0.7,False
EMP020,Nikhil Gupta,Design,PRJ06,2026-06-15,5.1,True
EMP020,Nikhil Gupta,Design,PRJ06,2026-06-15,1.1,False
EMP020,Nikhil Gupta,Design,PRJ06,2026-06-16,7.0,True
EMP020,Nikhil Gupta,Design,PRJ06,2026-06-16,1.2,False
EMP020,Nikhil Gupta,Design,PRJ06,2026-06-17,6.3,True
EMP020,Nikhil Gupta,Design,PRJ06,2026-06-17,1.9,False
EMP020,Nikhil Gupta,Design,PRJ06,2026-06-18,5.8,True
EMP020,Nikhil Gupta,Design,PRJ06,2026-06-18,2.0,False
EMP020,Nikhil Gupta,Design,PRJ06,2026-06-19,7.1,True
EMP020,Nikhil Gupta,Design,PRJ06,2026-06-19,1.0,False
EMP020,Nikhil Gupta,Design,PRJ06,2026-06-22,5.0,True
EMP020,Nikhil Gupta,Design,PRJ06,2026-06-22,0.7,False
EMP020,Nikhil Gupta,Design,PRJ06,2026-06-23,6.9,True
EMP020,Nikhil Gupta,Design,PRJ06,2026-06-23,1.1,False
EMP020,Nikhil Gupta,Design,PRJ06,2026-06-24,5.3,True
EMP020,Nikhil Gupta,Design,PRJ06,2026-06-24,1.7,False
EMP020,Nikhil Gupta,Design,PRJ06,2026-06-26,6.2,
EMP020,Nikhil Gupta,Design,PRJ06,2026-06-26,1.2,False
EMP020,Nikhil Gupta,Design,PRJ06,2026-06-29,5.3,True
EMP020,Nikhil Gupta,Design,PRJ06,2026-06-29,1.1,False
EMP020,Nikhil Gupta,Design,PRJ06,2026-06-30,7.6,True
EMP020,Nikhil Gupta,Design,PRJ06,2026-06-30,0.8,False
EMP020,Nikhil Gupta,Design,PRJ06,2026-07-01,5.9,True
EMP020,Nikhil Gupta,Design,PRJ06,2026-07-01,2.0,False
EMP020,Nikhil Gupta,Design,PRJ06,2026-07-02,5.0,True
EMP020,Nikhil Gupta,Design,PRJ06,2026-07-02,1.0,False
EMP020,Nikhil Gupta,Design,PRJ06,2026-07-03,4.7,True
EMP020,Nikhil Gupta,Design,PRJ06,2026-07-03,2.0,False
EMP020,Nikhil Gupta,Design,PRJ06,2026-07-06,5.8,True
EMP020,Nikhil Gupta,Design,PRJ06,2026-07-06,0.4,False
EMP020,Nikhil Gupta,Design,PRJ06,2026-07-07,5.2,True
EMP020,Nikhil Gupta,Design,PRJ06,2026-07-07,0.9,False
EMP020,Nikhil Gupta,Design,PRJ06,2026-07-08,5.1,True
EMP020,Nikhil Gupta,Design,PRJ06,2026-07-08,2.2,False
EMP020,Nikhil Gupta,Design,PRJ06,2026-07-09,4.4,True
EMP020,Nikhil Gupta,Design,PRJ06,2026-07-09,1.1,False
EMP020,Nikhil Gupta,Design,PRJ06,2026-07-10,4.4,True
EMP020,Nikhil Gupta,Design,PRJ06,2026-07-10,1.8,False
EMP020,Nikhil Gupta,Design,PRJ06,2026-07-13,5.4,True
EMP020,Nikhil Gupta,Design,PRJ06,2026-07-13,0.5,False
EMP020,Nikhil Gupta,Design,PRJ06,2026-07-14,5.8,True
EMP020,Nikhil Gupta,Design,PRJ06,2026-07-14,1.7,False
EMP020,Nikhil Gupta,Design,PRJ06,2026-07-16,4.9,True
EMP020,Nikhil Gupta,Design,PRJ06,2026-07-16,1.3,False
EMP020,Nikhil Gupta,Design,PRJ06,2026-07-17,4.5,True
EMP020,Nikhil Gupta,Design,PRJ06,2026-07-17,2.4,False
EMP020,Nikhil Gupta,Design,PRJ06,2026-07-20,4.8,True
EMP020,Nikhil Gupta,Design,PRJ06,2026-07-20,1.9,False
EMP020,Nikhil Gupta,Design,PRJ06,2026-07-21,4.3,True
EMP020,Nikhil Gupta,Design,PRJ06,2026-07-21,2.0,False
EMP020,Nikhil Gupta,Design,PRJ06,2026-07-22,5.2,
EMP020,Nikhil Gupta,Design,PRJ06,2026-07-22,1.7,False
EMP020,Nikhil Gupta,Design,PRJ06,2026-07-23,6.2,True
EMP020,Nikhil Gupta,Design,PRJ06,2026-07-23,0.4,False
EMP020,Nikhil Gupta,Design,PRJ06,2026-07-24,3.9,True
EMP020,Nikhil Gupta,Design,PRJ06,2026-07-24,1.7,False
EMP020,Nikhil Gupta,Design,PRJ06,2026-07-27,5.6,True
EMP020,Nikhil Gupta,Design,PRJ06,2026-07-27,2.5,False
EMP020,Nikhil Gupta,Design,PRJ06,2026-07-28,4.7,True
EMP020,Nikhil Gupta,Design,PRJ06,2026-07-28,1.6,False
EMP020,Nikhil Gupta,Design,PRJ06,2026-07-29,4.8,True
EMP020,Nikhil Gupta,Design,PRJ06,2026-07-29,1.5,False
EMP020,Nikhil Gupta,Design,PRJ06,2026-07-30,6.4,True
EMP020,Nikhil Gupta,Design,PRJ06,2026-07-30,0.9,False
EMP020,Nikhil Gupta,Design,PRJ06,2026-07-31,5.2,True
EMP020,Nikhil Gupta,Design,PRJ06,2026-07-31,0.8,False
EMP020,Nikhil Gupta,Design,PRJ06,2026-08-03,6.9,True
EMP020,Nikhil Gupta,Design,PRJ06,2026-08-03,1.2,False
EMP020,Nikhil Gupta,Design,PRJ06,2026-08-04,4.1,True
EMP020,Nikhil Gupta,Design,PRJ06,2026-08-04,2.1,False
EMP020,Nikhil Gupta,Design,PRJ06,2026-08-05,5.3,True
EMP020,Nikhil Gupta,Design,PRJ06,2026-08-05,0.5,False
EMP020,Nikhil Gupta,Design,PRJ06,2026-08-06,6.0,True
EMP020,Nikhil Gupta,Design,PRJ06,2026-08-06,1.6,False
EMP020,Nikhil Gupta,Design,PRJ06,2026-08-07,4.5,True
EMP020,Nikhil Gupta,Design,PRJ06,2026-08-07,1.4,False
EMP020,Nikhil Gupta,Design,PRJ06,2026-08-10,4.8,True
EMP020,Nikhil Gupta,Design,PRJ06,2026-08-10,1.2,False
EMP020,Nikhil Gupta,Design,PRJ06,2026-08-11,5.8,True
EMP020,Nikhil Gupta,Design,PRJ06,2026-08-11,0.3,False
EMP020,Nikhil Gupta,Design,PRJ06,2026-08-12,4.5,True
EMP020,Nikhil Gupta,Design,PRJ06,2026-08-12,2.2,False
EMP020,Nikhil Gupta,Design,PRJ06,2026-08-13,4.8,True
EMP020,Nikhil Gupta,Design,PRJ06,2026-08-13,0.8,False
EMP020,Nikhil Gupta,Design,PRJ06,2026-08-14,7.6,True
EMP020,Nikhil Gupta,Design,PRJ06,2026-08-14,0.8,False
EMP020,Nikhil Gupta,Design,PRJ06,2026-08-17,6.0,True
EMP020,Nikhil Gupta,Design,PRJ06,2026-08-17,1.6,False
EMP020,Nikhil Gupta,Design,PRJ06,2026-08-19,7.0,True
EMP020,Nikhil Gupta,Design,PRJ06,2026-08-19,0.5,False
EMP020,Nikhil Gupta,Design,PRJ06,2026-08-20,7.3,True
EMP020,Nikhil Gupta,Design,PRJ06,2026-08-20,0.9,False
EMP020,Nikhil Gupta,Design,PRJ06,2026-08-21,5.5,True
EMP020,Nikhil Gupta,Design,PRJ06,2026-08-21,1.9,False
EMP020,Nikhil Gupta,Design,PRJ06,2026-08-24,4.9,True
EMP020,Nikhil Gupta,Design,PRJ06,2026-08-24,2.4,False
EMP020,Nikhil Gupta,Design,PRJ06,2026-08-25,5.5,True
EMP020,Nikhil Gupta,Design,PRJ06,2026-08-25,2.6,False
EMP020,Nikhil Gupta,Design,PRJ06,2026-08-26,5.6,True
EMP020,Nikhil Gupta,Design,PRJ06,2026-08-26,0.8,False
EMP020,Nikhil Gupta,Design,PRJ06,2026-08-27,6.1,True
EMP020,Nikhil Gupta,Design,PRJ06,2026-08-27,0.7,False
EMP020,Nikhil Gupta,Design,PRJ06,2026-08-28,4.5,True
EMP020,Nikhil Gupta,Design,PRJ06,2026-08-28,2.1,False
EMP020,Nikhil Gupta,Design,PRJ06,2026-08-31,6.5,True
EMP020,Nikhil Gupta,Design,PRJ06,2026-08-31,1.7,False
EMP021,Sophia Scott,Design,PRJ06,2026-06-01,5.1,True
EMP021,Sophia Scott,Design,PRJ06,2026-06-01,1.0,False
EMP021,Sophia Scott,Design,PRJ06,2026-06-02,4.9,True
EMP021,Sophia Scott,Design,PRJ06,2026-06-02,2.0,False
EMP021,Sophia Scott,Design,PRJ06,2026-06-03,5.0,True
EMP021,Sophia Scott,Design,PRJ06,2026-06-03,2.4,False
EMP021,Sophia Scott,Design,PRJ06,2026-06-04,4.8,True
EMP021,Sophia Scott,Design,PRJ06,2026-06-04,2.1,False
EMP021,Sophia Scott,Design,PRJ06,2026-06-05,4.8,True
EMP021,Sophia Scott,Design,PRJ06,2026-06-05,1.4,False
EMP021,Sophia Scott,Design,PRJ06,2026-06-08,5.6,True
EMP021,Sophia Scott,Design,PRJ06,2026-06-08,1.4,False
EMP021,Sophia Scott,Design,PRJ06,2026-06-09,5.2,True
EMP021,Sophia Scott,Design,PRJ06,2026-06-09,2.0,False
EMP021,Sophia Scott,Design,PRJ06,2026-06-10,4.8,True
EMP021,Sophia Scott,Design,PRJ06,2026-06-10,0.7,False
EMP021,Sophia Scott,Design,PRJ06,2026-06-11,4.5,True
EMP021,Sophia Scott,Design,PRJ06,2026-06-11,2.2,False
EMP021,Sophia Scott,Design,PRJ06,2026-06-12,6.1,True
EMP021,Sophia Scott,Design,PRJ06,2026-06-12,1.7,False
EMP021,Sophia Scott,Design,PRJ06,2026-06-15,5.6,True
EMP021,Sophia Scott,Design,PRJ06,2026-06-15,2.3,False
EMP021,Sophia Scott,Design,PRJ06,2026-06-16,5.5,
EMP021,Sophia Scott,Design,PRJ06,2026-06-16,2.6,False
EMP021,Sophia Scott,Design,PRJ06,2026-06-17,4.8,True
EMP021,Sophia Scott,Design,PRJ06,2026-06-17,1.2,False
EMP021,Sophia Scott,Design,PRJ06,2026-06-18,5.8,True
EMP021,Sophia Scott,Design,PRJ06,2026-06-18,1.5,False
EMP021,Sophia Scott,Design,PRJ06,2026-06-19,6.7,True
EMP021,Sophia Scott,Design,PRJ06,2026-06-19,0.8,False
EMP021,Sophia Scott,Design,PRJ06,2026-06-23,5.2,True
EMP021,Sophia Scott,Design,PRJ06,2026-06-23,0.3,False
EMP021,Sophia Scott,Design,PRJ06,2026-06-24,5.8,True
EMP021,Sophia Scott,Design,PRJ06,2026-06-24,1.6,False
EMP021,Sophia Scott,Design,PRJ06,2026-06-25,4.6,True
EMP021,Sophia Scott,Design,PRJ06,2026-06-25,1.3,False
EMP021,Sophia Scott,Design,PRJ06,2026-06-26,7.1,
EMP021,Sophia Scott,Design,PRJ06,2026-06-26,0.5,False
EMP021,Sophia Scott,Design,PRJ06,2026-06-29,4.6,True
EMP021,Sophia Scott,Design,PRJ06,2026-06-29,1.6,False
EMP021,Sophia Scott,Design,PRJ06,2026-07-01,7.2,True
EMP021,Sophia Scott,Design,PRJ06,2026-07-01,0.4,False
EMP021,Sophia Scott,Design,PRJ06,2026-07-02,5.3,True
EMP021,Sophia Scott,Design,PRJ06,2026-07-02,1.9,False
EMP021,Sophia Scott,Design,PRJ06,2026-07-03,7.2,True
EMP021,Sophia Scott,Design,PRJ06,2026-07-03,0.5,False
EMP021,Sophia Scott,Design,PRJ06,2026-07-06,4.6,True
EMP021,Sophia Scott,Design,PRJ06,2026-07-06,1.0,False
EMP021,Sophia Scott,Design,PRJ06,2026-07-07,5.6,True
EMP021,Sophia Scott,Design,PRJ06,2026-07-07,2.6,False
EMP021,Sophia Scott,Design,PRJ06,2026-07-08,5.2,True
EMP021,Sophia Scott,Design,PRJ06,2026-07-08,0.8,False
EMP021,Sophia Scott,Design,PRJ06,2026-07-09,5.7,True
EMP021,Sophia Scott,Design,PRJ06,2026-07-09,0.5,False
EMP021,Sophia Scott,Design,PRJ06,2026-07-10,6.0,True
EMP021,Sophia Scott,Design,PRJ06,2026-07-10,1.6,False
EMP021,Sophia Scott,Design,PRJ06,2026-07-13,6.3,True
EMP021,Sophia Scott,Design,PRJ06,2026-07-13,0.5,False
EMP021,Sophia Scott,Design,PRJ06,2026-07-14,6.7,True
EMP021,Sophia Scott,Design,PRJ06,2026-07-14,1.3,False
EMP021,Sophia Scott,Design,PRJ06,2026-07-15,4.8,True
EMP021,Sophia Scott,Design,PRJ06,2026-07-15,2.1,False
EMP021,Sophia Scott,Design,PRJ06,2026-07-16,6.4,True
EMP021,Sophia Scott,Design,PRJ06,2026-07-16,0.3,False
EMP021,Sophia Scott,Design,PRJ06,2026-07-17,6.4,True
EMP021,Sophia Scott,Design,PRJ06,2026-07-17,2.1,False
EMP021,Sophia Scott,Design,PRJ06,2026-07-20,7.3,True
EMP021,Sophia Scott,Design,PRJ06,2026-07-20,0.7,False
EMP021,Sophia Scott,Design,PRJ06,2026-07-21,4.2,True
EMP021,Sophia Scott,Design,PRJ06,2026-07-21,1.6,False
EMP021,Sophia Scott,Design,PRJ06,2026-07-22,7.0,True
EMP021,Sophia Scott,Design,PRJ06,2026-07-22,0.9,False
EMP021,Sophia Scott,Design,PRJ06,2026-07-23,6.7,True
EMP021,Sophia Scott,Design,PRJ06,2026-07-23,1.4,False
EMP021,Sophia Scott,Design,PRJ06,2026-07-24,5.4,True
EMP021,Sophia Scott,Design,PRJ06,2026-07-24,1.4,False
EMP021,Sophia Scott,Design,PRJ06,2026-07-27,6.6,True
EMP021,Sophia Scott,Design,PRJ06,2026-07-27,0.7,False
EMP021,Sophia Scott,Design,PRJ06,2026-07-28,4.9,True
EMP021,Sophia Scott,Design,PRJ06,2026-07-28,0.9,False
EMP021,Sophia Scott,Design,PRJ06,2026-07-29,5.0,True
EMP021,Sophia Scott,Design,PRJ06,2026-07-29,1.4,False
EMP021,Sophia Scott,Design,PRJ06,2026-07-30,5.6,True
EMP021,Sophia Scott,Design,PRJ06,2026-07-30,1.8,False
EMP021,Sophia Scott,Design,PRJ06,2026-07-31,7.4,True
EMP021,Sophia Scott,Design,PRJ06,2026-07-31,1.0,False
EMP021,Sophia Scott,Design,PRJ06,2026-08-03,5.2,True
EMP021,Sophia Scott,Design,PRJ06,2026-08-03,1.3,False
EMP021,Sophia Scott,Design,PRJ06,2026-08-04,5.6,True
EMP021,Sophia Scott,Design,PRJ06,2026-08-04,1.1,False
EMP021,Sophia Scott,Design,PRJ06,2026-08-05,4.9,True
EMP021,Sophia Scott,Design,PRJ06,2026-08-05,1.9,False
EMP021,Sophia Scott,Design,PRJ06,2026-08-06,6.2,True
EMP021,Sophia Scott,Design,PRJ06,2026-08-06,0.7,False
EMP021,Sophia Scott,Design,PRJ06,2026-08-07,6.7,True
EMP021,Sophia Scott,Design,PRJ06,2026-08-07,1.1,False
EMP021,Sophia Scott,Design,PRJ06,2026-08-10,5.9,True
EMP021,Sophia Scott,Design,PRJ06,2026-08-10,2.5,False
EMP021,Sophia Scott,Design,PRJ06,2026-08-12,4.9,True
EMP021,Sophia Scott,Design,PRJ06,2026-08-12,1.1,False
EMP021,Sophia Scott,Design,PRJ06,2026-08-13,6.9,True
EMP021,Sophia Scott,Design,PRJ06,2026-08-13,0.7,False
EMP021,Sophia Scott,Design,PRJ06,2026-08-17,6.6,True
EMP021,Sophia Scott,Design,PRJ06,2026-08-17,0.5,False
EMP021,Sophia Scott,Design,PRJ06,2026-08-18,6.3,True
EMP021,Sophia Scott,Design,PRJ06,2026-08-18,0.8,False
EMP021,Sophia Scott,Design,PRJ06,2026-08-19,6.0,True
EMP021,Sophia Scott,Design,PRJ06,2026-08-19,1.8,False
EMP021,Sophia Scott,Design,PRJ06,2026-08-20,5.4,True
EMP021,Sophia Scott,Design,PRJ06,2026-08-20,1.7,False
EMP021,Sophia Scott,Design,PRJ06,2026-08-21,4.9,True
EMP021,Sophia Scott,Design,PRJ06,2026-08-21,1.2,False
EMP021,Sophia Scott,Design,PRJ06,2026-08-24,4.0,True
EMP021,Sophia Scott,Design,PRJ06,2026-08-24,2.0,False
EMP021,Sophia Scott,Design,PRJ06,2026-08-25,7.3,True
EMP021,Sophia Scott,Design,PRJ06,2026-08-25,0.4,False
EMP021,Sophia Scott,Design,PRJ06,2026-08-26,5.1,True
EMP021,Sophia Scott,Design,PRJ06,2026-08-26,1.2,False
EMP021,Sophia Scott,Design,PRJ06,2026-08-27,4.4,True
EMP021,Sophia Scott,Design,PRJ06,2026-08-27,1.5,False
EMP021,Sophia Scott,Design,PRJ06,2026-08-28,7.5,True
EMP021,Sophia Scott,Design,PRJ06,2026-08-28,0.4,False
EMP021,Sophia Scott,Design,PRJ06,2026-08-31,6.8,True
EMP021,Sophia Scott,Design,PRJ06,2026-08-31,1.1,False
EMP022,Arjun Singh,Strategy,PRJ01,2026-06-01,5.4,True
EMP022,Arjun Singh,Strategy,PRJ01,2026-06-01,1.1,False
EMP022,Arjun Singh,Strategy,PRJ01,2026-06-02,5.3,True
EMP022,Arjun Singh,Strategy,PRJ01,2026-06-02,1.5,False
EMP022,Arjun Singh,Strategy,PRJ01,2026-06-03,5.4,True
EMP022,Arjun Singh,Strategy,PRJ01,2026-06-03,1.5,False
EMP022,Arjun Singh,Strategy,PRJ01,2026-06-04,6.4,True
EMP022,Arjun Singh,Strategy,PRJ01,2026-06-04,0.8,False
EMP022,Arjun Singh,Strategy,PRJ01,2026-06-05,7.3,True
EMP022,Arjun Singh,Strategy,PRJ01,2026-06-05,1.2,False
EMP022,Arjun Singh,Strategy,PRJ01,2026-06-08,4.8,True
EMP022,Arjun Singh,Strategy,PRJ01,2026-06-08,1.2,False
EMP022,Arjun Singh,Strategy,PRJ01,2026-06-09,6.9,True
EMP022,Arjun Singh,Strategy,PRJ01,2026-06-09,0.7,False
EMP022,Arjun Singh,Strategy,PRJ01,2026-06-10,3.9,True
EMP022,Arjun Singh,Strategy,PRJ01,2026-06-10,1.7,False
EMP022,Arjun Singh,Strategy,PRJ01,2026-06-11,5.5,True
EMP022,Arjun Singh,Strategy,PRJ01,2026-06-11,2.6,False
EMP022,Arjun Singh,Strategy,PRJ01,2026-06-12,4.6,True
EMP022,Arjun Singh,Strategy,PRJ01,2026-06-12,1.4,False
EMP022,Arjun Singh,Strategy,PRJ01,2026-06-15,5.5,True
EMP022,Arjun Singh,Strategy,PRJ01,2026-06-15,2.4,False
EMP022,Arjun Singh,Strategy,PRJ01,2026-06-16,5.9,
EMP022,Arjun Singh,Strategy,PRJ01,2026-06-16,2.3,False
EMP022,Arjun Singh,Strategy,PRJ01,2026-06-17,3.8,True
EMP022,Arjun Singh,Strategy,PRJ01,2026-06-17,1.9,False
EMP022,Arjun Singh,Strategy,PRJ01,2026-06-18,7.3,True
EMP022,Arjun Singh,Strategy,PRJ01,2026-06-18,0.9,False
EMP022,Arjun Singh,Strategy,PRJ01,2026-06-19,4.1,True
EMP022,Arjun Singh,Strategy,PRJ01,2026-06-19,1.8,False
EMP022,Arjun Singh,Strategy,PRJ01,2026-06-22,5.1,True
EMP022,Arjun Singh,Strategy,PRJ01,2026-06-22,0.8,False
EMP022,Arjun Singh,Strategy,PRJ01,2026-06-23,4.8,True
EMP022,Arjun Singh,Strategy,PRJ01,2026-06-23,1.9,False
EMP022,Arjun Singh,Strategy,PRJ01,2026-06-24,5.9,True
EMP022,Arjun Singh,Strategy,PRJ01,2026-06-24,1.6,False
EMP022,Arjun Singh,Strategy,PRJ01,2026-06-25,6.2,True
EMP022,Arjun Singh,Strategy,PRJ01,2026-06-25,1.4,False
EMP022,Arjun Singh,Strategy,PRJ01,2026-06-26,5.1,True
EMP022,Arjun Singh,Strategy,PRJ01,2026-06-26,2.1,False
EMP022,Arjun Singh,Strategy,PRJ01,2026-06-29,6.2,True
EMP022,Arjun Singh,Strategy,PRJ01,2026-06-29,1.6,False
EMP022,Arjun Singh,Strategy,PRJ01,2026-06-30,3.9,True
EMP022,Arjun Singh,Strategy,PRJ01,2026-06-30,2.1,False
EMP022,Arjun Singh,Strategy,PRJ01,2026-07-01,6.4,True
EMP022,Arjun Singh,Strategy,PRJ01,2026-07-01,1.8,False
EMP022,Arjun Singh,Strategy,PRJ01,2026-07-02,5.3,True
EMP022,Arjun Singh,Strategy,PRJ01,2026-07-02,2.8,False
EMP022,Arjun Singh,Strategy,PRJ01,2026-07-06,4.5,True
EMP022,Arjun Singh,Strategy,PRJ01,2026-07-06,2.1,False
EMP022,Arjun Singh,Strategy,PRJ01,2026-07-07,5.3,True
EMP022,Arjun Singh,Strategy,PRJ01,2026-07-07,0.7,False
EMP022,Arjun Singh,Strategy,PRJ01,2026-07-08,5.0,True
EMP022,Arjun Singh,Strategy,PRJ01,2026-07-08,1.0,False
EMP022,Arjun Singh,Strategy,PRJ01,2026-07-09,4.3,True
EMP022,Arjun Singh,Strategy,PRJ01,2026-07-09,2.1,False
EMP022,Arjun Singh,Strategy,PRJ01,2026-07-10,5.9,True
EMP022,Arjun Singh,Strategy,PRJ01,2026-07-10,0.7,False
EMP022,Arjun Singh,Strategy,PRJ01,2026-07-13,5.3,True
EMP022,Arjun Singh,Strategy,PRJ01,2026-07-13,2.0,False
EMP022,Arjun Singh,Strategy,PRJ01,2026-07-14,5.3,True
EMP022,Arjun Singh,Strategy,PRJ01,2026-07-14,1.2,False
EMP022,Arjun Singh,Strategy,PRJ01,2026-07-15,5.7,True
EMP022,Arjun Singh,Strategy,PRJ01,2026-07-15,0.5,False
EMP022,Arjun Singh,Strategy,PRJ01,2026-07-16,5.1,True
EMP022,Arjun Singh,Strategy,PRJ01,2026-07-16,0.7,False
EMP022,Arjun Singh,Strategy,PRJ01,2026-07-17,4.9,True
EMP022,Arjun Singh,Strategy,PRJ01,2026-07-17,0.9,False
EMP022,Arjun Singh,Strategy,PRJ01,2026-07-20,5.0,True
EMP022,Arjun Singh,Strategy,PRJ01,2026-07-20,2.1,False
EMP022,Arjun Singh,Strategy,PRJ01,2026-07-21,6.4,True
EMP022,Arjun Singh,Strategy,PRJ01,2026-07-21,1.8,False
EMP022,Arjun Singh,Strategy,PRJ01,2026-07-22,6.3,
EMP022,Arjun Singh,Strategy,PRJ01,2026-07-22,1.1,False
EMP022,Arjun Singh,Strategy,PRJ01,2026-07-23,5.7,True
EMP022,Arjun Singh,Strategy,PRJ01,2026-07-23,1.2,False
EMP022,Arjun Singh,Strategy,PRJ01,2026-07-24,5.5,True
EMP022,Arjun Singh,Strategy,PRJ01,2026-07-24,0.6,False
EMP022,Arjun Singh,Strategy,PRJ01,2026-07-27,5.3,True
EMP022,Arjun Singh,Strategy,PRJ01,2026-07-27,1.9,False
EMP022,Arjun Singh,Strategy,PRJ01,2026-07-28,7.3,True
EMP022,Arjun Singh,Strategy,PRJ01,2026-07-28,0.4,False
EMP022,Arjun Singh,Strategy,PRJ01,2026-07-29,7.2,True
EMP022,Arjun Singh,Strategy,PRJ01,2026-07-29,0.7,False
EMP022,Arjun Singh,Strategy,PRJ01,2026-07-30,5.6,True
EMP022,Arjun Singh,Strategy,PRJ01,2026-07-30,2.0,False
EMP022,Arjun Singh,Strategy,PRJ01,2026-07-31,4.8,True
EMP022,Arjun Singh,Strategy,PRJ01,2026-07-31,2.5,False
EMP022,Arjun Singh,Strategy,PRJ01,2026-08-04,7.0,True
EMP022,Arjun Singh,Strategy,PRJ01,2026-08-04,1.2,False
EMP022,Arjun Singh,Strategy,PRJ01,2026-08-05,5.4,True
EMP022,Arjun Singh,Strategy,PRJ01,2026-08-05,1.6,False
EMP022,Arjun Singh,Strategy,PRJ01,2026-08-06,3.8,True
EMP022,Arjun Singh,Strategy,PRJ01,2026-08-06,1.9,False
EMP022,Arjun Singh,Strategy,PRJ01,2026-08-07,7.1,True
EMP022,Arjun Singh,Strategy,PRJ01,2026-08-07,0.8,False
EMP022,Arjun Singh,Strategy,PRJ01,2026-08-10,7.5,True
EMP022,Arjun Singh,Strategy,PRJ01,2026-08-10,0.4,False
EMP022,Arjun Singh,Strategy,PRJ01,2026-08-11,4.9,True
EMP022,Arjun Singh,Strategy,PRJ01,2026-08-11,1.9,False
EMP022,Arjun Singh,Strategy,PRJ01,2026-08-12,5.4,True
EMP022,Arjun Singh,Strategy,PRJ01,2026-08-12,2.2,False
EMP022,Arjun Singh,Strategy,PRJ01,2026-08-13,7.9,True
EMP022,Arjun Singh,Strategy,PRJ01,2026-08-13,0.5,False
EMP022,Arjun Singh,Strategy,PRJ01,2026-08-14,5.4,True
EMP022,Arjun Singh,Strategy,PRJ01,2026-08-14,2.2,False
EMP022,Arjun Singh,Strategy,PRJ01,2026-08-17,4.3,True
EMP022,Arjun Singh,Strategy,PRJ01,2026-08-17,1.5,False
EMP022,Arjun Singh,Strategy,PRJ01,2026-08-18,6.6,True
EMP022,Arjun Singh,Strategy,PRJ01,2026-08-18,1.1,False
EMP022,Arjun Singh,Strategy,PRJ01,2026-08-19,4.1,True
EMP022,Arjun Singh,Strategy,PRJ01,2026-08-19,1.6,False
EMP022,Arjun Singh,Strategy,PRJ01,2026-08-20,5.7,True
EMP022,Arjun Singh,Strategy,PRJ01,2026-08-20,0.6,False
EMP022,Arjun Singh,Strategy,PRJ01,2026-08-21,5.2,
EMP022,Arjun Singh,Strategy,PRJ01,2026-08-21,1.9,False
EMP022,Arjun Singh,Strategy,PRJ01,2026-08-24,6.3,True
EMP022,Arjun Singh,Strategy,PRJ01,2026-08-24,1.2,False
EMP022,Arjun Singh,Strategy,PRJ01,2026-08-25,5.4,True
EMP022,Arjun Singh,Strategy,PRJ01,2026-08-25,0.9,False
EMP022,Arjun Singh,Strategy,PRJ01,2026-08-26,4.9,True
EMP022,Arjun Singh,Strategy,PRJ01,2026-08-26,0.7,False
EMP022,Arjun Singh,Strategy,PRJ01,2026-08-27,4.4,True
EMP022,Arjun Singh,Strategy,PRJ01,2026-08-27,2.4,False
EMP022,Arjun Singh,Strategy,PRJ01,2026-08-28,7.5,True
EMP022,Arjun Singh,Strategy,PRJ01,2026-08-28,0.4,False
EMP022,Arjun Singh,Strategy,PRJ01,2026-08-31,4.1,True
EMP022,Arjun Singh,Strategy,PRJ01,2026-08-31,1.6,False
EMP023,Ishita Gupta,PMO,PRJ02,2026-06-01,2.6,True
EMP023,Ishita Gupta,PMO,PRJ02,2026-06-01,3.0,False
EMP023,Ishita Gupta,PMO,PRJ02,2026-06-02,2.7,True
EMP023,Ishita Gupta,PMO,PRJ02,2026-06-02,3.8,False
EMP023,Ishita Gupta,PMO,PRJ09,2026-06-03,4.4,True
EMP023,Ishita Gupta,PMO,PRJ09,2026-06-03,3.6,False
EMP023,Ishita Gupta,PMO,PRJ02,2026-06-04,3.9,True
EMP023,Ishita Gupta,PMO,PRJ02,2026-06-04,3.9,False
EMP023,Ishita Gupta,PMO,PRJ02,2026-06-05,2.1,True
EMP023,Ishita Gupta,PMO,PRJ02,2026-06-05,3.7,False
EMP023,Ishita Gupta,PMO,PRJ02,2026-06-08,4.1,True
EMP023,Ishita Gupta,PMO,PRJ02,2026-06-08,3.5,False
EMP023,Ishita Gupta,PMO,PRJ02,2026-06-09,3.2,True
EMP023,Ishita Gupta,PMO,PRJ02,2026-06-09,3.2,False
EMP023,Ishita Gupta,PMO,PRJ01,2026-06-10,3.2,True
EMP023,Ishita Gupta,PMO,PRJ01,2026-06-10,2.5,False
EMP023,Ishita Gupta,PMO,PRJ09,2026-06-11,3.1,True
EMP023,Ishita Gupta,PMO,PRJ09,2026-06-11,3.1,False
EMP023,Ishita Gupta,PMO,PRJ09,2026-06-12,3.2,True
EMP023,Ishita Gupta,PMO,PRJ09,2026-06-12,3.7,False
EMP023,Ishita Gupta,PMO,PRJ01,2026-06-15,4.5,True
EMP023,Ishita Gupta,PMO,PRJ01,2026-06-15,3.8,False
EMP023,Ishita Gupta,PMO,PRJ09,2026-06-16,2.0,True
EMP023,Ishita Gupta,PMO,PRJ09,2026-06-16,3.8,False
EMP023,Ishita Gupta,PMO,PRJ09,2026-06-17,3.0,True
EMP023,Ishita Gupta,PMO,PRJ09,2026-06-17,3.1,False
EMP023,Ishita Gupta,PMO,PRJ02,2026-06-18,3.5,True
EMP023,Ishita Gupta,PMO,PRJ02,2026-06-18,3.4,False
EMP023,Ishita Gupta,PMO,PRJ01,2026-06-19,2.4,True
EMP023,Ishita Gupta,PMO,PRJ01,2026-06-19,3.3,False
EMP023,Ishita Gupta,PMO,PRJ09,2026-06-22,3.3,True
EMP023,Ishita Gupta,PMO,PRJ09,2026-06-22,3.3,False
EMP023,Ishita Gupta,PMO,PRJ01,2026-06-23,2.8,True
EMP023,Ishita Gupta,PMO,PRJ01,2026-06-23,3.6,False
EMP023,Ishita Gupta,PMO,PRJ02,2026-06-24,2.9,True
EMP023,Ishita Gupta,PMO,PRJ02,2026-06-24,4.6,False
EMP023,Ishita Gupta,PMO,PRJ02,2026-06-25,3.7,True
EMP023,Ishita Gupta,PMO,PRJ02,2026-06-25,4.4,False
EMP023,Ishita Gupta,PMO,PRJ02,2026-06-26,2.2,True
EMP023,Ishita Gupta,PMO,PRJ02,2026-06-26,3.9,False
EMP023,Ishita Gupta,PMO,PRJ01,2026-06-29,4.2,True
EMP023,Ishita Gupta,PMO,PRJ01,2026-06-29,4.2,False
EMP023,Ishita Gupta,PMO,PRJ01,2026-06-30,2.8,True
EMP023,Ishita Gupta,PMO,PRJ01,2026-06-30,3.7,False
EMP023,Ishita Gupta,PMO,PRJ02,2026-07-01,2.8,True
EMP023,Ishita Gupta,PMO,PRJ02,2026-07-01,5.1,False
EMP023,Ishita Gupta,PMO,PRJ02,2026-07-02,3.5,True
EMP023,Ishita Gupta,PMO,PRJ02,2026-07-02,4.1,False
EMP023,Ishita Gupta,PMO,PRJ09,2026-07-03,3.6,True
EMP023,Ishita Gupta,PMO,PRJ09,2026-07-03,4.8,False
EMP023,Ishita Gupta,PMO,PRJ02,2026-07-06,2.8,True
EMP023,Ishita Gupta,PMO,PRJ02,2026-07-06,5.2,False
EMP023,Ishita Gupta,PMO,PRJ09,2026-07-08,2.6,True
EMP023,Ishita Gupta,PMO,PRJ09,2026-07-08,3.8,False
EMP023,Ishita Gupta,PMO,PRJ01,2026-07-09,3.4,True
EMP023,Ishita Gupta,PMO,PRJ01,2026-07-09,5.0,False
EMP023,Ishita Gupta,PMO,PRJ09,2026-07-10,3.3,True
EMP023,Ishita Gupta,PMO,PRJ09,2026-07-10,4.4,False
EMP023,Ishita Gupta,PMO,PRJ02,2026-07-13,2.5,True
EMP023,Ishita Gupta,PMO,PRJ02,2026-07-13,3.5,False
EMP023,Ishita Gupta,PMO,PRJ02,2026-07-14,3.6,True
EMP023,Ishita Gupta,PMO,PRJ02,2026-07-14,3.0,False
EMP023,Ishita Gupta,PMO,PRJ01,2026-07-15,3.1,True
EMP023,Ishita Gupta,PMO,PRJ01,2026-07-15,3.8,False
EMP023,Ishita Gupta,PMO,PRJ01,2026-07-16,5.0,True
EMP023,Ishita Gupta,PMO,PRJ01,2026-07-16,3.4,False
EMP023,Ishita Gupta,PMO,PRJ02,2026-07-17,3.4,True
EMP023,Ishita Gupta,PMO,PRJ02,2026-07-17,2.5,False
EMP023,Ishita Gupta,PMO,PRJ09,2026-07-20,3.3,True
EMP023,Ishita Gupta,PMO,PRJ09,2026-07-20,3.3,False
EMP023,Ishita Gupta,PMO,PRJ09,2026-07-21,2.9,True
EMP023,Ishita Gupta,PMO,PRJ09,2026-07-21,4.4,False
EMP023,Ishita Gupta,PMO,PRJ01,2026-07-22,3.1,True
EMP023,Ishita Gupta,PMO,PRJ01,2026-07-22,3.1,False
EMP023,Ishita Gupta,PMO,PRJ02,2026-07-23,4.8,True
EMP023,Ishita Gupta,PMO,PRJ02,2026-07-23,3.6,False
EMP023,Ishita Gupta,PMO,PRJ02,2026-07-24,4.0,True
EMP023,Ishita Gupta,PMO,PRJ02,2026-07-24,3.9,False
EMP023,Ishita Gupta,PMO,PRJ01,2026-07-27,3.5,True
EMP023,Ishita Gupta,PMO,PRJ01,2026-07-27,3.9,False
EMP023,Ishita Gupta,PMO,PRJ01,2026-07-28,3.7,True
EMP023,Ishita Gupta,PMO,PRJ01,2026-07-28,3.9,False
EMP023,Ishita Gupta,PMO,PRJ09,2026-07-29,2.8,True
EMP023,Ishita Gupta,PMO,PRJ09,2026-07-29,3.5,False
EMP023,Ishita Gupta,PMO,PRJ02,2026-07-30,3.8,True
EMP023,Ishita Gupta,PMO,PRJ02,2026-07-30,4.4,False
EMP023,Ishita Gupta,PMO,PRJ01,2026-07-31,4.0,True
EMP023,Ishita Gupta,PMO,PRJ01,2026-07-31,4.2,False
EMP023,Ishita Gupta,PMO,PRJ09,2026-08-03,3.3,True
EMP023,Ishita Gupta,PMO,PRJ09,2026-08-03,4.5,False
EMP023,Ishita Gupta,PMO,PRJ01,2026-08-04,3.5,True
EMP023,Ishita Gupta,PMO,PRJ01,2026-08-04,3.4,False
EMP023,Ishita Gupta,PMO,PRJ01,2026-08-05,3.1,True
EMP023,Ishita Gupta,PMO,PRJ01,2026-08-05,3.5,False
EMP023,Ishita Gupta,PMO,PRJ01,2026-08-06,3.2,True
EMP023,Ishita Gupta,PMO,PRJ01,2026-08-06,3.0,False
EMP023,Ishita Gupta,PMO,PRJ02,2026-08-07,3.4,True
EMP023,Ishita Gupta,PMO,PRJ02,2026-08-07,3.6,False
EMP023,Ishita Gupta,PMO,PRJ02,2026-08-10,2.1,True
EMP023,Ishita Gupta,PMO,PRJ02,2026-08-10,3.7,False
EMP023,Ishita Gupta,PMO,PRJ09,2026-08-11,3.1,True
EMP023,Ishita Gupta,PMO,PRJ09,2026-08-11,4.4,False
EMP023,Ishita Gupta,PMO,PRJ02,2026-08-12,3.3,True
EMP023,Ishita Gupta,PMO,PRJ02,2026-08-12,3.0,False
EMP023,Ishita Gupta,PMO,PRJ02,2026-08-13,4.5,True
EMP023,Ishita Gupta,PMO,PRJ02,2026-08-13,3.2,False
EMP023,Ishita Gupta,PMO,PRJ01,2026-08-14,3.9,True
EMP023,Ishita Gupta,PMO,PRJ01,2026-08-14,2.6,False
EMP023,Ishita Gupta,PMO,PRJ02,2026-08-17,2.8,True
EMP023,Ishita Gupta,PMO,PRJ02,2026-08-17,2.7,False
EMP023,Ishita Gupta,PMO,PRJ02,2026-08-18,3.1,True
EMP023,Ishita Gupta,PMO,PRJ02,2026-08-18,4.6,False
EMP023,Ishita Gupta,PMO,PRJ01,2026-08-19,4.1,True
EMP023,Ishita Gupta,PMO,PRJ01,2026-08-19,3.7,False
EMP023,Ishita Gupta,PMO,PRJ09,2026-08-20,3.7,True
EMP023,Ishita Gupta,PMO,PRJ09,2026-08-20,4.3,False
EMP023,Ishita Gupta,PMO,PRJ02,2026-08-21,2.9,True
EMP023,Ishita Gupta,PMO,PRJ02,2026-08-21,5.2,False
EMP023,Ishita Gupta,PMO,PRJ09,2026-08-24,2.9,True
EMP023,Ishita Gupta,PMO,PRJ09,2026-08-24,5.4,False
EMP023,Ishita Gupta,PMO,PRJ01,2026-08-25,3.5,True
EMP023,Ishita Gupta,PMO,PRJ01,2026-08-25,3.3,False
EMP023,Ishita Gupta,PMO,PRJ09,2026-08-26,3.2,True
EMP023,Ishita Gupta,PMO,PRJ09,2026-08-26,3.2,False
EMP023,Ishita Gupta,PMO,PRJ01,2026-08-27,3.5,True
EMP023,Ishita Gupta,PMO,PRJ01,2026-08-27,2.5,False
EMP023,Ishita Gupta,PMO,PRJ01,2026-08-28,4.0,True
EMP023,Ishita Gupta,PMO,PRJ01,2026-08-28,4.2,False
EMP023,Ishita Gupta,PMO,PRJ02,2026-08-31,3.2,True
EMP023,Ishita Gupta,PMO,PRJ02,2026-08-31,3.5,False
EMP024,Vikram Desai,PMO,PRJ05,2026-06-01,5.5,True
EMP024,Vikram Desai,PMO,PRJ05,2026-06-01,1.9,False
EMP024,Vikram Desai,PMO,PRJ03,2026-06-02,4.8,True
EMP024,Vikram Desai,PMO,PRJ03,2026-06-02,0.8,False
EMP024,Vikram Desai,PMO,PRJ05,2026-06-03,6.3,True
EMP024,Vikram Desai,PMO,PRJ05,2026-06-03,1.9,False
EMP024,Vikram Desai,PMO,PRJ05,2026-06-04,3.8,True
EMP024,Vikram Desai,PMO,PRJ05,2026-06-04,1.9,False
EMP024,Vikram Desai,PMO,PRJ05,2026-06-05,4.7,True
EMP024,Vikram Desai,PMO,PRJ05,2026-06-05,2.0,False
EMP024,Vikram Desai,PMO,PRJ05,2026-06-08,5.9,True
EMP024,Vikram Desai,PMO,PRJ05,2026-06-08,1.8,False
EMP024,Vikram Desai,PMO,PRJ03,2026-06-09,5.9,True
EMP024,Vikram Desai,PMO,PRJ03,2026-06-09,0.9,False
EMP024,Vikram Desai,PMO,PRJ03,2026-06-10,4.5,True
EMP024,Vikram Desai,PMO,PRJ03,2026-06-10,1.9,False
EMP024,Vikram Desai,PMO,PRJ05,2026-06-12,4.4,True
EMP024,Vikram Desai,PMO,PRJ05,2026-06-12,1.3,False
EMP024,Vikram Desai,PMO,PRJ05,2026-06-15,6.4,True
EMP024,Vikram Desai,PMO,PRJ05,2026-06-15,1.7,False
EMP024,Vikram Desai,PMO,PRJ03,2026-06-16,6.4,True
EMP024,Vikram Desai,PMO,PRJ03,2026-06-16,1.7,False
EMP024,Vikram Desai,PMO,PRJ05,2026-06-17,6.2,True
EMP024,Vikram Desai,PMO,PRJ05,2026-06-17,1.8,False
EMP024,Vikram Desai,PMO,PRJ05,2026-06-18,6.4,True
EMP024,Vikram Desai,PMO,PRJ05,2026-06-18,0.5,False
EMP024,Vikram Desai,PMO,PRJ05,2026-06-19,5.0,True
EMP024,Vikram Desai,PMO,PRJ05,2026-06-19,2.6,False
EMP024,Vikram Desai,PMO,PRJ05,2026-06-22,5.9,True
EMP024,Vikram Desai,PMO,PRJ05,2026-06-22,0.5,False
EMP024,Vikram Desai,PMO,PRJ03,2026-06-23,5.4,True
EMP024,Vikram Desai,PMO,PRJ03,2026-06-23,2.4,False
EMP024,Vikram Desai,PMO,PRJ03,2026-06-24,5.8,True
EMP024,Vikram Desai,PMO,PRJ03,2026-06-24,2.0,False
EMP024,Vikram Desai,PMO,PRJ03,2026-06-25,3.7,True
EMP024,Vikram Desai,PMO,PRJ03,2026-06-25,1.9,False
EMP024,Vikram Desai,PMO,PRJ05,2026-06-26,6.2,True
EMP024,Vikram Desai,PMO,PRJ05,2026-06-26,1.9,False
EMP024,Vikram Desai,PMO,PRJ03,2026-06-29,5.0,True
EMP024,Vikram Desai,PMO,PRJ03,2026-06-29,0.9,False
EMP024,Vikram Desai,PMO,PRJ03,2026-06-30,5.1,True
EMP024,Vikram Desai,PMO,PRJ03,2026-06-30,2.0,False
EMP024,Vikram Desai,PMO,PRJ05,2026-07-01,5.6,True
EMP024,Vikram Desai,PMO,PRJ05,2026-07-01,2.4,False
EMP024,Vikram Desai,PMO,PRJ05,2026-07-02,5.1,True
EMP024,Vikram Desai,PMO,PRJ05,2026-07-02,0.8,False
EMP024,Vikram Desai,PMO,PRJ03,2026-07-03,5.2,True
EMP024,Vikram Desai,PMO,PRJ03,2026-07-03,2.3,False
EMP024,Vikram Desai,PMO,PRJ03,2026-07-06,6.6,True
EMP024,Vikram Desai,PMO,PRJ03,2026-07-06,1.6,False
EMP024,Vikram Desai,PMO,PRJ05,2026-07-07,6.7,True
EMP024,Vikram Desai,PMO,PRJ05,2026-07-07,1.2,False
EMP024,Vikram Desai,PMO,PRJ03,2026-07-08,3.7,True
EMP024,Vikram Desai,PMO,PRJ03,2026-07-08,2.0,False
EMP024,Vikram Desai,PMO,PRJ05,2026-07-09,4.8,
EMP024,Vikram Desai,PMO,PRJ05,2026-07-09,1.8,False
EMP024,Vikram Desai,PMO,PRJ05,2026-07-14,5.0,True
EMP024,Vikram Desai,PMO,PRJ05,2026-07-14,2.5,False
EMP024,Vikram Desai,PMO,PRJ03,2026-07-15,4.2,True
EMP024,Vikram Desai,PMO,PRJ03,2026-07-15,1.8,False
EMP024,Vikram Desai,PMO,PRJ05,2026-07-16,5.4,True
EMP024,Vikram Desai,PMO,PRJ05,2026-07-16,1.1,False
EMP024,Vikram Desai,PMO,PRJ05,2026-07-17,4.9,True
EMP024,Vikram Desai,PMO,PRJ05,2026-07-17,1.9,False
EMP024,Vikram Desai,PMO,PRJ03,2026-07-20,5.0,True
EMP024,Vikram Desai,PMO,PRJ03,2026-07-20,1.7,False
EMP024,Vikram Desai,PMO,PRJ03,2026-07-21,5.5,True
EMP024,Vikram Desai,PMO,PRJ03,2026-07-21,2.0,False
EMP024,Vikram Desai,PMO,PRJ03,2026-07-22,5.9,True
EMP024,Vikram Desai,PMO,PRJ03,2026-07-22,0.8,False
EMP024,Vikram Desai,PMO,PRJ05,2026-07-23,6.7,True
EMP024,Vikram Desai,PMO,PRJ05,2026-07-23,0.4,False
EMP024,Vikram Desai,PMO,PRJ03,2026-07-24,5.5,True
EMP024,Vikram Desai,PMO,PRJ03,2026-07-24,1.0,False
EMP024,Vikram Desai,PMO,PRJ03,2026-07-27,5.7,True
EMP024,Vikram Desai,PMO,PRJ03,2026-07-27,1.9,False
EMP024,Vikram Desai,PMO,PRJ03,2026-07-28,3.7,True
EMP024,Vikram Desai,PMO,PRJ03,2026-07-28,2.0,False
EMP024,Vikram Desai,PMO,PRJ05,2026-07-29,5.1,True
EMP024,Vikram Desai,PMO,PRJ05,2026-07-29,1.1,False
EMP024,Vikram Desai,PMO,PRJ03,2026-07-30,6.1,True
EMP024,Vikram Desai,PMO,PRJ03,2026-07-30,2.1,False
EMP024,Vikram Desai,PMO,PRJ03,2026-07-31,4.3,True
EMP024,Vikram Desai,PMO,PRJ03,2026-07-31,1.4,False
EMP024,Vikram Desai,PMO,PRJ03,2026-08-03,5.3,True
EMP024,Vikram Desai,PMO,PRJ03,2026-08-03,2.1,False
EMP024,Vikram Desai,PMO,PRJ05,2026-08-04,5.3,True
EMP024,Vikram Desai,PMO,PRJ05,2026-08-04,1.0,False
EMP024,Vikram Desai,PMO,PRJ05,2026-08-05,5.5,True
EMP024,Vikram Desai,PMO,PRJ05,2026-08-05,1.9,False
EMP024,Vikram Desai,PMO,PRJ05,2026-08-06,4.6,True
EMP024,Vikram Desai,PMO,PRJ05,2026-08-06,1.9,False
EMP024,Vikram Desai,PMO,PRJ05,2026-08-07,5.3,True
EMP024,Vikram Desai,PMO,PRJ05,2026-08-07,0.9,False
EMP024,Vikram Desai,PMO,PRJ05,2026-08-10,5.1,True
EMP024,Vikram Desai,PMO,PRJ05,2026-08-10,1.4,False
EMP024,Vikram Desai,PMO,PRJ05,2026-08-11,5.6,True
EMP024,Vikram Desai,PMO,PRJ05,2026-08-11,2.8,False
EMP024,Vikram Desai,PMO,PRJ05,2026-08-12,4.9,True
EMP024,Vikram Desai,PMO,PRJ05,2026-08-12,1.1,False
EMP024,Vikram Desai,PMO,PRJ05,2026-08-13,5.7,True
EMP024,Vikram Desai,PMO,PRJ05,2026-08-13,2.0,False
EMP024,Vikram Desai,PMO,PRJ03,2026-08-14,4.6,True
EMP024,Vikram Desai,PMO,PRJ03,2026-08-14,1.6,False
EMP024,Vikram Desai,PMO,PRJ03,2026-08-17,6.4,True
EMP024,Vikram Desai,PMO,PRJ03,2026-08-17,1.7,False
EMP024,Vikram Desai,PMO,PRJ03,2026-08-18,5.5,True
EMP024,Vikram Desai,PMO,PRJ03,2026-08-18,1.3,False
EMP024,Vikram Desai,PMO,PRJ03,2026-08-19,5.2,True
EMP024,Vikram Desai,PMO,PRJ03,2026-08-19,2.7,False
EMP024,Vikram Desai,PMO,PRJ05,2026-08-20,6.1,True
EMP024,Vikram Desai,PMO,PRJ05,2026-08-20,2.1,False
EMP024,Vikram Desai,PMO,PRJ03,2026-08-21,4.9,True
EMP024,Vikram Desai,PMO,PRJ03,2026-08-21,1.7,False
EMP024,Vikram Desai,PMO,PRJ03,2026-08-24,3.9,True
EMP024,Vikram Desai,PMO,PRJ03,2026-08-24,1.8,False
EMP024,Vikram Desai,PMO,PRJ03,2026-08-25,5.0,True
EMP024,Vikram Desai,PMO,PRJ03,2026-08-25,0.5,False
EMP024,Vikram Desai,PMO,PRJ03,2026-08-26,7.8,True
EMP024,Vikram Desai,PMO,PRJ03,2026-08-26,0.5,False
EMP024,Vikram Desai,PMO,PRJ05,2026-08-27,5.7,True
EMP024,Vikram Desai,PMO,PRJ05,2026-08-27,2.8,False
EMP024,Vikram Desai,PMO,PRJ03,2026-08-28,5.8,True
EMP024,Vikram Desai,PMO,PRJ03,2026-08-28,2.5,False
EMP024,Vikram Desai,PMO,PRJ03,2026-08-31,5.9,True
EMP024,Vikram Desai,PMO,PRJ03,2026-08-31,1.9,False
EMP025,Nikhil Kumar,Strategy,PRJ08,2026-06-01,5.2,True
EMP025,Nikhil Kumar,Strategy,PRJ08,2026-06-01,1.5,False
EMP025,Nikhil Kumar,Strategy,PRJ07,2026-06-03,6.3,True
EMP025,Nikhil Kumar,Strategy,PRJ07,2026-06-03,1.1,False
EMP025,Nikhil Kumar,Strategy,PRJ08,2026-06-04,6.8,True
EMP025,Nikhil Kumar,Strategy,PRJ08,2026-06-04,0.5,False
EMP025,Nikhil Kumar,Strategy,PRJ08,2026-06-05,7.6,True
EMP025,Nikhil Kumar,Strategy,PRJ08,2026-06-05,0.8,False
EMP025,Nikhil Kumar,Strategy,PRJ07,2026-06-08,5.8,True
EMP025,Nikhil Kumar,Strategy,PRJ07,2026-06-08,1.8,False
EMP025,Nikhil Kumar,Strategy,PRJ09,2026-06-09,5.0,True
EMP025,Nikhil Kumar,Strategy,PRJ09,2026-06-09,2.1,False
EMP025,Nikhil Kumar,Strategy,PRJ07,2026-06-10,6.1,True
EMP025,Nikhil Kumar,Strategy,PRJ07,2026-06-10,1.5,False
EMP025,Nikhil Kumar,Strategy,PRJ07,2026-06-11,5.0,True
EMP025,Nikhil Kumar,Strategy,PRJ07,2026-06-11,1.4,False
EMP025,Nikhil Kumar,Strategy,PRJ08,2026-06-12,6.4,True
EMP025,Nikhil Kumar,Strategy,PRJ08,2026-06-12,0.8,False
EMP025,Nikhil Kumar,Strategy,PRJ08,2026-06-15,6.6,True
EMP025,Nikhil Kumar,Strategy,PRJ08,2026-06-15,1.1,False
EMP025,Nikhil Kumar,Strategy,PRJ07,2026-06-16,3.7,True
EMP025,Nikhil Kumar,Strategy,PRJ07,2026-06-16,1.8,False
EMP025,Nikhil Kumar,Strategy,PRJ08,2026-06-17,5.0,True
EMP025,Nikhil Kumar,Strategy,PRJ08,2026-06-17,1.4,False
EMP025,Nikhil Kumar,Strategy,PRJ08,2026-06-18,4.3,True
EMP025,Nikhil Kumar,Strategy,PRJ08,2026-06-18,1.8,False
EMP025,Nikhil Kumar,Strategy,PRJ08,2026-06-19,4.1,True
EMP025,Nikhil Kumar,Strategy,PRJ08,2026-06-19,2.0,False
EMP025,Nikhil Kumar,Strategy,PRJ09,2026-06-22,7.7,True
EMP025,Nikhil Kumar,Strategy,PRJ09,2026-06-22,0.7,False
EMP025,Nikhil Kumar,Strategy,PRJ09,2026-06-23,5.7,True
EMP025,Nikhil Kumar,Strategy,PRJ09,2026-06-23,2.4,False
EMP025,Nikhil Kumar,Strategy,PRJ08,2026-06-24,3.8,True
EMP025,Nikhil Kumar,Strategy,PRJ08,2026-06-24,1.9,False
EMP025,Nikhil Kumar,Strategy,PRJ08,2026-06-25,3.9,True
EMP025,Nikhil Kumar,Strategy,PRJ08,2026-06-25,1.9,False
EMP025,Nikhil Kumar,Strategy,PRJ08,2026-06-26,4.0,True
EMP025,Nikhil Kumar,Strategy,PRJ08,2026-06-26,1.6,False
EMP025,Nikhil Kumar,Strategy,PRJ09,2026-06-29,6.1,True
EMP025,Nikhil Kumar,Strategy,PRJ09,2026-06-29,2.3,False
EMP025,Nikhil Kumar,Strategy,PRJ09,2026-06-30,5.2,True
EMP025,Nikhil Kumar,Strategy,PRJ09,2026-06-30,1.6,False
EMP025,Nikhil Kumar,Strategy,PRJ09,2026-07-01,7.1,True
EMP025,Nikhil Kumar,Strategy,PRJ09,2026-07-01,1.2,False
EMP025,Nikhil Kumar,Strategy,PRJ08,2026-07-02,7.2,True
EMP025,Nikhil Kumar,Strategy,PRJ08,2026-07-02,0.9,False
EMP025,Nikhil Kumar,Strategy,PRJ08,2026-07-03,7.1,True
EMP025,Nikhil Kumar,Strategy,PRJ08,2026-07-03,0.6,False
EMP025,Nikhil Kumar,Strategy,PRJ08,2026-07-06,6.6,True
EMP025,Nikhil Kumar,Strategy,PRJ08,2026-07-06,0.5,False
EMP025,Nikhil Kumar,Strategy,PRJ09,2026-07-07,5.9,True
EMP025,Nikhil Kumar,Strategy,PRJ09,2026-07-07,1.6,False
EMP025,Nikhil Kumar,Strategy,PRJ07,2026-07-09,6.2,True
EMP025,Nikhil Kumar,Strategy,PRJ07,2026-07-09,2.1,False
EMP025,Nikhil Kumar,Strategy,PRJ09,2026-07-10,5.9,True
EMP025,Nikhil Kumar,Strategy,PRJ09,2026-07-10,2.0,False
EMP025,Nikhil Kumar,Strategy,PRJ09,2026-07-13,6.8,True
EMP025,Nikhil Kumar,Strategy,PRJ09,2026-07-13,0.9,False
EMP025,Nikhil Kumar,Strategy,PRJ07,2026-07-14,7.9,True
EMP025,Nikhil Kumar,Strategy,PRJ07,2026-07-14,0.4,False
EMP025,Nikhil Kumar,Strategy,PRJ08,2026-07-15,4.5,True
EMP025,Nikhil Kumar,Strategy,PRJ08,2026-07-15,1.9,False
EMP025,Nikhil Kumar,Strategy,PRJ08,2026-07-16,6.8,True
EMP025,Nikhil Kumar,Strategy,PRJ08,2026-07-16,1.1,False
EMP025,Nikhil Kumar,Strategy,PRJ07,2026-07-17,5.5,True
EMP025,Nikhil Kumar,Strategy,PRJ07,2026-07-17,0.9,False
EMP025,Nikhil Kumar,Strategy,PRJ09,2026-07-20,7.7,True
EMP025,Nikhil Kumar,Strategy,PRJ09,2026-07-20,0.5,False
EMP025,Nikhil Kumar,Strategy,PRJ07,2026-07-21,5.3,True
EMP025,Nikhil Kumar,Strategy,PRJ07,2026-07-21,0.8,False
EMP025,Nikhil Kumar,Strategy,PRJ09,2026-07-22,5.6,True
EMP025,Nikhil Kumar,Strategy,PRJ09,2026-07-22,2.9,False
EMP025,Nikhil Kumar,Strategy,PRJ09,2026-07-23,4.5,True
EMP025,Nikhil Kumar,Strategy,PRJ09,2026-07-23,1.7,False
EMP025,Nikhil Kumar,Strategy,PRJ07,2026-07-24,7.0,True
EMP025,Nikhil Kumar,Strategy,PRJ07,2026-07-24,0.5,False
EMP025,Nikhil Kumar,Strategy,PRJ07,2026-07-27,6.9,True
EMP025,Nikhil Kumar,Strategy,PRJ07,2026-07-27,0.7,False
EMP025,Nikhil Kumar,Strategy,PRJ07,2026-07-28,5.6,True
EMP025,Nikhil Kumar,Strategy,PRJ07,2026-07-28,1.8,False
EMP025,Nikhil Kumar,Strategy,PRJ09,2026-07-29,6.6,True
EMP025,Nikhil Kumar,Strategy,PRJ09,2026-07-29,0.9,False
EMP025,Nikhil Kumar,Strategy,PRJ08,2026-07-30,3.9,True
EMP025,Nikhil Kumar,Strategy,PRJ08,2026-07-30,1.9,False
EMP025,Nikhil Kumar,Strategy,PRJ07,2026-07-31,5.7,True
EMP025,Nikhil Kumar,Strategy,PRJ07,2026-07-31,0.4,False
EMP025,Nikhil Kumar,Strategy,PRJ08,2026-08-03,6.9,True
EMP025,Nikhil Kumar,Strategy,PRJ08,2026-08-03,1.5,False
EMP025,Nikhil Kumar,Strategy,PRJ09,2026-08-04,4.7,True
EMP025,Nikhil Kumar,Strategy,PRJ09,2026-08-04,1.4,False
EMP025,Nikhil Kumar,Strategy,PRJ07,2026-08-05,6.7,True
EMP025,Nikhil Kumar,Strategy,PRJ07,2026-08-05,0.8,False
EMP025,Nikhil Kumar,Strategy,PRJ09,2026-08-06,3.8,True
EMP025,Nikhil Kumar,Strategy,PRJ09,2026-08-06,2.0,False
EMP025,Nikhil Kumar,Strategy,PRJ07,2026-08-07,4.6,True
EMP025,Nikhil Kumar,Strategy,PRJ07,2026-08-07,1.8,False
EMP025,Nikhil Kumar,Strategy,PRJ07,2026-08-10,5.0,True
EMP025,Nikhil Kumar,Strategy,PRJ07,2026-08-10,0.9,False
EMP025,Nikhil Kumar,Strategy,PRJ09,2026-08-11,6.0,True
EMP025,Nikhil Kumar,Strategy,PRJ09,2026-08-11,1.0,False
EMP025,Nikhil Kumar,Strategy,PRJ09,2026-08-12,6.2,True
EMP025,Nikhil Kumar,Strategy,PRJ09,2026-08-12,0.7,False
EMP025,Nikhil Kumar,Strategy,PRJ08,2026-08-13,5.1,True
EMP025,Nikhil Kumar,Strategy,PRJ08,2026-08-13,0.6,False
EMP025,Nikhil Kumar,Strategy,PRJ07,2026-08-14,6.9,True
EMP025,Nikhil Kumar,Strategy,PRJ07,2026-08-14,0.8,False
EMP025,Nikhil Kumar,Strategy,PRJ07,2026-08-17,7.1,True
EMP025,Nikhil Kumar,Strategy,PRJ07,2026-08-17,0.7,False
EMP025,Nikhil Kumar,Strategy,PRJ08,2026-08-18,6.8,True
EMP025,Nikhil Kumar,Strategy,PRJ08,2026-08-18,0.7,False
EMP025,Nikhil Kumar,Strategy,PRJ09,2026-08-19,7.1,True
EMP025,Nikhil Kumar,Strategy,PRJ09,2026-08-19,0.4,False
EMP025,Nikhil Kumar,Strategy,PRJ08,2026-08-20,5.4,True
EMP025,Nikhil Kumar,Strategy,PRJ08,2026-08-20,0.9,False
EMP025,Nikhil Kumar,Strategy,PRJ07,2026-08-21,4.3,True
EMP025,Nikhil Kumar,Strategy,PRJ07,2026-08-21,1.5,False
EMP025,Nikhil Kumar,Strategy,PRJ07,2026-08-24,6.2,True
EMP025,Nikhil Kumar,Strategy,PRJ07,2026-08-24,2.1,False
EMP025,Nikhil Kumar,Strategy,PRJ08,2026-08-25,5.6,True
EMP025,Nikhil Kumar,Strategy,PRJ08,2026-08-25,2.0,False
EMP025,Nikhil Kumar,Strategy,PRJ09,2026-08-26,5.2,True
EMP025,Nikhil Kumar,Strategy,PRJ09,2026-08-26,0.9,False
EMP025,Nikhil Kumar,Strategy,PRJ08,2026-08-27,7.1,True
EMP025,Nikhil Kumar,Strategy,PRJ08,2026-08-27,0.4,False
EMP025,Nikhil Kumar,Strategy,PRJ08,2026-08-28,5.3,True
EMP025,Nikhil Kumar,Strategy,PRJ08,2026-08-28,2.2,False
EMP025,Nikhil Kumar,Strategy,PRJ07,2026-08-31,4.0,True
EMP025,Nikhil Kumar,Strategy,PRJ07,2026-08-31,2.0,False
EMP026,Ishita Clark,Design,PRJ07,2026-06-01,5.7,True
EMP026,Ishita Clark,Design,PRJ07,2026-06-01,1.7,False
EMP026,Ishita Clark,Design,PRJ07,2026-06-02,5.3,True
EMP026,Ishita Clark,Design,PRJ07,2026-06-02,1.1,False
EMP026,Ishita Clark,Design,PRJ07,2026-06-03,6.8,True
EMP026,Ishita Clark,Design,PRJ07,2026-06-03,0.8,False
EMP026,Ishita Clark,Design,PRJ09,2026-06-04,5.5,True
EMP026,Ishita Clark,Design,PRJ09,2026-06-04,2.0,False
EMP026,Ishita Clark,Design,PRJ07,2026-06-05,4.5,True
EMP026,Ishita Clark,Design,PRJ07,2026-06-05,1.2,False
EMP026,Ishita Clark,Design,PRJ07,2026-06-08,5.3,True
EMP026,Ishita Clark,Design,PRJ07,2026-06-08,1.9,False
EMP026,Ishita Clark,Design,PRJ09,2026-06-09,5.9,True
EMP026,Ishita Clark,Design,PRJ09,2026-06-09,1.1,False
EMP026,Ishita Clark,Design,PRJ07,2026-06-10,5.6,True
EMP026,Ishita Clark,Design,PRJ07,2026-06-10,0.9,False
EMP026,Ishita Clark,Design,PRJ09,2026-06-11,6.0,True
EMP026,Ishita Clark,Design,PRJ09,2026-06-11,0.7,False
EMP026,Ishita Clark,Design,PRJ07,2026-06-12,6.4,True
EMP026,Ishita Clark,Design,PRJ07,2026-06-12,0.7,False
EMP026,Ishita Clark,Design,PRJ07,2026-06-15,5.1,
EMP026,Ishita Clark,Design,PRJ07,2026-06-15,2.4,False
EMP026,Ishita Clark,Design,PRJ07,2026-06-16,4.2,True
EMP026,Ishita Clark,Design,PRJ07,2026-06-16,2.2,False
EMP026,Ishita Clark,Design,PRJ07,2026-06-17,5.5,True
EMP026,Ishita Clark,Design,PRJ07,2026-06-17,0.8,False
EMP026,Ishita Clark,Design,PRJ09,2026-06-18,5.4,True
EMP026,Ishita Clark,Design,PRJ09,2026-06-18,1.2,False
EMP026,Ishita Clark,Design,PRJ09,2026-06-19,4.1,True
EMP026,Ishita Clark,Design,PRJ09,2026-06-19,2.1,False
EMP026,Ishita Clark,Design,PRJ09,2026-06-22,6.2,True
EMP026,Ishita Clark,Design,PRJ09,2026-06-22,1.0,False
EMP026,Ishita Clark,Design,PRJ07,2026-06-23,6.5,True
EMP026,Ishita Clark,Design,PRJ07,2026-06-23,1.1,False
EMP026,Ishita Clark,Design,PRJ07,2026-06-24,5.8,True
EMP026,Ishita Clark,Design,PRJ07,2026-06-24,0.6,False
EMP026,Ishita Clark,Design,PRJ09,2026-06-25,4.5,True
EMP026,Ishita Clark,Design,PRJ09,2026-06-25,2.1,False
EMP026,Ishita Clark,Design,PRJ09,2026-06-26,6.1,True
EMP026,Ishita Clark,Design,PRJ09,2026-06-26,0.5,False
EMP026,Ishita Clark,Design,PRJ07,2026-06-29,7.0,True
EMP026,Ishita Clark,Design,PRJ07,2026-06-29,0.5,False
EMP026,Ishita Clark,Design,PRJ07,2026-06-30,7.3,True
EMP026,Ishita Clark,Design,PRJ07,2026-06-30,0.4,False
EMP026,Ishita Clark,Design,PRJ07,2026-07-01,5.9,True
EMP026,Ishita Clark,Design,PRJ07,2026-07-01,1.5,False
EMP026,Ishita Clark,Design,PRJ07,2026-07-02,6.6,True
EMP026,Ishita Clark,Design,PRJ07,2026-07-02,1.9,False
EMP026,Ishita Clark,Design,PRJ09,2026-07-03,5.1,True
EMP026,Ishita Clark,Design,PRJ09,2026-07-03,1.2,False
EMP026,Ishita Clark,Design,PRJ09,2026-07-06,5.0,True
EMP026,Ishita Clark,Design,PRJ09,2026-07-06,1.6,False
EMP026,Ishita Clark,Design,PRJ07,2026-07-07,4.3,True
EMP026,Ishita Clark,Design,PRJ07,2026-07-07,2.0,False
EMP026,Ishita Clark,Design,PRJ09,2026-07-08,5.8,True
EMP026,Ishita Clark,Design,PRJ09,2026-07-08,2.5,False
EMP026,Ishita Clark,Design,PRJ09,2026-07-09,4.4,True
EMP026,Ishita Clark,Design,PRJ09,2026-07-09,1.4,False
EMP026,Ishita Clark,Design,PRJ09,2026-07-10,5.8,True
EMP026,Ishita Clark,Design,PRJ09,2026-07-10,2.4,False
EMP026,Ishita Clark,Design,PRJ09,2026-07-13,6.6,True
EMP026,Ishita Clark,Design,PRJ09,2026-07-13,0.9,False
EMP026,Ishita Clark,Design,PRJ07,2026-07-14,4.4,True
EMP026,Ishita Clark,Design,PRJ07,2026-07-14,1.1,False
EMP026,Ishita Clark,Design,PRJ09,2026-07-15,5.3,True
EMP026,Ishita Clark,Design,PRJ09,2026-07-15,1.9,False
EMP026,Ishita Clark,Design,PRJ07,2026-07-16,6.3,True
EMP026,Ishita Clark,Design,PRJ07,2026-07-16,1.0,False
EMP026,Ishita Clark,Design,PRJ09,2026-07-17,5.1,True
EMP026,Ishita Clark,Design,PRJ09,2026-07-17,1.8,False
EMP026,Ishita Clark,Design,PRJ07,2026-07-20,6.0,True
EMP026,Ishita Clark,Design,PRJ07,2026-07-20,2.3,False
EMP026,Ishita Clark,Design,PRJ07,2026-07-21,4.3,True
EMP026,Ishita Clark,Design,PRJ07,2026-07-21,2.1,False
EMP026,Ishita Clark,Design,PRJ07,2026-07-22,4.8,True
EMP026,Ishita Clark,Design,PRJ07,2026-07-22,1.0,False
EMP026,Ishita Clark,Design,PRJ09,2026-07-23,6.4,True
EMP026,Ishita Clark,Design,PRJ09,2026-07-23,0.6,False
EMP026,Ishita Clark,Design,PRJ07,2026-07-24,4.7,True
EMP026,Ishita Clark,Design,PRJ07,2026-07-24,1.2,False
EMP026,Ishita Clark,Design,PRJ09,2026-07-27,7.2,True
EMP026,Ishita Clark,Design,PRJ09,2026-07-27,1.0,False
EMP026,Ishita Clark,Design,PRJ07,2026-07-28,5.4,True
EMP026,Ishita Clark,Design,PRJ07,2026-07-28,0.8,False
EMP026,Ishita Clark,Design,PRJ07,2026-07-29,6.9,True
EMP026,Ishita Clark,Design,PRJ07,2026-07-29,0.6,False
EMP026,Ishita Clark,Design,PRJ07,2026-07-30,4.5,True
EMP026,Ishita Clark,Design,PRJ07,2026-07-30,1.4,False
EMP026,Ishita Clark,Design,PRJ07,2026-07-31,4.5,True
EMP026,Ishita Clark,Design,PRJ07,2026-07-31,2.1,False
EMP026,Ishita Clark,Design,PRJ09,2026-08-03,6.0,True
EMP026,Ishita Clark,Design,PRJ09,2026-08-03,2.1,False
EMP026,Ishita Clark,Design,PRJ07,2026-08-04,6.3,True
EMP026,Ishita Clark,Design,PRJ07,2026-08-04,1.4,False
EMP026,Ishita Clark,Design,PRJ07,2026-08-05,6.8,True
EMP026,Ishita Clark,Design,PRJ07,2026-08-05,1.6,False
EMP026,Ishita Clark,Design,PRJ07,2026-08-06,5.3,True
EMP026,Ishita Clark,Design,PRJ07,2026-08-06,2.7,False
EMP026,Ishita Clark,Design,PRJ07,2026-08-07,4.3,True
EMP026,Ishita Clark,Design,PRJ07,2026-08-07,2.3,False
EMP026,Ishita Clark,Design,PRJ07,2026-08-11,4.9,True
EMP026,Ishita Clark,Design,PRJ07,2026-08-11,1.2,False
EMP026,Ishita Clark,Design,PRJ09,2026-08-12,4.8,True
EMP026,Ishita Clark,Design,PRJ09,2026-08-12,0.7,False
EMP026,Ishita Clark,Design,PRJ07,2026-08-13,5.0,True
EMP026,Ishita Clark,Design,PRJ07,2026-08-13,1.4,False
EMP026,Ishita Clark,Design,PRJ09,2026-08-14,7.2,True
EMP026,Ishita Clark,Design,PRJ09,2026-08-14,1.3,False
EMP026,Ishita Clark,Design,PRJ07,2026-08-17,5.2,True
EMP026,Ishita Clark,Design,PRJ07,2026-08-17,1.6,False
EMP026,Ishita Clark,Design,PRJ09,2026-08-18,4.6,True
EMP026,Ishita Clark,Design,PRJ09,2026-08-18,1.3,False
EMP026,Ishita Clark,Design,PRJ09,2026-08-19,4.8,True
EMP026,Ishita Clark,Design,PRJ09,2026-08-19,1.3,False
EMP026,Ishita Clark,Design,PRJ07,2026-08-20,6.0,True
EMP026,Ishita Clark,Design,PRJ07,2026-08-20,1.0,False
EMP026,Ishita Clark,Design,PRJ09,2026-08-21,6.5,True
EMP026,Ishita Clark,Design,PRJ09,2026-08-21,1.6,False
EMP026,Ishita Clark,Design,PRJ09,2026-08-24,5.4,True
EMP026,Ishita Clark,Design,PRJ09,2026-08-24,2.5,False
EMP026,Ishita Clark,Design,PRJ09,2026-08-25,5.3,True
EMP026,Ishita Clark,Design,PRJ09,2026-08-25,0.9,False
EMP026,Ishita Clark,Design,PRJ09,2026-08-26,4.4,True
EMP026,Ishita Clark,Design,PRJ09,2026-08-26,1.1,False
EMP026,Ishita Clark,Design,PRJ07,2026-08-27,4.3,True
EMP026,Ishita Clark,Design,PRJ07,2026-08-27,1.9,False
EMP026,Ishita Clark,Design,PRJ07,2026-08-28,7.7,True
EMP026,Ishita Clark,Design,PRJ07,2026-08-28,0.4,False
EMP026,Ishita Clark,Design,PRJ07,2026-08-31,6.1,True
EMP026,Ishita Clark,Design,PRJ07,2026-08-31,0.8,False
EMP027,Sarah Nair,Engineering,PRJ02,2026-06-01,7.0,True
EMP027,Sarah Nair,Engineering,PRJ02,2026-06-01,1.5,False
EMP027,Sarah Nair,Engineering,PRJ02,2026-06-02,5.3,True
EMP027,Sarah Nair,Engineering,PRJ02,2026-06-02,0.3,False
EMP027,Sarah Nair,Engineering,PRJ03,2026-06-03,3.9,True
EMP027,Sarah Nair,Engineering,PRJ03,2026-06-03,1.9,False
EMP027,Sarah Nair,Engineering,PRJ03,2026-06-04,6.0,True
EMP027,Sarah Nair,Engineering,PRJ03,2026-06-04,2.4,False
EMP027,Sarah Nair,Engineering,PRJ03,2026-06-05,5.5,True
EMP027,Sarah Nair,Engineering,PRJ03,2026-06-05,1.9,False
EMP027,Sarah Nair,Engineering,PRJ02,2026-06-08,5.5,True
EMP027,Sarah Nair,Engineering,PRJ02,2026-06-08,2.1,False
EMP027,Sarah Nair,Engineering,PRJ03,2026-06-10,4.8,True
EMP027,Sarah Nair,Engineering,PRJ03,2026-06-10,1.7,False
EMP027,Sarah Nair,Engineering,PRJ03,2026-06-11,5.7,True
EMP027,Sarah Nair,Engineering,PRJ03,2026-06-11,0.4,False
EMP027,Sarah Nair,Engineering,PRJ02,2026-06-12,6.4,True
EMP027,Sarah Nair,Engineering,PRJ02,2026-06-12,1.1,False
EMP027,Sarah Nair,Engineering,PRJ03,2026-06-15,5.8,True
EMP027,Sarah Nair,Engineering,PRJ03,2026-06-15,0.8,False
EMP027,Sarah Nair,Engineering,PRJ02,2026-06-16,4.9,True
EMP027,Sarah Nair,Engineering,PRJ02,2026-06-16,2.4,False
EMP027,Sarah Nair,Engineering,PRJ02,2026-06-17,4.9,True
EMP027,Sarah Nair,Engineering,PRJ02,2026-06-17,1.0,False
EMP027,Sarah Nair,Engineering,PRJ03,2026-06-18,5.4,True
EMP027,Sarah Nair,Engineering,PRJ03,2026-06-18,0.4,False
EMP027,Sarah Nair,Engineering,PRJ02,2026-06-19,6.3,True
EMP027,Sarah Nair,Engineering,PRJ02,2026-06-19,1.5,False
EMP027,Sarah Nair,Engineering,PRJ03,2026-06-22,5.2,True
EMP027,Sarah Nair,Engineering,PRJ03,2026-06-22,2.0,False
EMP027,Sarah Nair,Engineering,PRJ02,2026-06-23,7.1,True
EMP027,Sarah Nair,Engineering,PRJ02,2026-06-23,0.6,False
EMP027,Sarah Nair,Engineering,PRJ02,2026-06-24,7.5,True
EMP027,Sarah Nair,Engineering,PRJ02,2026-06-24,0.9,False
EMP027,Sarah Nair,Engineering,PRJ02,2026-06-25,3.9,True
EMP027,Sarah Nair,Engineering,PRJ02,2026-06-25,2.0,False
EMP027,Sarah Nair,Engineering,PRJ02,2026-06-26,5.9,True
EMP027,Sarah Nair,Engineering,PRJ02,2026-06-26,1.8,False
EMP027,Sarah Nair,Engineering,PRJ03,2026-06-29,5.9,True
EMP027,Sarah Nair,Engineering,PRJ03,2026-06-29,0.8,False
EMP027,Sarah Nair,Engineering,PRJ02,2026-06-30,4.5,True
EMP027,Sarah Nair,Engineering,PRJ02,2026-06-30,1.0,False
EMP027,Sarah Nair,Engineering,PRJ03,2026-07-01,6.0,True
EMP027,Sarah Nair,Engineering,PRJ03,2026-07-01,0.9,False
EMP027,Sarah Nair,Engineering,PRJ02,2026-07-02,6.2,True
EMP027,Sarah Nair,Engineering,PRJ02,2026-07-02,1.4,False
EMP027,Sarah Nair,Engineering,PRJ03,2026-07-03,5.4,True
EMP027,Sarah Nair,Engineering,PRJ03,2026-07-03,1.0,False
EMP027,Sarah Nair,Engineering,PRJ02,2026-07-06,6.7,True
EMP027,Sarah Nair,Engineering,PRJ02,2026-07-06,1.2,False
EMP027,Sarah Nair,Engineering,PRJ03,2026-07-07,4.9,True
EMP027,Sarah Nair,Engineering,PRJ03,2026-07-07,0.9,False
EMP027,Sarah Nair,Engineering,PRJ02,2026-07-08,6.0,True
EMP027,Sarah Nair,Engineering,PRJ02,2026-07-08,2.2,False
EMP027,Sarah Nair,Engineering,PRJ02,2026-07-09,4.3,True
EMP027,Sarah Nair,Engineering,PRJ02,2026-07-09,2.2,False
EMP027,Sarah Nair,Engineering,PRJ02,2026-07-10,5.9,True
EMP027,Sarah Nair,Engineering,PRJ02,2026-07-10,2.5,False
EMP027,Sarah Nair,Engineering,PRJ02,2026-07-13,6.9,True
EMP027,Sarah Nair,Engineering,PRJ02,2026-07-13,0.9,False
EMP027,Sarah Nair,Engineering,PRJ02,2026-07-14,6.0,True
EMP027,Sarah Nair,Engineering,PRJ02,2026-07-14,2.3,False
EMP027,Sarah Nair,Engineering,PRJ03,2026-07-15,5.2,True
EMP027,Sarah Nair,Engineering,PRJ03,2026-07-15,1.1,False
EMP027,Sarah Nair,Engineering,PRJ03,2026-07-16,5.9,True
EMP027,Sarah Nair,Engineering,PRJ03,2026-07-16,1.8,False
EMP027,Sarah Nair,Engineering,PRJ02,2026-07-17,5.5,True
EMP027,Sarah Nair,Engineering,PRJ02,2026-07-17,0.6,False
EMP027,Sarah Nair,Engineering,PRJ03,2026-07-20,4.4,True
EMP027,Sarah Nair,Engineering,PRJ03,2026-07-20,1.6,False
EMP027,Sarah Nair,Engineering,PRJ02,2026-07-21,5.6,True
EMP027,Sarah Nair,Engineering,PRJ02,2026-07-21,1.1,False
EMP027,Sarah Nair,Engineering,PRJ03,2026-07-22,5.8,True
EMP027,Sarah Nair,Engineering,PRJ03,2026-07-22,1.1,False
EMP027,Sarah Nair,Engineering,PRJ02,2026-07-23,6.9,True
EMP027,Sarah Nair,Engineering,PRJ02,2026-07-23,0.8,False
EMP027,Sarah Nair,Engineering,PRJ02,2026-07-27,6.6,True
EMP027,Sarah Nair,Engineering,PRJ02,2026-07-27,1.2,False
EMP027,Sarah Nair,Engineering,PRJ02,2026-07-28,5.9,True
EMP027,Sarah Nair,Engineering,PRJ02,2026-07-28,0.4,False
EMP027,Sarah Nair,Engineering,PRJ02,2026-07-30,6.4,True
EMP027,Sarah Nair,Engineering,PRJ02,2026-07-30,0.7,False
EMP027,Sarah Nair,Engineering,PRJ02,2026-07-31,5.6,True
EMP027,Sarah Nair,Engineering,PRJ02,2026-07-31,1.6,False
EMP027,Sarah Nair,Engineering,PRJ03,2026-08-03,5.0,True
EMP027,Sarah Nair,Engineering,PRJ03,2026-08-03,1.2,False
EMP027,Sarah Nair,Engineering,PRJ03,2026-08-04,5.4,True
EMP027,Sarah Nair,Engineering,PRJ03,2026-08-04,2.6,False
EMP027,Sarah Nair,Engineering,PRJ02,2026-08-05,4.4,True
EMP027,Sarah Nair,Engineering,PRJ02,2026-08-05,2.3,False
EMP027,Sarah Nair,Engineering,PRJ02,2026-08-06,5.0,True
EMP027,Sarah Nair,Engineering,PRJ02,2026-08-06,0.9,False
EMP027,Sarah Nair,Engineering,PRJ02,2026-08-07,6.6,True
EMP027,Sarah Nair,Engineering,PRJ02,2026-08-07,1.0,False
EMP027,Sarah Nair,Engineering,PRJ03,2026-08-10,5.8,True
EMP027,Sarah Nair,Engineering,PRJ03,2026-08-10,0.4,False
EMP027,Sarah Nair,Engineering,PRJ02,2026-08-11,5.5,True
EMP027,Sarah Nair,Engineering,PRJ02,2026-08-11,0.4,False
EMP027,Sarah Nair,Engineering,PRJ02,2026-08-12,4.9,True
EMP027,Sarah Nair,Engineering,PRJ02,2026-08-12,1.1,False
EMP027,Sarah Nair,Engineering,PRJ03,2026-08-13,5.6,True
EMP027,Sarah Nair,Engineering,PRJ03,2026-08-13,1.9,False
EMP027,Sarah Nair,Engineering,PRJ03,2026-08-14,7.0,True
EMP027,Sarah Nair,Engineering,PRJ03,2026-08-14,1.2,False
EMP027,Sarah Nair,Engineering,PRJ02,2026-08-17,3.7,True
EMP027,Sarah Nair,Engineering,PRJ02,2026-08-17,2.0,False
EMP027,Sarah Nair,Engineering,PRJ03,2026-08-18,4.6,True
EMP027,Sarah Nair,Engineering,PRJ03,2026-08-18,1.3,False
EMP027,Sarah Nair,Engineering,PRJ02,2026-08-19,5.9,True
EMP027,Sarah Nair,Engineering,PRJ02,2026-08-19,0.9,False
EMP027,Sarah Nair,Engineering,PRJ03,2026-08-20,4.6,True
EMP027,Sarah Nair,Engineering,PRJ03,2026-08-20,1.4,False
EMP027,Sarah Nair,Engineering,PRJ03,2026-08-21,7.0,True
EMP027,Sarah Nair,Engineering,PRJ03,2026-08-21,1.4,False
EMP027,Sarah Nair,Engineering,PRJ03,2026-08-24,6.3,True
EMP027,Sarah Nair,Engineering,PRJ03,2026-08-24,2.0,False
EMP027,Sarah Nair,Engineering,PRJ02,2026-08-25,5.1,True
EMP027,Sarah Nair,Engineering,PRJ02,2026-08-25,2.0,False
EMP027,Sarah Nair,Engineering,PRJ02,2026-08-26,6.2,True
EMP027,Sarah Nair,Engineering,PRJ02,2026-08-26,1.0,False
EMP027,Sarah Nair,Engineering,PRJ02,2026-08-27,5.2,True
EMP027,Sarah Nair,Engineering,PRJ02,2026-08-27,0.3,False
EMP027,Sarah Nair,Engineering,PRJ03,2026-08-28,4.0,True
EMP027,Sarah Nair,Engineering,PRJ03,2026-08-28,1.9,False
EMP027,Sarah Nair,Engineering,PRJ03,2026-08-31,5.4,True
EMP027,Sarah Nair,Engineering,PRJ03,2026-08-31,2.4,False
EMP028,Aarav Walker,Design,PRJ06,2026-06-01,5.9,True
EMP028,Aarav Walker,Design,PRJ06,2026-06-01,2.3,False
EMP028,Aarav Walker,Design,PRJ06,2026-06-02,7.2,True
EMP028,Aarav Walker,Design,PRJ06,2026-06-02,1.2,False
EMP028,Aarav Walker,Design,PRJ06,2026-06-03,4.5,True
EMP028,Aarav Walker,Design,PRJ06,2026-06-03,2.3,False
EMP028,Aarav Walker,Design,PRJ06,2026-06-04,7.3,True
EMP028,Aarav Walker,Design,PRJ06,2026-06-04,0.7,False
EMP028,Aarav Walker,Design,PRJ06,2026-06-05,4.1,True
EMP028,Aarav Walker,Design,PRJ06,2026-06-05,2.1,False
EMP028,Aarav Walker,Design,PRJ06,2026-06-08,6.7,True
EMP028,Aarav Walker,Design,PRJ06,2026-06-08,1.0,False
EMP028,Aarav Walker,Design,PRJ06,2026-06-09,5.7,True
EMP028,Aarav Walker,Design,PRJ06,2026-06-09,1.1,False
EMP028,Aarav Walker,Design,PRJ06,2026-06-10,5.3,True
EMP028,Aarav Walker,Design,PRJ06,2026-06-10,2.8,False
EMP028,Aarav Walker,Design,PRJ06,2026-06-12,6.8,True
EMP028,Aarav Walker,Design,PRJ06,2026-06-12,0.7,False
EMP028,Aarav Walker,Design,PRJ06,2026-06-15,5.9,True
EMP028,Aarav Walker,Design,PRJ06,2026-06-15,1.7,False
EMP028,Aarav Walker,Design,PRJ06,2026-06-16,6.2,True
EMP028,Aarav Walker,Design,PRJ06,2026-06-16,0.4,False
EMP028,Aarav Walker,Design,PRJ06,2026-06-17,6.0,True
EMP028,Aarav Walker,Design,PRJ06,2026-06-17,0.7,False
EMP028,Aarav Walker,Design,PRJ06,2026-06-18,5.4,True
EMP028,Aarav Walker,Design,PRJ06,2026-06-18,1.0,False
EMP028,Aarav Walker,Design,PRJ06,2026-06-19,5.2,True
EMP028,Aarav Walker,Design,PRJ06,2026-06-19,2.2,False
EMP028,Aarav Walker,Design,PRJ06,2026-06-22,5.9,True
EMP028,Aarav Walker,Design,PRJ06,2026-06-22,1.9,False
EMP028,Aarav Walker,Design,PRJ06,2026-06-23,4.7,True
EMP028,Aarav Walker,Design,PRJ06,2026-06-23,1.0,False
EMP028,Aarav Walker,Design,PRJ06,2026-06-24,6.0,True
EMP028,Aarav Walker,Design,PRJ06,2026-06-24,2.3,False
EMP028,Aarav Walker,Design,PRJ06,2026-06-25,6.4,True
EMP028,Aarav Walker,Design,PRJ06,2026-06-25,0.8,False
EMP028,Aarav Walker,Design,PRJ06,2026-06-26,6.0,True
EMP028,Aarav Walker,Design,PRJ06,2026-06-26,0.4,False
EMP028,Aarav Walker,Design,PRJ06,2026-06-29,4.9,True
EMP028,Aarav Walker,Design,PRJ06,2026-06-29,1.5,False
EMP028,Aarav Walker,Design,PRJ06,2026-06-30,4.5,True
EMP028,Aarav Walker,Design,PRJ06,2026-06-30,1.3,False
EMP028,Aarav Walker,Design,PRJ06,2026-07-01,5.0,True
EMP028,Aarav Walker,Design,PRJ06,2026-07-01,0.6,False
EMP028,Aarav Walker,Design,PRJ06,2026-07-02,4.5,True
EMP028,Aarav Walker,Design,PRJ06,2026-07-02,1.9,False
EMP028,Aarav Walker,Design,PRJ06,2026-07-03,6.0,True
EMP028,Aarav Walker,Design,PRJ06,2026-07-03,2.4,False
EMP028,Aarav Walker,Design,PRJ06,2026-07-06,5.4,True
EMP028,Aarav Walker,Design,PRJ06,2026-07-06,2.4,False
EMP028,Aarav Walker,Design,PRJ06,2026-07-07,5.4,True
EMP028,Aarav Walker,Design,PRJ06,2026-07-07,1.0,False
EMP028,Aarav Walker,Design,PRJ06,2026-07-08,5.4,True
EMP028,Aarav Walker,Design,PRJ06,2026-07-08,2.1,False
EMP028,Aarav Walker,Design,PRJ06,2026-07-09,5.8,True
EMP028,Aarav Walker,Design,PRJ06,2026-07-09,2.7,False
EMP028,Aarav Walker,Design,PRJ06,2026-07-10,6.7,True
EMP028,Aarav Walker,Design,PRJ06,2026-07-10,0.4,False
EMP028,Aarav Walker,Design,PRJ06,2026-07-13,4.4,True
EMP028,Aarav Walker,Design,PRJ06,2026-07-13,1.6,False
EMP028,Aarav Walker,Design,PRJ06,2026-07-14,4.1,True
EMP028,Aarav Walker,Design,PRJ06,2026-07-14,1.7,False
EMP028,Aarav Walker,Design,PRJ06,2026-07-15,5.8,True
EMP028,Aarav Walker,Design,PRJ06,2026-07-15,0.5,False
EMP028,Aarav Walker,Design,PRJ06,2026-07-16,5.3,True
EMP028,Aarav Walker,Design,PRJ06,2026-07-16,1.7,False
EMP028,Aarav Walker,Design,PRJ06,2026-07-17,5.7,True
EMP028,Aarav Walker,Design,PRJ06,2026-07-17,2.6,False
EMP028,Aarav Walker,Design,PRJ06,2026-07-20,4.3,True
EMP028,Aarav Walker,Design,PRJ06,2026-07-20,2.1,False
EMP028,Aarav Walker,Design,PRJ06,2026-07-21,6.9,True
EMP028,Aarav Walker,Design,PRJ06,2026-07-21,1.2,False
EMP028,Aarav Walker,Design,PRJ06,2026-07-22,5.2,True
EMP028,Aarav Walker,Design,PRJ06,2026-07-22,2.8,False
EMP028,Aarav Walker,Design,PRJ06,2026-07-23,4.5,True
EMP028,Aarav Walker,Design,PRJ06,2026-07-23,2.2,False
EMP028,Aarav Walker,Design,PRJ06,2026-07-24,5.1,True
EMP028,Aarav Walker,Design,PRJ06,2026-07-24,1.4,False
EMP028,Aarav Walker,Design,PRJ06,2026-07-27,5.4,True
EMP028,Aarav Walker,Design,PRJ06,2026-07-27,0.4,False
EMP028,Aarav Walker,Design,PRJ06,2026-07-28,4.8,True
EMP028,Aarav Walker,Design,PRJ06,2026-07-28,1.7,False
EMP028,Aarav Walker,Design,PRJ06,2026-07-29,4.6,True
EMP028,Aarav Walker,Design,PRJ06,2026-07-29,1.2,False
EMP028,Aarav Walker,Design,PRJ06,2026-07-30,5.0,True
EMP028,Aarav Walker,Design,PRJ06,2026-07-30,1.1,False
EMP028,Aarav Walker,Design,PRJ06,2026-07-31,7.5,True
EMP028,Aarav Walker,Design,PRJ06,2026-07-31,0.4,False
EMP028,Aarav Walker,Design,PRJ06,2026-08-03,7.2,True
EMP028,Aarav Walker,Design,PRJ06,2026-08-03,1.2,False
EMP028,Aarav Walker,Design,PRJ06,2026-08-04,4.3,True
EMP028,Aarav Walker,Design,PRJ06,2026-08-04,1.6,False
EMP028,Aarav Walker,Design,PRJ06,2026-08-05,6.5,True
EMP028,Aarav Walker,Design,PRJ06,2026-08-05,1.6,False
EMP028,Aarav Walker,Design,PRJ06,2026-08-06,6.4,True
EMP028,Aarav Walker,Design,PRJ06,2026-08-06,1.8,False
EMP028,Aarav Walker,Design,PRJ06,2026-08-07,5.4,True
EMP028,Aarav Walker,Design,PRJ06,2026-08-07,1.4,False
EMP028,Aarav Walker,Design,PRJ06,2026-08-10,6.7,True
EMP028,Aarav Walker,Design,PRJ06,2026-08-10,1.5,False
EMP028,Aarav Walker,Design,PRJ06,2026-08-11,5.3,True
EMP028,Aarav Walker,Design,PRJ06,2026-08-11,0.8,False
EMP028,Aarav Walker,Design,PRJ06,2026-08-12,7.2,
EMP028,Aarav Walker,Design,PRJ06,2026-08-12,1.1,False
EMP028,Aarav Walker,Design,PRJ06,2026-08-13,6.6,True
EMP028,Aarav Walker,Design,PRJ06,2026-08-13,1.7,False
EMP028,Aarav Walker,Design,PRJ06,2026-08-14,5.4,True
EMP028,Aarav Walker,Design,PRJ06,2026-08-14,1.3,False
EMP028,Aarav Walker,Design,PRJ06,2026-08-17,6.8,True
EMP028,Aarav Walker,Design,PRJ06,2026-08-17,1.3,False
EMP028,Aarav Walker,Design,PRJ06,2026-08-18,5.2,True
EMP028,Aarav Walker,Design,PRJ06,2026-08-18,0.9,False
EMP028,Aarav Walker,Design,PRJ06,2026-08-19,4.3,True
EMP028,Aarav Walker,Design,PRJ06,2026-08-19,1.8,False
EMP028,Aarav Walker,Design,PRJ06,2026-08-20,4.7,True
EMP028,Aarav Walker,Design,PRJ06,2026-08-20,1.7,False
EMP028,Aarav Walker,Design,PRJ06,2026-08-21,5.3,True
EMP028,Aarav Walker,Design,PRJ06,2026-08-21,1.6,False
EMP028,Aarav Walker,Design,PRJ06,2026-08-24,6.3,True
EMP028,Aarav Walker,Design,PRJ06,2026-08-24,2.1,False
EMP028,Aarav Walker,Design,PRJ06,2026-08-25,5.0,True
EMP028,Aarav Walker,Design,PRJ06,2026-08-25,2.2,False
EMP028,Aarav Walker,Design,PRJ06,2026-08-26,5.9,True
EMP028,Aarav Walker,Design,PRJ06,2026-08-26,1.7,False
EMP028,Aarav Walker,Design,PRJ06,2026-08-27,5.6,True
EMP028,Aarav Walker,Design,PRJ06,2026-08-27,2.6,False
EMP028,Aarav Walker,Design,PRJ06,2026-08-28,6.2,True
EMP028,Aarav Walker,Design,PRJ06,2026-08-28,1.2,False
EMP028,Aarav Walker,Design,PRJ06,2026-08-31,6.0,True
EMP028,Aarav Walker,Design,PRJ06,2026-08-31,1.4,False
EMP029,Divya Singh,Design,PRJ06,2026-06-01,5.8,True
EMP029,Divya Singh,Design,PRJ06,2026-06-01,2.3,False
EMP029,Divya Singh,Design,PRJ06,2026-06-02,7.6,True
EMP029,Divya Singh,Design,PRJ06,2026-06-02,0.5,False
EMP029,Divya Singh,Design,PRJ06,2026-06-03,6.0,
EMP029,Divya Singh,Design,PRJ06,2026-06-03,0.7,False
EMP029,Divya Singh,Design,PRJ06,2026-06-04,4.6,True
EMP029,Divya Singh,Design,PRJ06,2026-06-04,1.6,False
EMP029,Divya Singh,Design,PRJ02,2026-06-05,7.0,True
EMP029,Divya Singh,Design,PRJ02,2026-06-05,1.2,False
EMP029,Divya Singh,Design,PRJ06,2026-06-08,3.8,True
EMP029,Divya Singh,Design,PRJ06,2026-06-08,1.7,False
EMP029,Divya Singh,Design,PRJ02,2026-06-09,5.7,True
EMP029,Divya Singh,Design,PRJ02,2026-06-09,2.0,False
EMP029,Divya Singh,Design,PRJ02,2026-06-10,5.8,True
EMP029,Divya Singh,Design,PRJ02,2026-06-10,0.4,False
EMP029,Divya Singh,Design,PRJ06,2026-06-11,5.3,True
EMP029,Divya Singh,Design,PRJ06,2026-06-11,0.4,False
EMP029,Divya Singh,Design,PRJ06,2026-06-12,5.9,True
EMP029,Divya Singh,Design,PRJ06,2026-06-12,2.5,False
EMP029,Divya Singh,Design,PRJ02,2026-06-15,5.2,True
EMP029,Divya Singh,Design,PRJ02,2026-06-15,0.6,False
EMP029,Divya Singh,Design,PRJ06,2026-06-16,6.7,True
EMP029,Divya Singh,Design,PRJ06,2026-06-16,1.3,False
EMP029,Divya Singh,Design,PRJ02,2026-06-17,4.4,True
EMP029,Divya Singh,Design,PRJ02,2026-06-17,2.1,False
EMP029,Divya Singh,Design,PRJ02,2026-06-18,4.8,True
EMP029,Divya Singh,Design,PRJ02,2026-06-18,2.5,False
EMP029,Divya Singh,Design,PRJ06,2026-06-22,7.1,True
EMP029,Divya Singh,Design,PRJ06,2026-06-22,1.4,False
EMP029,Divya Singh,Design,PRJ02,2026-06-23,4.4,True
EMP029,Divya Singh,Design,PRJ02,2026-06-23,1.8,False
EMP029,Divya Singh,Design,PRJ02,2026-06-24,4.8,True
EMP029,Divya Singh,Design,PRJ02,2026-06-24,1.8,False
EMP029,Divya Singh,Design,PRJ02,2026-06-25,6.2,True
EMP029,Divya Singh,Design,PRJ02,2026-06-25,1.2,False
EMP029,Divya Singh,Design,PRJ06,2026-06-26,4.1,True
EMP029,Divya Singh,Design,PRJ06,2026-06-26,1.8,False
EMP029,Divya Singh,Design,PRJ02,2026-06-29,5.3,True
EMP029,Divya Singh,Design,PRJ02,2026-06-29,1.7,False
EMP029,Divya Singh,Design,PRJ02,2026-06-30,3.8,True
EMP029,Divya Singh,Design,PRJ02,2026-06-30,1.8,False
EMP029,Divya Singh,Design,PRJ06,2026-07-01,6.9,True
EMP029,Divya Singh,Design,PRJ06,2026-07-01,1.3,False
EMP029,Divya Singh,Design,PRJ02,2026-07-02,3.9,True
EMP029,Divya Singh,Design,PRJ02,2026-07-02,1.6,False
EMP029,Divya Singh,Design,PRJ02,2026-07-03,6.2,True
EMP029,Divya Singh,Design,PRJ02,2026-07-03,0.3,False
EMP029,Divya Singh,Design,PRJ02,2026-07-06,5.9,True
EMP029,Divya Singh,Design,PRJ02,2026-07-06,2.4,False
EMP029,Divya Singh,Design,PRJ06,2026-07-07,5.6,True
EMP029,Divya Singh,Design,PRJ06,2026-07-07,2.2,False
EMP029,Divya Singh,Design,PRJ02,2026-07-08,4.7,True
EMP029,Divya Singh,Design,PRJ02,2026-07-08,1.8,False
EMP029,Divya Singh,Design,PRJ06,2026-07-09,6.3,True
EMP029,Divya Singh,Design,PRJ06,2026-07-09,2.1,False
EMP029,Divya Singh,Design,PRJ02,2026-07-10,6.4,True
EMP029,Divya Singh,Design,PRJ02,2026-07-10,0.4,False
EMP029,Divya Singh,Design,PRJ06,2026-07-13,6.9,True
EMP029,Divya Singh,Design,PRJ06,2026-07-13,1.1,False
EMP029,Divya Singh,Design,PRJ02,2026-07-14,5.1,True
EMP029,Divya Singh,Design,PRJ02,2026-07-14,2.2,False
EMP029,Divya Singh,Design,PRJ06,2026-07-15,6.3,True
EMP029,Divya Singh,Design,PRJ06,2026-07-15,1.8,False
EMP029,Divya Singh,Design,PRJ06,2026-07-16,5.7,True
EMP029,Divya Singh,Design,PRJ06,2026-07-16,1.6,False
EMP029,Divya Singh,Design,PRJ02,2026-07-17,4.0,True
EMP029,Divya Singh,Design,PRJ02,2026-07-17,1.7,False
EMP029,Divya Singh,Design,PRJ06,2026-07-20,5.6,True
EMP029,Divya Singh,Design,PRJ06,2026-07-20,1.1,False
EMP029,Divya Singh,Design,PRJ02,2026-07-21,6.2,True
EMP029,Divya Singh,Design,PRJ02,2026-07-21,1.7,False
EMP029,Divya Singh,Design,PRJ06,2026-07-22,5.7,True
EMP029,Divya Singh,Design,PRJ06,2026-07-22,1.8,False
EMP029,Divya Singh,Design,PRJ06,2026-07-23,4.1,True
EMP029,Divya Singh,Design,PRJ06,2026-07-23,1.4,False
EMP029,Divya Singh,Design,PRJ06,2026-07-24,4.2,True
EMP029,Divya Singh,Design,PRJ06,2026-07-24,2.0,False
EMP029,Divya Singh,Design,PRJ02,2026-07-27,4.3,True
EMP029,Divya Singh,Design,PRJ02,2026-07-27,1.5,False
EMP029,Divya Singh,Design,PRJ06,2026-07-28,5.9,True
EMP029,Divya Singh,Design,PRJ06,2026-07-28,1.6,False
EMP029,Divya Singh,Design,PRJ06,2026-07-29,4.6,True
EMP029,Divya Singh,Design,PRJ06,2026-07-29,2.4,False
EMP029,Divya Singh,Design,PRJ06,2026-07-30,4.5,True
EMP029,Divya Singh,Design,PRJ06,2026-07-30,1.5,False
EMP029,Divya Singh,Design,PRJ06,2026-08-04,4.7,True
EMP029,Divya Singh,Design,PRJ06,2026-08-04,2.5,False
EMP029,Divya Singh,Design,PRJ02,2026-08-05,6.2,True
EMP029,Divya Singh,Design,PRJ02,2026-08-05,0.5,False
EMP029,Divya Singh,Design,PRJ06,2026-08-07,6.2,True
EMP029,Divya Singh,Design,PRJ06,2026-08-07,1.8,False
EMP029,Divya Singh,Design,PRJ06,2026-08-10,5.5,True
EMP029,Divya Singh,Design,PRJ06,2026-08-10,1.2,False
EMP029,Divya Singh,Design,PRJ06,2026-08-11,6.0,True
EMP029,Divya Singh,Design,PRJ06,2026-08-11,0.4,False
EMP029,Divya Singh,Design,PRJ02,2026-08-12,4.5,True
EMP029,Divya Singh,Design,PRJ02,2026-08-12,1.4,False
EMP029,Divya Singh,Design,PRJ06,2026-08-13,3.7,True
EMP029,Divya Singh,Design,PRJ06,2026-08-13,1.8,False
EMP029,Divya Singh,Design,PRJ06,2026-08-14,4.2,True
EMP029,Divya Singh,Design,PRJ06,2026-08-14,2.0,False
EMP029,Divya Singh,Design,PRJ02,2026-08-17,4.7,True
EMP029,Divya Singh,Design,PRJ02,2026-08-17,0.8,False
EMP029,Divya Singh,Design,PRJ02,2026-08-18,5.4,True
EMP029,Divya Singh,Design,PRJ02,2026-08-18,0.4,False
EMP029,Divya Singh,Design,PRJ02,2026-08-19,6.0,True
EMP029,Divya Singh,Design,PRJ02,2026-08-19,1.9,False
EMP029,Divya Singh,Design,PRJ02,2026-08-20,4.4,True
EMP029,Divya Singh,Design,PRJ02,2026-08-20,1.5,False
EMP029,Divya Singh,Design,PRJ06,2026-08-21,6.5,True
EMP029,Divya Singh,Design,PRJ06,2026-08-21,1.9,False
EMP029,Divya Singh,Design,PRJ06,2026-08-24,4.9,True
EMP029,Divya Singh,Design,PRJ06,2026-08-24,1.3,False
EMP029,Divya Singh,Design,PRJ06,2026-08-25,5.5,True
EMP029,Divya Singh,Design,PRJ06,2026-08-25,2.2,False
EMP029,Divya Singh,Design,PRJ02,2026-08-26,5.9,True
EMP029,Divya Singh,Design,PRJ02,2026-08-26,0.7,False
EMP029,Divya Singh,Design,PRJ06,2026-08-27,4.1,True
EMP029,Divya Singh,Design,PRJ06,2026-08-27,2.0,False
EMP029,Divya Singh,Design,PRJ02,2026-08-31,5.7,True
EMP029,Divya Singh,Design,PRJ02,2026-08-31,2.3,False
EMP030,Lucas Patel,Design,PRJ07,2026-06-01,5.2,True
EMP030,Lucas Patel,Design,PRJ07,2026-06-01,1.8,False
EMP030,Lucas Patel,Design,PRJ05,2026-06-02,5.5,True
EMP030,Lucas Patel,Design,PRJ05,2026-06-02,2.5,False
EMP030,Lucas Patel,Design,PRJ05,2026-06-03,7.6,True
EMP030,Lucas Patel,Design,PRJ05,2026-06-03,0.8,False
EMP030,Lucas Patel,Design,PRJ07,2026-06-04,4.4,True
EMP030,Lucas Patel,Design,PRJ07,2026-06-04,1.9,False
EMP030,Lucas Patel,Design,PRJ05,2026-06-05,4.6,True
EMP030,Lucas Patel,Design,PRJ05,2026-06-05,1.2,False
EMP030,Lucas Patel,Design,PRJ05,2026-06-08,5.8,True
EMP030,Lucas Patel,Design,PRJ05,2026-06-08,2.4,False
EMP030,Lucas Patel,Design,PRJ05,2026-06-09,4.5,True
EMP030,Lucas Patel,Design,PRJ05,2026-06-09,2.1,False
EMP030,Lucas Patel,Design,PRJ07,2026-06-10,5.2,True
EMP030,Lucas Patel,Design,PRJ07,2026-06-10,1.5,False
EMP030,Lucas Patel,Design,PRJ07,2026-06-11,4.9,True
EMP030,Lucas Patel,Design,PRJ07,2026-06-11,0.9,False
EMP030,Lucas Patel,Design,PRJ07,2026-06-12,4.4,True
EMP030,Lucas Patel,Design,PRJ07,2026-06-12,1.6,False
EMP030,Lucas Patel,Design,PRJ05,2026-06-15,4.1,True
EMP030,Lucas Patel,Design,PRJ05,2026-06-15,1.5,False
EMP030,Lucas Patel,Design,PRJ05,2026-06-16,4.1,True
EMP030,Lucas Patel,Design,PRJ05,2026-06-16,1.5,False
EMP030,Lucas Patel,Design,PRJ07,2026-06-17,7.0,True
EMP030,Lucas Patel,Design,PRJ07,2026-06-17,1.1,False
EMP030,Lucas Patel,Design,PRJ07,2026-06-18,7.0,True
EMP030,Lucas Patel,Design,PRJ07,2026-06-18,0.7,False
EMP030,Lucas Patel,Design,PRJ07,2026-06-19,5.1,True
EMP030,Lucas Patel,Design,PRJ07,2026-06-19,1.0,False
EMP030,Lucas Patel,Design,PRJ07,2026-06-22,6.0,True
EMP030,Lucas Patel,Design,PRJ07,2026-06-22,1.0,False
EMP030,Lucas Patel,Design,PRJ05,2026-06-23,5.3,True
EMP030,Lucas Patel,Design,PRJ05,2026-06-23,2.3,False
EMP030,Lucas Patel,Design,PRJ07,2026-06-24,6.5,True
EMP030,Lucas Patel,Design,PRJ07,2026-06-24,0.4,False
EMP030,Lucas Patel,Design,PRJ05,2026-06-26,5.7,True
EMP030,Lucas Patel,Design,PRJ05,2026-06-26,2.4,False
EMP030,Lucas Patel,Design,PRJ05,2026-06-29,5.7,True
EMP030,Lucas Patel,Design,PRJ05,2026-06-29,1.5,False
EMP030,Lucas Patel,Design,PRJ07,2026-06-30,4.8,True
EMP030,Lucas Patel,Design,PRJ07,2026-06-30,0.8,False
EMP030,Lucas Patel,Design,PRJ05,2026-07-01,4.2,True
EMP030,Lucas Patel,Design,PRJ05,2026-07-01,1.8,False
EMP030,Lucas Patel,Design,PRJ07,2026-07-02,5.2,True
EMP030,Lucas Patel,Design,PRJ07,2026-07-02,1.3,False
EMP030,Lucas Patel,Design,PRJ05,2026-07-03,5.3,True
EMP030,Lucas Patel,Design,PRJ05,2026-07-03,1.7,False
EMP030,Lucas Patel,Design,PRJ07,2026-07-06,5.2,True
EMP030,Lucas Patel,Design,PRJ07,2026-07-06,1.3,False
EMP030,Lucas Patel,Design,PRJ07,2026-07-07,5.1,True
EMP030,Lucas Patel,Design,PRJ07,2026-07-07,2.6,False
EMP030,Lucas Patel,Design,PRJ05,2026-07-08,4.7,True
EMP030,Lucas Patel,Design,PRJ05,2026-07-08,1.2,False
EMP030,Lucas Patel,Design,PRJ05,2026-07-09,4.8,True
EMP030,Lucas Patel,Design,PRJ05,2026-07-09,2.0,False
EMP030,Lucas Patel,Design,PRJ07,2026-07-10,7.0,True
EMP030,Lucas Patel,Design,PRJ07,2026-07-10,0.4,False
EMP030,Lucas Patel,Design,PRJ07,2026-07-13,5.5,True
EMP030,Lucas Patel,Design,PRJ07,2026-07-13,0.5,False
EMP030,Lucas Patel,Design,PRJ07,2026-07-14,6.4,True
EMP030,Lucas Patel,Design,PRJ07,2026-07-14,0.4,False
EMP030,Lucas Patel,Design,PRJ05,2026-07-15,6.8,True
EMP030,Lucas Patel,Design,PRJ05,2026-07-15,0.8,False
EMP030,Lucas Patel,Design,PRJ07,2026-07-16,7.5,True
EMP030,Lucas Patel,Design,PRJ07,2026-07-16,0.9,False
EMP030,Lucas Patel,Design,PRJ07,2026-07-20,5.0,True
EMP030,Lucas Patel,Design,PRJ07,2026-07-20,0.9,False
EMP030,Lucas Patel,Design,PRJ07,2026-07-21,4.7,
EMP030,Lucas Patel,Design,PRJ07,2026-07-21,1.7,False
EMP030,Lucas Patel,Design,PRJ05,2026-07-22,5.2,True
EMP030,Lucas Patel,Design,PRJ05,2026-07-22,1.1,False
EMP030,Lucas Patel,Design,PRJ05,2026-07-24,5.3,True
EMP030,Lucas Patel,Design,PRJ05,2026-07-24,2.7,False
EMP030,Lucas Patel,Design,PRJ05,2026-07-27,6.9,True
EMP030,Lucas Patel,Design,PRJ05,2026-07-27,1.2,False
EMP030,Lucas Patel,Design,PRJ07,2026-07-28,5.1,True
EMP030,Lucas Patel,Design,PRJ07,2026-07-28,0.8,False
EMP030,Lucas Patel,Design,PRJ07,2026-07-29,4.9,True
EMP030,Lucas Patel,Design,PRJ07,2026-07-29,1.3,False
EMP030,Lucas Patel,Design,PRJ05,2026-07-30,5.2,True
EMP030,Lucas Patel,Design,PRJ05,2026-07-30,1.5,False
EMP030,Lucas Patel,Design,PRJ07,2026-07-31,5.1,True
EMP030,Lucas Patel,Design,PRJ07,2026-07-31,2.2,False
EMP030,Lucas Patel,Design,PRJ05,2026-08-03,6.2,True
EMP030,Lucas Patel,Design,PRJ05,2026-08-03,1.0,False
EMP030,Lucas Patel,Design,PRJ07,2026-08-04,4.5,True
EMP030,Lucas Patel,Design,PRJ07,2026-08-04,1.6,False
EMP030,Lucas Patel,Design,PRJ07,2026-08-05,5.4,True
EMP030,Lucas Patel,Design,PRJ07,2026-08-05,1.7,False
EMP030,Lucas Patel,Design,PRJ07,2026-08-06,6.1,True
EMP030,Lucas Patel,Design,PRJ07,2026-08-06,1.5,False
EMP030,Lucas Patel,Design,PRJ05,2026-08-07,5.3,True
EMP030,Lucas Patel,Design,PRJ05,2026-08-07,1.5,False
EMP030,Lucas Patel,Design,PRJ07,2026-08-11,4.0,True
EMP030,Lucas Patel,Design,PRJ07,2026-08-11,1.8,False
EMP030,Lucas Patel,Design,PRJ07,2026-08-12,5.5,True
EMP030,Lucas Patel,Design,PRJ07,2026-08-12,1.1,False
EMP030,Lucas Patel,Design,PRJ07,2026-08-13,5.0,True
EMP030,Lucas Patel,Design,PRJ07,2026-08-13,0.9,False
EMP030,Lucas Patel,Design,PRJ05,2026-08-14,4.6,True
EMP030,Lucas Patel,Design,PRJ05,2026-08-14,2.3,False
EMP030,Lucas Patel,Design,PRJ07,2026-08-17,4.8,True
EMP030,Lucas Patel,Design,PRJ07,2026-08-17,1.0,False
EMP030,Lucas Patel,Design,PRJ05,2026-08-18,5.6,True
EMP030,Lucas Patel,Design,PRJ05,2026-08-18,2.5,False
EMP030,Lucas Patel,Design,PRJ05,2026-08-19,6.8,True
EMP030,Lucas Patel,Design,PRJ05,2026-08-19,0.4,False
EMP030,Lucas Patel,Design,PRJ07,2026-08-20,6.0,True
EMP030,Lucas Patel,Design,PRJ07,2026-08-20,2.1,False
EMP030,Lucas Patel,Design,PRJ05,2026-08-21,6.6,True
EMP030,Lucas Patel,Design,PRJ05,2026-08-21,1.3,False
EMP030,Lucas Patel,Design,PRJ05,2026-08-25,4.0,True
EMP030,Lucas Patel,Design,PRJ05,2026-08-25,1.9,False
EMP030,Lucas Patel,Design,PRJ07,2026-08-27,6.2,True
EMP030,Lucas Patel,Design,PRJ07,2026-08-27,0.5,False
EMP030,Lucas Patel,Design,PRJ07,2026-08-28,7.2,True
EMP030,Lucas Patel,Design,PRJ07,2026-08-28,0.8,False
EMP030,Lucas Patel,Design,PRJ07,2026-08-31,6.8,True
EMP030,Lucas Patel,Design,PRJ07,2026-08-31,1.3,False
EMP031,Henry Hall,Strategy,PRJ01,2026-06-01,3.2,True
EMP031,Henry Hall,Strategy,PRJ01,2026-06-01,4.5,False
EMP031,Henry Hall,Strategy,PRJ07,2026-06-02,4.4,True
EMP031,Henry Hall,Strategy,PRJ07,2026-06-02,3.1,False
EMP031,Henry Hall,Strategy,PRJ07,2026-06-03,3.7,True
EMP031,Henry Hall,Strategy,PRJ07,2026-06-03,3.0,False
EMP031,Henry Hall,Strategy,PRJ07,2026-06-04,2.6,
EMP031,Henry Hall,Strategy,PRJ07,2026-06-04,3.0,False
EMP031,Henry Hall,Strategy,PRJ07,2026-06-05,4.2,True
EMP031,Henry Hall,Strategy,PRJ07,2026-06-05,3.2,False
EMP031,Henry Hall,Strategy,PRJ07,2026-06-08,3.9,True
EMP031,Henry Hall,Strategy,PRJ07,2026-06-08,4.5,False
EMP031,Henry Hall,Strategy,PRJ01,2026-06-09,3.7,True
EMP031,Henry Hall,Strategy,PRJ01,2026-06-09,2.9,False
EMP031,Henry Hall,Strategy,PRJ01,2026-06-10,2.5,True
EMP031,Henry Hall,Strategy,PRJ01,2026-06-10,4.2,False
EMP031,Henry Hall,Strategy,PRJ01,2026-06-11,3.4,True
EMP031,Henry Hall,Strategy,PRJ01,2026-06-11,3.1,False
EMP031,Henry Hall,Strategy,PRJ07,2026-06-12,2.9,True
EMP031,Henry Hall,Strategy,PRJ07,2026-06-12,3.5,False
EMP031,Henry Hall,Strategy,PRJ07,2026-06-15,3.7,True
EMP031,Henry Hall,Strategy,PRJ07,2026-06-15,3.8,False
EMP031,Henry Hall,Strategy,PRJ07,2026-06-16,3.7,True
EMP031,Henry Hall,Strategy,PRJ07,2026-06-16,4.7,False
EMP031,Henry Hall,Strategy,PRJ07,2026-06-18,3.2,True
EMP031,Henry Hall,Strategy,PRJ07,2026-06-18,3.0,False
EMP031,Henry Hall,Strategy,PRJ01,2026-06-19,4.6,True
EMP031,Henry Hall,Strategy,PRJ01,2026-06-19,3.2,False
EMP031,Henry Hall,Strategy,PRJ07,2026-06-22,3.4,True
EMP031,Henry Hall,Strategy,PRJ07,2026-06-22,4.3,False
EMP031,Henry Hall,Strategy,PRJ01,2026-06-23,2.3,True
EMP031,Henry Hall,Strategy,PRJ01,2026-06-23,4.0,False
EMP031,Henry Hall,Strategy,PRJ01,2026-06-24,2.6,True
EMP031,Henry Hall,Strategy,PRJ01,2026-06-24,4.8,False
EMP031,Henry Hall,Strategy,PRJ01,2026-06-25,3.9,True
EMP031,Henry Hall,Strategy,PRJ01,2026-06-25,2.7,False
EMP031,Henry Hall,Strategy,PRJ01,2026-06-26,3.0,True
EMP031,Henry Hall,Strategy,PRJ01,2026-06-26,4.5,False
EMP031,Henry Hall,Strategy,PRJ01,2026-06-29,2.9,True
EMP031,Henry Hall,Strategy,PRJ01,2026-06-29,5.0,False
EMP031,Henry Hall,Strategy,PRJ01,2026-06-30,3.4,True
EMP031,Henry Hall,Strategy,PRJ01,2026-06-30,2.7,False
EMP031,Henry Hall,Strategy,PRJ01,2026-07-01,2.6,True
EMP031,Henry Hall,Strategy,PRJ01,2026-07-01,4.5,False
EMP031,Henry Hall,Strategy,PRJ01,2026-07-02,3.7,True
EMP031,Henry Hall,Strategy,PRJ01,2026-07-02,4.0,False
EMP031,Henry Hall,Strategy,PRJ01,2026-07-03,3.0,True
EMP031,Henry Hall,Strategy,PRJ01,2026-07-03,3.9,False
EMP031,Henry Hall,Strategy,PRJ01,2026-07-06,4.2,True
EMP031,Henry Hall,Strategy,PRJ01,2026-07-06,3.2,False
EMP031,Henry Hall,Strategy,PRJ01,2026-07-07,2.8,True
EMP031,Henry Hall,Strategy,PRJ01,2026-07-07,3.0,False
EMP031,Henry Hall,Strategy,PRJ07,2026-07-08,3.6,True
EMP031,Henry Hall,Strategy,PRJ07,2026-07-08,2.6,False
EMP031,Henry Hall,Strategy,PRJ07,2026-07-09,3.2,True
EMP031,Henry Hall,Strategy,PRJ07,2026-07-09,4.9,False
EMP031,Henry Hall,Strategy,PRJ07,2026-07-10,4.7,True
EMP031,Henry Hall,Strategy,PRJ07,2026-07-10,3.4,False
EMP031,Henry Hall,Strategy,PRJ07,2026-07-13,2.9,True
EMP031,Henry Hall,Strategy,PRJ07,2026-07-13,4.7,False
EMP031,Henry Hall,Strategy,PRJ07,2026-07-14,2.7,True
EMP031,Henry Hall,Strategy,PRJ07,2026-07-14,4.8,False
EMP031,Henry Hall,Strategy,PRJ07,2026-07-15,3.0,True
EMP031,Henry Hall,Strategy,PRJ07,2026-07-15,4.8,False
EMP031,Henry Hall,Strategy,PRJ01,2026-07-16,3.3,True
EMP031,Henry Hall,Strategy,PRJ01,2026-07-16,4.8,False
EMP031,Henry Hall,Strategy,PRJ01,2026-07-17,4.1,True
EMP031,Henry Hall,Strategy,PRJ01,2026-07-17,3.2,False
EMP031,Henry Hall,Strategy,PRJ01,2026-07-20,3.6,True
EMP031,Henry Hall,Strategy,PRJ01,2026-07-20,3.1,False
EMP031,Henry Hall,Strategy,PRJ01,2026-07-21,3.1,True
EMP031,Henry Hall,Strategy,PRJ01,2026-07-21,2.8,False
EMP031,Henry Hall,Strategy,PRJ07,2026-07-22,3.4,True
EMP031,Henry Hall,Strategy,PRJ07,2026-07-22,4.1,False
EMP031,Henry Hall,Strategy,PRJ01,2026-07-23,3.6,True
EMP031,Henry Hall,Strategy,PRJ01,2026-07-23,2.6,False
EMP031,Henry Hall,Strategy,PRJ01,2026-07-24,4.0,True
EMP031,Henry Hall,Strategy,PRJ01,2026-07-24,3.1,False
EMP031,Henry Hall,Strategy,PRJ07,2026-07-27,4.1,True
EMP031,Henry Hall,Strategy,PRJ07,2026-07-27,3.7,False
EMP031,Henry Hall,Strategy,PRJ07,2026-07-28,2.2,True
EMP031,Henry Hall,Strategy,PRJ07,2026-07-28,3.6,False
EMP031,Henry Hall,Strategy,PRJ01,2026-07-29,3.4,True
EMP031,Henry Hall,Strategy,PRJ01,2026-07-29,4.9,False
EMP031,Henry Hall,Strategy,PRJ01,2026-07-30,4.4,True
EMP031,Henry Hall,Strategy,PRJ01,2026-07-30,3.3,False
EMP031,Henry Hall,Strategy,PRJ01,2026-08-03,2.9,True
EMP031,Henry Hall,Strategy,PRJ01,2026-08-03,5.0,False
EMP031,Henry Hall,Strategy,PRJ01,2026-08-04,3.2,True
EMP031,Henry Hall,Strategy,PRJ01,2026-08-04,3.2,False
EMP031,Henry Hall,Strategy,PRJ01,2026-08-05,3.4,True
EMP031,Henry Hall,Strategy,PRJ01,2026-08-05,3.3,False
EMP031,Henry Hall,Strategy,PRJ07,2026-08-06,3.2,True
EMP031,Henry Hall,Strategy,PRJ07,2026-08-06,2.9,False
EMP031,Henry Hall,Strategy,PRJ07,2026-08-07,2.9,True
EMP031,Henry Hall,Strategy,PRJ07,2026-08-07,3.9,False
EMP031,Henry Hall,Strategy,PRJ07,2026-08-10,3.6,True
EMP031,Henry Hall,Strategy,PRJ07,2026-08-10,3.9,False
EMP031,Henry Hall,Strategy,PRJ07,2026-08-11,2.5,True
EMP031,Henry Hall,Strategy,PRJ07,2026-08-11,3.3,False
EMP031,Henry Hall,Strategy,PRJ01,2026-08-12,2.5,True
EMP031,Henry Hall,Strategy,PRJ01,2026-08-12,3.8,False
EMP031,Henry Hall,Strategy,PRJ01,2026-08-13,3.1,True
EMP031,Henry Hall,Strategy,PRJ01,2026-08-13,3.3,False
EMP031,Henry Hall,Strategy,PRJ07,2026-08-14,3.5,True
EMP031,Henry Hall,Strategy,PRJ07,2026-08-14,2.4,False
EMP031,Henry Hall,Strategy,PRJ01,2026-08-17,2.8,True
EMP031,Henry Hall,Strategy,PRJ01,2026-08-17,3.0,False
EMP031,Henry Hall,Strategy,PRJ01,2026-08-18,3.8,True
EMP031,Henry Hall,Strategy,PRJ01,2026-08-18,2.6,False
EMP031,Henry Hall,Strategy,PRJ07,2026-08-19,4.0,True
EMP031,Henry Hall,Strategy,PRJ07,2026-08-19,3.0,False
EMP031,Henry Hall,Strategy,PRJ01,2026-08-20,3.4,True
EMP031,Henry Hall,Strategy,PRJ01,2026-08-20,3.2,False
EMP031,Henry Hall,Strategy,PRJ07,2026-08-24,4.8,True
EMP031,Henry Hall,Strategy,PRJ07,2026-08-24,3.5,False
EMP031,Henry Hall,Strategy,PRJ01,2026-08-25,3.9,True
EMP031,Henry Hall,Strategy,PRJ01,2026-08-25,4.0,False
EMP031,Henry Hall,Strategy,PRJ01,2026-08-26,3.1,True
EMP031,Henry Hall,Strategy,PRJ01,2026-08-26,3.7,False
EMP031,Henry Hall,Strategy,PRJ07,2026-08-27,4.9,True
EMP031,Henry Hall,Strategy,PRJ07,2026-08-27,3.5,False
EMP031,Henry Hall,Strategy,PRJ07,2026-08-28,3.4,True
EMP031,Henry Hall,Strategy,PRJ07,2026-08-28,3.5,False
EMP031,Henry Hall,Strategy,PRJ01,2026-08-31,4.5,True
EMP031,Henry Hall,Strategy,PRJ01,2026-08-31,3.2,False
EMP032,James Bose,Design,PRJ09,2026-06-01,6.0,True
EMP032,James Bose,Design,PRJ09,2026-06-01,0.3,False
EMP032,James Bose,Design,PRJ02,2026-06-02,4.1,True
EMP032,James Bose,Design,PRJ02,2026-06-02,1.5,False
EMP032,James Bose,Design,PRJ06,2026-06-03,6.6,True
EMP032,James Bose,Design,PRJ06,2026-06-03,1.3,False
EMP032,James Bose,Design,PRJ02,2026-06-04,7.2,True
EMP032,James Bose,Design,PRJ02,2026-06-04,0.8,False
EMP032,James Bose,Design,PRJ02,2026-06-05,6.5,True
EMP032,James Bose,Design,PRJ02,2026-06-05,0.4,False
EMP032,James Bose,Design,PRJ06,2026-06-08,5.5,True
EMP032,James Bose,Design,PRJ06,2026-06-08,1.2,False
EMP032,James Bose,Design,PRJ06,2026-06-09,4.3,True
EMP032,James Bose,Design,PRJ06,2026-06-09,2.1,False
EMP032,James Bose,Design,PRJ06,2026-06-10,5.0,True
EMP032,James Bose,Design,PRJ06,2026-06-10,1.3,False
EMP032,James Bose,Design,PRJ06,2026-06-11,4.9,True
EMP032,James Bose,Design,PRJ06,2026-06-11,2.5,False
EMP032,James Bose,Design,PRJ02,2026-06-12,5.5,True
EMP032,James Bose,Design,PRJ02,2026-06-12,1.5,False
EMP032,James Bose,Design,PRJ02,2026-06-15,4.9,True
EMP032,James Bose,Design,PRJ02,2026-06-15,0.8,False
EMP032,James Bose,Design,PRJ06,2026-06-17,6.5,True
EMP032,James Bose,Design,PRJ06,2026-06-17,1.5,False
EMP032,James Bose,Design,PRJ09,2026-06-18,4.5,True
EMP032,James Bose,Design,PRJ09,2026-06-18,1.2,False
EMP032,James Bose,Design,PRJ09,2026-06-19,6.5,True
EMP032,James Bose,Design,PRJ09,2026-06-19,0.7,False
EMP032,James Bose,Design,PRJ02,2026-06-22,5.6,True
EMP032,James Bose,Design,PRJ02,2026-06-22,2.5,False
EMP032,James Bose,Design,PRJ02,2026-06-23,7.7,True
EMP032,James Bose,Design,PRJ02,2026-06-23,0.7,False
EMP032,James Bose,Design,PRJ06,2026-06-24,5.2,True
EMP032,James Bose,Design,PRJ06,2026-06-24,2.2,False
EMP032,James Bose,Design,PRJ06,2026-06-25,5.0,True
EMP032,James Bose,Design,PRJ06,2026-06-25,2.3,False
EMP032,James Bose,Design,PRJ09,2026-06-26,6.3,True
EMP032,James Bose,Design,PRJ09,2026-06-26,1.5,False
EMP032,James Bose,Design,PRJ09,2026-06-29,5.4,True
EMP032,James Bose,Design,PRJ09,2026-06-29,1.2,False
EMP032,James Bose,Design,PRJ06,2026-06-30,5.7,True
EMP032,James Bose,Design,PRJ06,2026-06-30,2.8,False
EMP032,James Bose,Design,PRJ09,2026-07-01,6.8,True
EMP032,James Bose,Design,PRJ09,2026-07-01,0.4,False
EMP032,James Bose,Design,PRJ09,2026-07-02,7.0,True
EMP032,James Bose,Design,PRJ09,2026-07-02,0.7,False
EMP032,James Bose,Design,PRJ02,2026-07-03,6.0,True
EMP032,James Bose,Design,PRJ02,2026-07-03,1.5,False
EMP032,James Bose,Design,PRJ06,2026-07-06,4.6,True
EMP032,James Bose,Design,PRJ06,2026-07-06,1.8,False
EMP032,James Bose,Design,PRJ06,2026-07-07,4.6,True
EMP032,James Bose,Design,PRJ06,2026-07-07,1.6,False
EMP032,James Bose,Design,PRJ06,2026-07-08,6.5,True
EMP032,James Bose,Design,PRJ06,2026-07-08,1.9,False
EMP032,James Bose,Design,PRJ09,2026-07-09,6.9,True
EMP032,James Bose,Design,PRJ09,2026-07-09,1.3,False
EMP032,James Bose,Design,PRJ06,2026-07-10,5.6,True
EMP032,James Bose,Design,PRJ06,2026-07-10,0.6,False
EMP032,James Bose,Design,PRJ09,2026-07-13,7.0,True
EMP032,James Bose,Design,PRJ09,2026-07-13,1.2,False
EMP032,James Bose,Design,PRJ06,2026-07-14,4.8,True
EMP032,James Bose,Design,PRJ06,2026-07-14,1.6,False
EMP032,James Bose,Design,PRJ06,2026-07-15,4.7,True
EMP032,James Bose,Design,PRJ06,2026-07-15,1.2,False
EMP032,James Bose,Design,PRJ02,2026-07-16,3.8,True
EMP032,James Bose,Design,PRJ02,2026-07-16,1.7,False
EMP032,James Bose,Design,PRJ06,2026-07-17,4.7,True
EMP032,James Bose,Design,PRJ06,2026-07-17,2.2,False
EMP032,James Bose,Design,PRJ09,2026-07-21,4.6,True
EMP032,James Bose,Design,PRJ09,2026-07-21,1.1,False
EMP032,James Bose,Design,PRJ09,2026-07-22,5.1,True
EMP032,James Bose,Design,PRJ09,2026-07-22,1.5,False
EMP032,James Bose,Design,PRJ02,2026-07-23,5.8,True
EMP032,James Bose,Design,PRJ02,2026-07-23,0.7,False
EMP032,James Bose,Design,PRJ09,2026-07-24,5.6,True
EMP032,James Bose,Design,PRJ09,2026-07-24,2.9,False
EMP032,James Bose,Design,PRJ09,2026-07-27,6.9,True
EMP032,James Bose,Design,PRJ09,2026-07-27,1.3,False
EMP032,James Bose,Design,PRJ06,2026-07-28,4.8,True
EMP032,James Bose,Design,PRJ06,2026-07-28,2.1,False
EMP032,James Bose,Design,PRJ06,2026-07-29,6.4,True
EMP032,James Bose,Design,PRJ06,2026-07-29,1.6,False
EMP032,James Bose,Design,PRJ02,2026-07-30,5.6,True
EMP032,James Bose,Design,PRJ02,2026-07-30,1.0,False
EMP032,James Bose,Design,PRJ06,2026-07-31,5.7,True
EMP032,James Bose,Design,PRJ06,2026-07-31,2.0,False
EMP032,James Bose,Design,PRJ09,2026-08-03,4.5,True
EMP032,James Bose,Design,PRJ09,2026-08-03,1.1,False
EMP032,James Bose,Design,PRJ02,2026-08-04,5.1,True
EMP032,James Bose,Design,PRJ02,2026-08-04,1.7,False
EMP032,James Bose,Design,PRJ09,2026-08-05,5.2,True
EMP032,James Bose,Design,PRJ09,2026-08-05,0.4,False
EMP032,James Bose,Design,PRJ06,2026-08-06,6.0,True
EMP032,James Bose,Design,PRJ06,2026-08-06,1.2,False
EMP032,James Bose,Design,PRJ06,2026-08-07,5.1,True
EMP032,James Bose,Design,PRJ06,2026-08-07,1.3,False
EMP032,James Bose,Design,PRJ06,2026-08-10,7.9,True
EMP032,James Bose,Design,PRJ06,2026-08-10,0.4,False
EMP032,James Bose,Design,PRJ09,2026-08-11,4.2,True
EMP032,James Bose,Design,PRJ09,2026-08-11,1.7,False
EMP032,James Bose,Design,PRJ06,2026-08-13,6.8,
EMP032,James Bose,Design,PRJ06,2026-08-13,1.6,False
EMP032,James Bose,Design,PRJ09,2026-08-14,4.0,True
EMP032,James Bose,Design,PRJ09,2026-08-14,1.6,False
EMP032,James Bose,Design,PRJ06,2026-08-17,4.6,True
EMP032,James Bose,Design,PRJ06,2026-08-17,1.3,False
EMP032,James Bose,Design,PRJ02,2026-08-18,5.4,True
EMP032,James Bose,Design,PRJ02,2026-08-18,0.5,False
EMP032,James Bose,Design,PRJ06,2026-08-19,7.4,True
EMP032,James Bose,Design,PRJ06,2026-08-19,1.1,False
EMP032,James Bose,Design,PRJ06,2026-08-20,5.5,True
EMP032,James Bose,Design,PRJ06,2026-08-20,2.2,False
EMP032,James Bose,Design,PRJ09,2026-08-21,5.3,True
EMP032,James Bose,Design,PRJ09,2026-08-21,1.0,False
EMP032,James Bose,Design,PRJ06,2026-08-24,7.0,True
EMP032,James Bose,Design,PRJ06,2026-08-24,0.6,False
EMP032,James Bose,Design,PRJ09,2026-08-25,5.9,True
EMP032,James Bose,Design,PRJ09,2026-08-25,2.0,False
EMP032,James Bose,Design,PRJ06,2026-08-26,4.7,True
EMP032,James Bose,Design,PRJ06,2026-08-26,0.9,False
EMP032,James Bose,Design,PRJ06,2026-08-27,5.8,True
EMP032,James Bose,Design,PRJ06,2026-08-27,2.3,False
EMP032,James Bose,Design,PRJ02,2026-08-28,6.9,True
EMP032,James Bose,Design,PRJ02,2026-08-28,1.0,False
EMP032,James Bose,Design,PRJ09,2026-08-31,4.7,True
EMP032,James Bose,Design,PRJ09,2026-08-31,1.1,False
EMP033,Kavya Verma,Strategy,PRJ01,2026-06-01,2.9,True
EMP033,Kavya Verma,Strategy,PRJ01,2026-06-01,4.3,False
EMP033,Kavya Verma,Strategy,PRJ01,2026-06-02,3.7,True
EMP033,Kavya Verma,Strategy,PRJ01,2026-06-02,3.6,False
EMP033,Kavya Verma,Strategy,PRJ01,2026-06-03,3.0,True
EMP033,Kavya Verma,Strategy,PRJ01,2026-06-03,4.5,False
EMP033,Kavya Verma,Strategy,PRJ01,2026-06-04,3.5,True
EMP033,Kavya Verma,Strategy,PRJ01,2026-06-04,4.0,False
EMP033,Kavya Verma,Strategy,PRJ01,2026-06-05,2.6,True
EMP033,Kavya Verma,Strategy,PRJ01,2026-06-05,3.8,False
EMP033,Kavya Verma,Strategy,PRJ01,2026-06-08,2.8,True
EMP033,Kavya Verma,Strategy,PRJ01,2026-06-08,3.4,False
EMP033,Kavya Verma,Strategy,PRJ01,2026-06-09,3.0,True
EMP033,Kavya Verma,Strategy,PRJ01,2026-06-09,2.8,False
EMP033,Kavya Verma,Strategy,PRJ01,2026-06-10,3.7,True
EMP033,Kavya Verma,Strategy,PRJ01,2026-06-10,4.2,False
EMP033,Kavya Verma,Strategy,PRJ01,2026-06-12,3.4,True
EMP033,Kavya Verma,Strategy,PRJ01,2026-06-12,2.7,False
EMP033,Kavya Verma,Strategy,PRJ01,2026-06-15,2.7,True
EMP033,Kavya Verma,Strategy,PRJ01,2026-06-15,3.6,False
EMP033,Kavya Verma,Strategy,PRJ01,2026-06-16,2.3,True
EMP033,Kavya Verma,Strategy,PRJ01,2026-06-16,4.0,False
EMP033,Kavya Verma,Strategy,PRJ01,2026-06-17,3.4,True
EMP033,Kavya Verma,Strategy,PRJ01,2026-06-17,4.6,False
EMP033,Kavya Verma,Strategy,PRJ01,2026-06-18,3.9,True
EMP033,Kavya Verma,Strategy,PRJ01,2026-06-18,3.2,False
EMP033,Kavya Verma,Strategy,PRJ01,2026-06-19,3.3,True
EMP033,Kavya Verma,Strategy,PRJ01,2026-06-19,3.2,False
EMP033,Kavya Verma,Strategy,PRJ01,2026-06-23,3.4,True
EMP033,Kavya Verma,Strategy,PRJ01,2026-06-23,4.4,False
EMP033,Kavya Verma,Strategy,PRJ01,2026-06-24,3.6,True
EMP033,Kavya Verma,Strategy,PRJ01,2026-06-24,3.9,False
EMP033,Kavya Verma,Strategy,PRJ01,2026-06-25,3.6,True
EMP033,Kavya Verma,Strategy,PRJ01,2026-06-25,4.4,False
EMP033,Kavya Verma,Strategy,PRJ01,2026-06-26,3.0,True
EMP033,Kavya Verma,Strategy,PRJ01,2026-06-26,3.6,False
EMP033,Kavya Verma,Strategy,PRJ01,2026-07-01,2.6,True
EMP033,Kavya Verma,Strategy,PRJ01,2026-07-01,3.2,False
EMP033,Kavya Verma,Strategy,PRJ01,2026-07-02,2.8,True
EMP033,Kavya Verma,Strategy,PRJ01,2026-07-02,2.8,False
EMP033,Kavya Verma,Strategy,PRJ01,2026-07-03,3.5,True
EMP033,Kavya Verma,Strategy,PRJ01,2026-07-03,4.4,False
EMP033,Kavya Verma,Strategy,PRJ01,2026-07-06,2.3,True
EMP033,Kavya Verma,Strategy,PRJ01,2026-07-06,4.0,False
EMP033,Kavya Verma,Strategy,PRJ01,2026-07-07,2.7,True
EMP033,Kavya Verma,Strategy,PRJ01,2026-07-07,5.0,False
EMP033,Kavya Verma,Strategy,PRJ01,2026-07-08,3.7,True
EMP033,Kavya Verma,Strategy,PRJ01,2026-07-08,3.0,False
EMP033,Kavya Verma,Strategy,PRJ01,2026-07-09,3.3,True
EMP033,Kavya Verma,Strategy,PRJ01,2026-07-09,4.4,False
EMP033,Kavya Verma,Strategy,PRJ01,2026-07-10,3.5,True
EMP033,Kavya Verma,Strategy,PRJ01,2026-07-10,4.0,False
EMP033,Kavya Verma,Strategy,PRJ01,2026-07-13,2.8,True
EMP033,Kavya Verma,Strategy,PRJ01,2026-07-13,3.9,False
EMP033,Kavya Verma,Strategy,PRJ01,2026-07-14,2.2,True
EMP033,Kavya Verma,Strategy,PRJ01,2026-07-14,4.0,False
EMP033,Kavya Verma,Strategy,PRJ01,2026-07-15,4.1,True
EMP033,Kavya Verma,Strategy,PRJ01,2026-07-15,3.7,False
EMP033,Kavya Verma,Strategy,PRJ01,2026-07-16,2.7,True
EMP033,Kavya Verma,Strategy,PRJ01,2026-07-16,4.0,False
EMP033,Kavya Verma,Strategy,PRJ01,2026-07-17,2.5,True
EMP033,Kavya Verma,Strategy,PRJ01,2026-07-17,3.9,False
EMP033,Kavya Verma,Strategy,PRJ01,2026-07-20,3.8,True
EMP033,Kavya Verma,Strategy,PRJ01,2026-07-20,4.3,False
EMP033,Kavya Verma,Strategy,PRJ01,2026-07-21,3.8,True
EMP033,Kavya Verma,Strategy,PRJ01,2026-07-21,4.2,False
EMP033,Kavya Verma,Strategy,PRJ01,2026-07-22,3.6,True
EMP033,Kavya Verma,Strategy,PRJ01,2026-07-22,3.1,False
EMP033,Kavya Verma,Strategy,PRJ01,2026-07-23,4.1,True
EMP033,Kavya Verma,Strategy,PRJ01,2026-07-23,3.2,False
EMP033,Kavya Verma,Strategy,PRJ01,2026-07-24,3.8,True
EMP033,Kavya Verma,Strategy,PRJ01,2026-07-24,4.1,False
EMP033,Kavya Verma,Strategy,PRJ01,2026-07-27,3.2,True
EMP033,Kavya Verma,Strategy,PRJ01,2026-07-27,3.7,False
EMP033,Kavya Verma,Strategy,PRJ01,2026-07-28,2.2,True
EMP033,Kavya Verma,Strategy,PRJ01,2026-07-28,3.5,False
EMP033,Kavya Verma,Strategy,PRJ01,2026-07-29,2.8,True
EMP033,Kavya Verma,Strategy,PRJ01,2026-07-29,3.2,False
EMP033,Kavya Verma,Strategy,PRJ01,2026-07-30,3.3,True
EMP033,Kavya Verma,Strategy,PRJ01,2026-07-30,2.7,False
EMP033,Kavya Verma,Strategy,PRJ01,2026-07-31,2.4,True
EMP033,Kavya Verma,Strategy,PRJ01,2026-07-31,4.4,False
EMP033,Kavya Verma,Strategy,PRJ01,2026-08-03,4.3,True
EMP033,Kavya Verma,Strategy,PRJ01,2026-08-03,4.0,False
EMP033,Kavya Verma,Strategy,PRJ01,2026-08-04,2.9,True
EMP033,Kavya Verma,Strategy,PRJ01,2026-08-04,4.6,False
EMP033,Kavya Verma,Strategy,PRJ01,2026-08-05,3.3,True
EMP033,Kavya Verma,Strategy,PRJ01,2026-08-05,3.3,False
EMP033,Kavya Verma,Strategy,PRJ01,2026-08-06,4.4,True
EMP033,Kavya Verma,Strategy,PRJ01,2026-08-06,3.9,False
EMP033,Kavya Verma,Strategy,PRJ01,2026-08-07,3.0,True
EMP033,Kavya Verma,Strategy,PRJ01,2026-08-07,3.9,False
EMP033,Kavya Verma,Strategy,PRJ01,2026-08-10,3.6,True
EMP033,Kavya Verma,Strategy,PRJ01,2026-08-10,4.8,False
EMP033,Kavya Verma,Strategy,PRJ01,2026-08-11,2.6,True
EMP033,Kavya Verma,Strategy,PRJ01,2026-08-11,4.3,False
EMP033,Kavya Verma,Strategy,PRJ01,2026-08-12,4.2,True
EMP033,Kavya Verma,Strategy,PRJ01,2026-08-12,3.2,False
EMP033,Kavya Verma,Strategy,PRJ01,2026-08-13,3.5,True
EMP033,Kavya Verma,Strategy,PRJ01,2026-08-13,2.8,False
EMP033,Kavya Verma,Strategy,PRJ01,2026-08-14,3.3,True
EMP033,Kavya Verma,Strategy,PRJ01,2026-08-14,4.1,False
EMP033,Kavya Verma,Strategy,PRJ01,2026-08-17,3.0,True
EMP033,Kavya Verma,Strategy,PRJ01,2026-08-17,3.1,False
EMP033,Kavya Verma,Strategy,PRJ01,2026-08-18,2.4,True
EMP033,Kavya Verma,Strategy,PRJ01,2026-08-18,3.9,False
EMP033,Kavya Verma,Strategy,PRJ01,2026-08-19,3.1,True
EMP033,Kavya Verma,Strategy,PRJ01,2026-08-19,4.2,False
EMP033,Kavya Verma,Strategy,PRJ01,2026-08-21,3.6,True
EMP033,Kavya Verma,Strategy,PRJ01,2026-08-21,2.5,False
EMP033,Kavya Verma,Strategy,PRJ01,2026-08-24,2.0,True
EMP033,Kavya Verma,Strategy,PRJ01,2026-08-24,3.5,False
EMP033,Kavya Verma,Strategy,PRJ01,2026-08-25,3.2,True
EMP033,Kavya Verma,Strategy,PRJ01,2026-08-25,3.6,False
EMP033,Kavya Verma,Strategy,PRJ01,2026-08-26,3.2,True
EMP033,Kavya Verma,Strategy,PRJ01,2026-08-26,4.0,False
EMP033,Kavya Verma,Strategy,PRJ01,2026-08-27,3.4,True
EMP033,Kavya Verma,Strategy,PRJ01,2026-08-27,4.6,False
EMP033,Kavya Verma,Strategy,PRJ01,2026-08-28,4.9,True
EMP033,Kavya Verma,Strategy,PRJ01,2026-08-28,3.5,False
EMP033,Kavya Verma,Strategy,PRJ01,2026-08-31,3.4,True
EMP033,Kavya Verma,Strategy,PRJ01,2026-08-31,3.8,False
EMP034,Mia King,Engineering,PRJ02,2026-06-01,4.3,True
EMP034,Mia King,Engineering,PRJ02,2026-06-01,2.2,False
EMP034,Mia King,Engineering,PRJ02,2026-06-02,5.1,True
EMP034,Mia King,Engineering,PRJ02,2026-06-02,1.4,False
EMP034,Mia King,Engineering,PRJ02,2026-06-03,5.0,True
EMP034,Mia King,Engineering,PRJ02,2026-06-03,2.7,False
EMP034,Mia King,Engineering,PRJ02,2026-06-04,5.5,True
EMP034,Mia King,Engineering,PRJ02,2026-06-04,1.8,False
EMP034,Mia King,Engineering,PRJ02,2026-06-05,4.0,True
EMP034,Mia King,Engineering,PRJ02,2026-06-05,1.5,False
EMP034,Mia King,Engineering,PRJ02,2026-06-08,7.3,True
EMP034,Mia King,Engineering,PRJ02,2026-06-08,1.2,False
EMP034,Mia King,Engineering,PRJ02,2026-06-09,7.3,True
EMP034,Mia King,Engineering,PRJ02,2026-06-09,0.7,False
EMP034,Mia King,Engineering,PRJ02,2026-06-10,5.5,True
EMP034,Mia King,Engineering,PRJ02,2026-06-10,1.5,False
EMP034,Mia King,Engineering,PRJ02,2026-06-12,5.2,True
EMP034,Mia King,Engineering,PRJ02,2026-06-12,0.8,False
EMP034,Mia King,Engineering,PRJ02,2026-06-15,4.6,True
EMP034,Mia King,Engineering,PRJ02,2026-06-15,1.3,False
EMP034,Mia King,Engineering,PRJ02,2026-06-16,5.7,True
EMP034,Mia King,Engineering,PRJ02,2026-06-16,0.6,False
EMP034,Mia King,Engineering,PRJ02,2026-06-17,7.5,True
EMP034,Mia King,Engineering,PRJ02,2026-06-17,0.7,False
EMP034,Mia King,Engineering,PRJ02,2026-06-18,6.7,True
EMP034,Mia King,Engineering,PRJ02,2026-06-18,1.6,False
EMP034,Mia King,Engineering,PRJ02,2026-06-19,4.0,True
EMP034,Mia King,Engineering,PRJ02,2026-06-19,1.7,False
EMP034,Mia King,Engineering,PRJ02,2026-06-22,5.0,True
EMP034,Mia King,Engineering,PRJ02,2026-06-22,1.8,False
EMP034,Mia King,Engineering,PRJ02,2026-06-23,6.7,True
EMP034,Mia King,Engineering,PRJ02,2026-06-23,0.7,False
EMP034,Mia King,Engineering,PRJ02,2026-06-24,4.7,True
EMP034,Mia King,Engineering,PRJ02,2026-06-24,1.2,False
EMP034,Mia King,Engineering,PRJ02,2026-06-25,3.9,True
EMP034,Mia King,Engineering,PRJ02,2026-06-25,1.9,False
EMP034,Mia King,Engineering,PRJ02,2026-06-26,7.4,True
EMP034,Mia King,Engineering,PRJ02,2026-06-26,1.0,False
EMP034,Mia King,Engineering,PRJ02,2026-06-29,4.9,True
EMP034,Mia King,Engineering,PRJ02,2026-06-29,0.8,False
EMP034,Mia King,Engineering,PRJ02,2026-06-30,7.5,True
EMP034,Mia King,Engineering,PRJ02,2026-06-30,0.8,False
EMP034,Mia King,Engineering,PRJ02,2026-07-01,4.7,True
EMP034,Mia King,Engineering,PRJ02,2026-07-01,1.7,False
EMP034,Mia King,Engineering,PRJ02,2026-07-02,4.5,True
EMP034,Mia King,Engineering,PRJ02,2026-07-02,1.8,False
EMP034,Mia King,Engineering,PRJ02,2026-07-03,4.4,True
EMP034,Mia King,Engineering,PRJ02,2026-07-03,1.4,False
EMP034,Mia King,Engineering,PRJ02,2026-07-06,5.7,True
EMP034,Mia King,Engineering,PRJ02,2026-07-06,1.1,False
EMP034,Mia King,Engineering,PRJ02,2026-07-07,5.4,True
EMP034,Mia King,Engineering,PRJ02,2026-07-07,1.3,False
EMP034,Mia King,Engineering,PRJ02,2026-07-08,6.3,True
EMP034,Mia King,Engineering,PRJ02,2026-07-08,1.1,False
EMP034,Mia King,Engineering,PRJ02,2026-07-09,6.3,True
EMP034,Mia King,Engineering,PRJ02,2026-07-09,0.7,False
EMP034,Mia King,Engineering,PRJ02,2026-07-10,5.0,True
EMP034,Mia King,Engineering,PRJ02,2026-07-10,1.3,False
EMP034,Mia King,Engineering,PRJ02,2026-07-13,5.9,True
EMP034,Mia King,Engineering,PRJ02,2026-07-13,1.5,False
EMP034,Mia King,Engineering,PRJ02,2026-07-14,5.5,True
EMP034,Mia King,Engineering,PRJ02,2026-07-14,1.1,False
EMP034,Mia King,Engineering,PRJ02,2026-07-15,6.1,True
EMP034,Mia King,Engineering,PRJ02,2026-07-15,0.5,False
EMP034,Mia King,Engineering,PRJ02,2026-07-16,5.0,True
EMP034,Mia King,Engineering,PRJ02,2026-07-16,2.4,False
EMP034,Mia King,Engineering,PRJ02,2026-07-17,4.0,True
EMP034,Mia King,Engineering,PRJ02,2026-07-17,2.1,False
EMP034,Mia King,Engineering,PRJ02,2026-07-20,6.1,True
EMP034,Mia King,Engineering,PRJ02,2026-07-20,1.6,False
EMP034,Mia King,Engineering,PRJ02,2026-07-21,5.5,True
EMP034,Mia King,Engineering,PRJ02,2026-07-21,1.0,False
EMP034,Mia King,Engineering,PRJ02,2026-07-22,5.8,True
EMP034,Mia King,Engineering,PRJ02,2026-07-22,0.4,False
EMP034,Mia King,Engineering,PRJ02,2026-07-23,6.5,True
EMP034,Mia King,Engineering,PRJ02,2026-07-23,1.9,False
EMP034,Mia King,Engineering,PRJ02,2026-07-24,5.3,True
EMP034,Mia King,Engineering,PRJ02,2026-07-24,1.1,False
EMP034,Mia King,Engineering,PRJ02,2026-07-27,5.0,True
EMP034,Mia King,Engineering,PRJ02,2026-07-27,0.9,False
EMP034,Mia King,Engineering,PRJ02,2026-07-28,6.9,True
EMP034,Mia King,Engineering,PRJ02,2026-07-28,0.9,False
EMP034,Mia King,Engineering,PRJ02,2026-07-29,5.3,True
EMP034,Mia King,Engineering,PRJ02,2026-07-29,2.2,False
EMP034,Mia King,Engineering,PRJ02,2026-07-30,4.4,True
EMP034,Mia King,Engineering,PRJ02,2026-07-30,1.8,False
EMP034,Mia King,Engineering,PRJ02,2026-07-31,6.4,True
EMP034,Mia King,Engineering,PRJ02,2026-07-31,0.8,False
EMP034,Mia King,Engineering,PRJ02,2026-08-03,5.9,True
EMP034,Mia King,Engineering,PRJ02,2026-08-03,1.0,False
EMP034,Mia King,Engineering,PRJ02,2026-08-04,6.9,True
EMP034,Mia King,Engineering,PRJ02,2026-08-04,1.1,False
EMP034,Mia King,Engineering,PRJ02,2026-08-05,6.4,True
EMP034,Mia King,Engineering,PRJ02,2026-08-05,1.9,False
EMP034,Mia King,Engineering,PRJ02,2026-08-06,6.0,True
EMP034,Mia King,Engineering,PRJ02,2026-08-06,1.7,False
EMP034,Mia King,Engineering,PRJ02,2026-08-07,7.1,True
EMP034,Mia King,Engineering,PRJ02,2026-08-07,0.4,False
EMP034,Mia King,Engineering,PRJ02,2026-08-10,5.9,True
EMP034,Mia King,Engineering,PRJ02,2026-08-10,1.9,False
EMP034,Mia King,Engineering,PRJ02,2026-08-12,4.5,True
EMP034,Mia King,Engineering,PRJ02,2026-08-12,2.2,False
EMP034,Mia King,Engineering,PRJ02,2026-08-13,4.8,True
EMP034,Mia King,Engineering,PRJ02,2026-08-13,1.3,False
EMP034,Mia King,Engineering,PRJ02,2026-08-14,4.5,True
EMP034,Mia King,Engineering,PRJ02,2026-08-14,1.5,False
EMP034,Mia King,Engineering,PRJ02,2026-08-17,4.8,True
EMP034,Mia King,Engineering,PRJ02,2026-08-17,2.0,False
EMP034,Mia King,Engineering,PRJ02,2026-08-18,5.2,True
EMP034,Mia King,Engineering,PRJ02,2026-08-18,2.4,False
EMP034,Mia King,Engineering,PRJ02,2026-08-20,5.5,
EMP034,Mia King,Engineering,PRJ02,2026-08-20,1.7,False
EMP034,Mia King,Engineering,PRJ02,2026-08-21,5.8,True
EMP034,Mia King,Engineering,PRJ02,2026-08-21,1.7,False
EMP034,Mia King,Engineering,PRJ02,2026-08-24,6.2,True
EMP034,Mia King,Engineering,PRJ02,2026-08-24,1.2,False
EMP034,Mia King,Engineering,PRJ02,2026-08-25,6.9,True
EMP034,Mia King,Engineering,PRJ02,2026-08-25,0.7,False
EMP034,Mia King,Engineering,PRJ02,2026-08-26,6.0,True
EMP034,Mia King,Engineering,PRJ02,2026-08-26,0.8,False
EMP034,Mia King,Engineering,PRJ02,2026-08-27,6.9,True
EMP034,Mia King,Engineering,PRJ02,2026-08-27,1.4,False
EMP034,Mia King,Engineering,PRJ02,2026-08-28,6.3,True
EMP034,Mia King,Engineering,PRJ02,2026-08-28,1.8,False
EMP034,Mia King,Engineering,PRJ02,2026-08-31,5.3,True
EMP034,Mia King,Engineering,PRJ02,2026-08-31,1.7,False
EMP035,Noah Kumar,PMO,PRJ06,2026-06-01,6.5,True
EMP035,Noah Kumar,PMO,PRJ06,2026-06-01,1.5,False
EMP035,Noah Kumar,PMO,PRJ06,2026-06-02,5.0,True
EMP035,Noah Kumar,PMO,PRJ06,2026-06-02,1.8,False
EMP035,Noah Kumar,PMO,PRJ06,2026-06-03,4.9,True
EMP035,Noah Kumar,PMO,PRJ06,2026-06-03,0.7,False
EMP035,Noah Kumar,PMO,PRJ06,2026-06-04,4.1,True
EMP035,Noah Kumar,PMO,PRJ06,2026-06-04,1.8,False
EMP035,Noah Kumar,PMO,PRJ06,2026-06-05,7.2,True
EMP035,Noah Kumar,PMO,PRJ06,2026-06-05,1.2,False
EMP035,Noah Kumar,PMO,PRJ06,2026-06-08,7.4,True
EMP035,Noah Kumar,PMO,PRJ06,2026-06-08,0.9,False
EMP035,Noah Kumar,PMO,PRJ06,2026-06-09,4.7,True
EMP035,Noah Kumar,PMO,PRJ06,2026-06-09,0.9,False
EMP035,Noah Kumar,PMO,PRJ06,2026-06-10,5.3,True
EMP035,Noah Kumar,PMO,PRJ06,2026-06-10,0.4,False
EMP035,Noah Kumar,PMO,PRJ06,2026-06-12,5.3,True
EMP035,Noah Kumar,PMO,PRJ06,2026-06-12,1.0,False
EMP035,Noah Kumar,PMO,PRJ06,2026-06-15,4.1,True
EMP035,Noah Kumar,PMO,PRJ06,2026-06-15,1.7,False
EMP035,Noah Kumar,PMO,PRJ06,2026-06-16,6.3,True
EMP035,Noah Kumar,PMO,PRJ06,2026-06-16,0.8,False
EMP035,Noah Kumar,PMO,PRJ06,2026-06-17,6.1,True
EMP035,Noah Kumar,PMO,PRJ06,2026-06-17,1.7,False
EMP035,Noah Kumar,PMO,PRJ06,2026-06-18,6.7,True
EMP035,Noah Kumar,PMO,PRJ06,2026-06-18,0.6,False
EMP035,Noah Kumar,PMO,PRJ06,2026-06-19,4.3,True
EMP035,Noah Kumar,PMO,PRJ06,2026-06-19,1.3,False
EMP035,Noah Kumar,PMO,PRJ06,2026-06-22,6.6,True
EMP035,Noah Kumar,PMO,PRJ06,2026-06-22,1.3,False
EMP035,Noah Kumar,PMO,PRJ06,2026-06-24,4.2,True
EMP035,Noah Kumar,PMO,PRJ06,2026-06-24,1.5,False
EMP035,Noah Kumar,PMO,PRJ06,2026-06-25,5.0,True
EMP035,Noah Kumar,PMO,PRJ06,2026-06-25,1.5,False
EMP035,Noah Kumar,PMO,PRJ06,2026-06-26,5.6,True
EMP035,Noah Kumar,PMO,PRJ06,2026-06-26,2.4,False
EMP035,Noah Kumar,PMO,PRJ06,2026-06-29,5.5,True
EMP035,Noah Kumar,PMO,PRJ06,2026-06-29,2.0,False
EMP035,Noah Kumar,PMO,PRJ06,2026-06-30,4.5,True
EMP035,Noah Kumar,PMO,PRJ06,2026-06-30,1.2,False
EMP035,Noah Kumar,PMO,PRJ06,2026-07-01,5.3,True
EMP035,Noah Kumar,PMO,PRJ06,2026-07-01,1.8,False
EMP035,Noah Kumar,PMO,PRJ06,2026-07-02,5.0,True
EMP035,Noah Kumar,PMO,PRJ06,2026-07-02,1.0,False
EMP035,Noah Kumar,PMO,PRJ06,2026-07-03,6.8,True
EMP035,Noah Kumar,PMO,PRJ06,2026-07-03,1.0,False
EMP035,Noah Kumar,PMO,PRJ06,2026-07-06,5.7,True
EMP035,Noah Kumar,PMO,PRJ06,2026-07-06,0.5,False
EMP035,Noah Kumar,PMO,PRJ06,2026-07-07,4.5,True
EMP035,Noah Kumar,PMO,PRJ06,2026-07-07,1.4,False
EMP035,Noah Kumar,PMO,PRJ06,2026-07-08,4.2,True
EMP035,Noah Kumar,PMO,PRJ06,2026-07-08,1.8,False
EMP035,Noah Kumar,PMO,PRJ06,2026-07-09,5.7,True
EMP035,Noah Kumar,PMO,PRJ06,2026-07-09,0.5,False
EMP035,Noah Kumar,PMO,PRJ06,2026-07-10,5.3,True
EMP035,Noah Kumar,PMO,PRJ06,2026-07-10,0.5,False
EMP035,Noah Kumar,PMO,PRJ06,2026-07-13,4.8,True
EMP035,Noah Kumar,PMO,PRJ06,2026-07-13,1.4,False
EMP035,Noah Kumar,PMO,PRJ06,2026-07-14,5.5,True
EMP035,Noah Kumar,PMO,PRJ06,2026-07-14,0.5,False
EMP035,Noah Kumar,PMO,PRJ06,2026-07-15,5.1,True
EMP035,Noah Kumar,PMO,PRJ06,2026-07-15,1.4,False
EMP035,Noah Kumar,PMO,PRJ06,2026-07-16,5.6,True
EMP035,Noah Kumar,PMO,PRJ06,2026-07-16,1.6,False
EMP035,Noah Kumar,PMO,PRJ06,2026-07-17,5.1,True
EMP035,Noah Kumar,PMO,PRJ06,2026-07-17,2.3,False
EMP035,Noah Kumar,PMO,PRJ06,2026-07-20,6.2,True
EMP035,Noah Kumar,PMO,PRJ06,2026-07-20,2.1,False
EMP035,Noah Kumar,PMO,PRJ06,2026-07-21,7.1,True
EMP035,Noah Kumar,PMO,PRJ06,2026-07-21,0.5,False
EMP035,Noah Kumar,PMO,PRJ06,2026-07-22,6.1,True
EMP035,Noah Kumar,PMO,PRJ06,2026-07-22,1.4,False
EMP035,Noah Kumar,PMO,PRJ06,2026-07-23,6.0,True
EMP035,Noah Kumar,PMO,PRJ06,2026-07-23,0.6,False
EMP035,Noah Kumar,PMO,PRJ06,2026-07-24,4.2,True
EMP035,Noah Kumar,PMO,PRJ06,2026-07-24,1.9,False
EMP035,Noah Kumar,PMO,PRJ06,2026-07-27,5.0,True
EMP035,Noah Kumar,PMO,PRJ06,2026-07-27,1.9,False
EMP035,Noah Kumar,PMO,PRJ06,2026-07-28,6.7,True
EMP035,Noah Kumar,PMO,PRJ06,2026-07-28,1.7,False
EMP035,Noah Kumar,PMO,PRJ06,2026-07-29,7.5,True
EMP035,Noah Kumar,PMO,PRJ06,2026-07-29,0.6,False
EMP035,Noah Kumar,PMO,PRJ06,2026-07-30,3.6,True
EMP035,Noah Kumar,PMO,PRJ06,2026-07-30,1.9,False
EMP035,Noah Kumar,PMO,PRJ06,2026-07-31,5.4,True
EMP035,Noah Kumar,PMO,PRJ06,2026-07-31,2.7,False
EMP035,Noah Kumar,PMO,PRJ06,2026-08-03,6.1,True
EMP035,Noah Kumar,PMO,PRJ06,2026-08-03,1.0,False
EMP035,Noah Kumar,PMO,PRJ06,2026-08-04,5.1,True
EMP035,Noah Kumar,PMO,PRJ06,2026-08-04,0.6,False
EMP035,Noah Kumar,PMO,PRJ06,2026-08-05,5.9,True
EMP035,Noah Kumar,PMO,PRJ06,2026-08-05,1.1,False
EMP035,Noah Kumar,PMO,PRJ06,2026-08-06,7.0,True
EMP035,Noah Kumar,PMO,PRJ06,2026-08-06,1.0,False
EMP035,Noah Kumar,PMO,PRJ06,2026-08-07,5.2,True
EMP035,Noah Kumar,PMO,PRJ06,2026-08-07,2.3,False
EMP035,Noah Kumar,PMO,PRJ06,2026-08-10,4.9,True
EMP035,Noah Kumar,PMO,PRJ06,2026-08-10,0.9,False
EMP035,Noah Kumar,PMO,PRJ06,2026-08-11,6.8,True
EMP035,Noah Kumar,PMO,PRJ06,2026-08-11,1.0,False
EMP035,Noah Kumar,PMO,PRJ06,2026-08-12,6.8,True
EMP035,Noah Kumar,PMO,PRJ06,2026-08-12,1.1,False
EMP035,Noah Kumar,PMO,PRJ06,2026-08-13,4.3,True
EMP035,Noah Kumar,PMO,PRJ06,2026-08-13,1.6,False
EMP035,Noah Kumar,PMO,PRJ06,2026-08-14,5.6,True
EMP035,Noah Kumar,PMO,PRJ06,2026-08-14,2.0,False
EMP035,Noah Kumar,PMO,PRJ06,2026-08-17,6.5,True
EMP035,Noah Kumar,PMO,PRJ06,2026-08-17,1.1,False
EMP035,Noah Kumar,PMO,PRJ06,2026-08-18,4.4,True
EMP035,Noah Kumar,PMO,PRJ06,2026-08-18,1.5,False
EMP035,Noah Kumar,PMO,PRJ06,2026-08-19,6.7,True
EMP035,Noah Kumar,PMO,PRJ06,2026-08-19,1.4,False
EMP035,Noah Kumar,PMO,PRJ06,2026-08-20,6.7,True
EMP035,Noah Kumar,PMO,PRJ06,2026-08-20,1.0,False
EMP035,Noah Kumar,PMO,PRJ06,2026-08-21,7.1,True
EMP035,Noah Kumar,PMO,PRJ06,2026-08-21,1.3,False
EMP035,Noah Kumar,PMO,PRJ06,2026-08-24,7.0,True
EMP035,Noah Kumar,PMO,PRJ06,2026-08-24,1.3,False
EMP035,Noah Kumar,PMO,PRJ06,2026-08-25,5.1,True
EMP035,Noah Kumar,PMO,PRJ06,2026-08-25,0.4,False
EMP035,Noah Kumar,PMO,PRJ06,2026-08-26,5.0,True
EMP035,Noah Kumar,PMO,PRJ06,2026-08-26,1.0,False
EMP035,Noah Kumar,PMO,PRJ06,2026-08-27,6.4,True
EMP035,Noah Kumar,PMO,PRJ06,2026-08-27,0.5,False
EMP035,Noah Kumar,PMO,PRJ06,2026-08-28,6.3,True
EMP035,Noah Kumar,PMO,PRJ06,2026-08-28,1.5,False
EMP035,Noah Kumar,PMO,PRJ06,2026-08-31,4.7,True
EMP035,Noah Kumar,PMO,PRJ06,2026-08-31,0.9,False
EMP036,Henry Hall,Engineering,PRJ04,2026-06-01,6.5,True
EMP036,Henry Hall,Engineering,PRJ04,2026-06-01,1.5,False
EMP036,Henry Hall,Engineering,PRJ04,2026-06-02,5.2,True
EMP036,Henry Hall,Engineering,PRJ04,2026-06-02,2.0,False
EMP036,Henry Hall,Engineering,PRJ04,2026-06-03,7.5,True
EMP036,Henry Hall,Engineering,PRJ04,2026-06-03,0.8,False
EMP036,Henry Hall,Engineering,PRJ04,2026-06-04,4.7,True
EMP036,Henry Hall,Engineering,PRJ04,2026-06-04,0.9,False
EMP036,Henry Hall,Engineering,PRJ04,2026-06-05,5.4,True
EMP036,Henry Hall,Engineering,PRJ04,2026-06-05,2.6,False
EMP036,Henry Hall,Engineering,PRJ04,2026-06-08,5.1,True
EMP036,Henry Hall,Engineering,PRJ04,2026-06-08,1.1,False
EMP036,Henry Hall,Engineering,PRJ04,2026-06-09,5.8,True
EMP036,Henry Hall,Engineering,PRJ04,2026-06-09,2.0,False
EMP036,Henry Hall,Engineering,PRJ04,2026-06-10,4.1,True
EMP036,Henry Hall,Engineering,PRJ04,2026-06-10,1.7,False
EMP036,Henry Hall,Engineering,PRJ04,2026-06-11,4.3,True
EMP036,Henry Hall,Engineering,PRJ04,2026-06-11,1.2,False
EMP036,Henry Hall,Engineering,PRJ04,2026-06-12,6.1,True
EMP036,Henry Hall,Engineering,PRJ04,2026-06-12,1.3,False
EMP036,Henry Hall,Engineering,PRJ04,2026-06-15,4.9,True
EMP036,Henry Hall,Engineering,PRJ04,2026-06-15,1.8,False
EMP036,Henry Hall,Engineering,PRJ04,2026-06-16,5.4,True
EMP036,Henry Hall,Engineering,PRJ04,2026-06-16,1.0,False
EMP036,Henry Hall,Engineering,PRJ04,2026-06-17,5.2,True
EMP036,Henry Hall,Engineering,PRJ04,2026-06-17,1.1,False
EMP036,Henry Hall,Engineering,PRJ04,2026-06-18,5.5,True
EMP036,Henry Hall,Engineering,PRJ04,2026-06-18,2.3,False
EMP036,Henry Hall,Engineering,PRJ04,2026-06-19,4.8,True
EMP036,Henry Hall,Engineering,PRJ04,2026-06-19,2.1,False
EMP036,Henry Hall,Engineering,PRJ04,2026-06-22,5.3,True
EMP036,Henry Hall,Engineering,PRJ04,2026-06-22,0.5,False
EMP036,Henry Hall,Engineering,PRJ04,2026-06-23,5.3,True
EMP036,Henry Hall,Engineering,PRJ04,2026-06-23,0.7,False
EMP036,Henry Hall,Engineering,PRJ04,2026-06-24,5.3,True
EMP036,Henry Hall,Engineering,PRJ04,2026-06-24,1.2,False
EMP036,Henry Hall,Engineering,PRJ04,2026-06-25,5.2,True
EMP036,Henry Hall,Engineering,PRJ04,2026-06-25,0.9,False
EMP036,Henry Hall,Engineering,PRJ04,2026-06-26,7.2,True
EMP036,Henry Hall,Engineering,PRJ04,2026-06-26,0.7,False
EMP036,Henry Hall,Engineering,PRJ04,2026-06-29,5.7,True
EMP036,Henry Hall,Engineering,PRJ04,2026-06-29,1.2,False
EMP036,Henry Hall,Engineering,PRJ04,2026-06-30,6.6,True
EMP036,Henry Hall,Engineering,PRJ04,2026-06-30,1.7,False
EMP036,Henry Hall,Engineering,PRJ04,2026-07-01,6.9,True
EMP036,Henry Hall,Engineering,PRJ04,2026-07-01,0.8,False
EMP036,Henry Hall,Engineering,PRJ04,2026-07-02,5.2,True
EMP036,Henry Hall,Engineering,PRJ04,2026-07-02,1.5,False
EMP036,Henry Hall,Engineering,PRJ04,2026-07-03,5.1,True
EMP036,Henry Hall,Engineering,PRJ04,2026-07-03,2.3,False
EMP036,Henry Hall,Engineering,PRJ04,2026-07-07,5.3,True
EMP036,Henry Hall,Engineering,PRJ04,2026-07-07,0.8,False
EMP036,Henry Hall,Engineering,PRJ04,2026-07-09,5.4,True
EMP036,Henry Hall,Engineering,PRJ04,2026-07-09,1.2,False
EMP036,Henry Hall,Engineering,PRJ04,2026-07-10,5.0,True
EMP036,Henry Hall,Engineering,PRJ04,2026-07-10,1.8,False
EMP036,Henry Hall,Engineering,PRJ04,2026-07-13,6.0,True
EMP036,Henry Hall,Engineering,PRJ04,2026-07-13,0.9,False
EMP036,Henry Hall,Engineering,PRJ04,2026-07-14,6.0,True
EMP036,Henry Hall,Engineering,PRJ04,2026-07-14,1.8,False
EMP036,Henry Hall,Engineering,PRJ04,2026-07-15,4.9,True
EMP036,Henry Hall,Engineering,PRJ04,2026-07-15,2.4,False
EMP036,Henry Hall,Engineering,PRJ04,2026-07-16,6.1,True
EMP036,Henry Hall,Engineering,PRJ04,2026-07-16,0.5,False
EMP036,Henry Hall,Engineering,PRJ04,2026-07-17,5.4,True
EMP036,Henry Hall,Engineering,PRJ04,2026-07-17,0.3,False
EMP036,Henry Hall,Engineering,PRJ04,2026-07-20,6.0,True
EMP036,Henry Hall,Engineering,PRJ04,2026-07-20,1.3,False
EMP036,Henry Hall,Engineering,PRJ04,2026-07-21,6.0,True
EMP036,Henry Hall,Engineering,PRJ04,2026-07-21,1.1,False
EMP036,Henry Hall,Engineering,PRJ04,2026-07-22,7.1,True
EMP036,Henry Hall,Engineering,PRJ04,2026-07-22,0.7,False
EMP036,Henry Hall,Engineering,PRJ04,2026-07-23,6.8,True
EMP036,Henry Hall,Engineering,PRJ04,2026-07-23,1.0,False
EMP036,Henry Hall,Engineering,PRJ04,2026-07-24,5.2,True
EMP036,Henry Hall,Engineering,PRJ04,2026-07-24,1.7,False
EMP036,Henry Hall,Engineering,PRJ04,2026-07-27,3.8,True
EMP036,Henry Hall,Engineering,PRJ04,2026-07-27,1.8,False
EMP036,Henry Hall,Engineering,PRJ04,2026-07-28,7.1,True
EMP036,Henry Hall,Engineering,PRJ04,2026-07-28,0.8,False
EMP036,Henry Hall,Engineering,PRJ04,2026-07-29,4.3,True
EMP036,Henry Hall,Engineering,PRJ04,2026-07-29,1.2,False
EMP036,Henry Hall,Engineering,PRJ04,2026-07-30,5.3,True
EMP036,Henry Hall,Engineering,PRJ04,2026-07-30,1.2,False
EMP036,Henry Hall,Engineering,PRJ04,2026-07-31,6.3,True
EMP036,Henry Hall,Engineering,PRJ04,2026-07-31,1.4,False
EMP036,Henry Hall,Engineering,PRJ04,2026-08-03,5.4,True
EMP036,Henry Hall,Engineering,PRJ04,2026-08-03,2.6,False
EMP036,Henry Hall,Engineering,PRJ04,2026-08-04,6.9,True
EMP036,Henry Hall,Engineering,PRJ04,2026-08-04,0.9,False
EMP036,Henry Hall,Engineering,PRJ04,2026-08-05,7.8,True
EMP036,Henry Hall,Engineering,PRJ04,2026-08-05,0.4,False
EMP036,Henry Hall,Engineering,PRJ04,2026-08-06,5.6,True
EMP036,Henry Hall,Engineering,PRJ04,2026-08-06,1.8,False
EMP036,Henry Hall,Engineering,PRJ04,2026-08-07,5.4,
EMP036,Henry Hall,Engineering,PRJ04,2026-08-07,1.0,False
EMP036,Henry Hall,Engineering,PRJ04,2026-08-10,4.9,True
EMP036,Henry Hall,Engineering,PRJ04,2026-08-10,1.9,False
EMP036,Henry Hall,Engineering,PRJ04,2026-08-11,6.0,True
EMP036,Henry Hall,Engineering,PRJ04,2026-08-11,1.1,False
EMP036,Henry Hall,Engineering,PRJ04,2026-08-12,6.0,True
EMP036,Henry Hall,Engineering,PRJ04,2026-08-12,0.6,False
EMP036,Henry Hall,Engineering,PRJ04,2026-08-13,4.4,True
EMP036,Henry Hall,Engineering,PRJ04,2026-08-13,2.0,False
EMP036,Henry Hall,Engineering,PRJ04,2026-08-14,6.3,True
EMP036,Henry Hall,Engineering,PRJ04,2026-08-14,2.1,False
EMP036,Henry Hall,Engineering,PRJ04,2026-08-17,4.3,True
EMP036,Henry Hall,Engineering,PRJ04,2026-08-17,1.8,False
EMP036,Henry Hall,Engineering,PRJ04,2026-08-18,5.1,True
EMP036,Henry Hall,Engineering,PRJ04,2026-08-18,2.7,False
EMP036,Henry Hall,Engineering,PRJ04,2026-08-19,5.1,True
EMP036,Henry Hall,Engineering,PRJ04,2026-08-19,0.5,False
EMP036,Henry Hall,Engineering,PRJ04,2026-08-20,4.8,True
EMP036,Henry Hall,Engineering,PRJ04,2026-08-20,1.9,False
EMP036,Henry Hall,Engineering,PRJ04,2026-08-21,6.7,True
EMP036,Henry Hall,Engineering,PRJ04,2026-08-21,1.7,False
EMP036,Henry Hall,Engineering,PRJ04,2026-08-24,7.2,True
EMP036,Henry Hall,Engineering,PRJ04,2026-08-24,1.1,False
EMP036,Henry Hall,Engineering,PRJ04,2026-08-25,5.8,True
EMP036,Henry Hall,Engineering,PRJ04,2026-08-25,0.3,False
EMP036,Henry Hall,Engineering,PRJ04,2026-08-26,5.4,True
EMP036,Henry Hall,Engineering,PRJ04,2026-08-26,2.9,False
EMP036,Henry Hall,Engineering,PRJ04,2026-08-27,6.1,True
EMP036,Henry Hall,Engineering,PRJ04,2026-08-27,2.0,False
EMP036,Henry Hall,Engineering,PRJ04,2026-08-28,5.9,True
EMP036,Henry Hall,Engineering,PRJ04,2026-08-28,2.1,False
EMP036,Henry Hall,Engineering,PRJ04,2026-08-31,5.3,True
EMP036,Henry Hall,Engineering,PRJ04,2026-08-31,2.8,False
EMP037,Ritika Desai,Design,PRJ05,2026-06-01,5.6,True
EMP037,Ritika Desai,Design,PRJ05,2026-06-01,2.4,False
EMP037,Ritika Desai,Design,PRJ05,2026-06-02,6.7,True
EMP037,Ritika Desai,Design,PRJ05,2026-06-02,0.9,False
EMP037,Ritika Desai,Design,PRJ01,2026-06-03,5.7,True
EMP037,Ritika Desai,Design,PRJ01,2026-06-03,2.0,False
EMP037,Ritika Desai,Design,PRJ05,2026-06-04,5.6,True
EMP037,Ritika Desai,Design,PRJ05,2026-06-04,0.4,False
EMP037,Ritika Desai,Design,PRJ05,2026-06-05,5.5,True
EMP037,Ritika Desai,Design,PRJ05,2026-06-05,0.5,False
EMP037,Ritika Desai,Design,PRJ07,2026-06-09,5.1,True
EMP037,Ritika Desai,Design,PRJ07,2026-06-09,1.6,False
EMP037,Ritika Desai,Design,PRJ07,2026-06-15,5.3,True
EMP037,Ritika Desai,Design,PRJ07,2026-06-15,2.4,False
EMP037,Ritika Desai,Design,PRJ05,2026-06-16,5.9,True
EMP037,Ritika Desai,Design,PRJ05,2026-06-16,1.4,False
EMP037,Ritika Desai,Design,PRJ05,2026-06-17,4.8,True
EMP037,Ritika Desai,Design,PRJ05,2026-06-17,1.4,False
EMP037,Ritika Desai,Design,PRJ01,2026-06-18,7.7,True
EMP037,Ritika Desai,Design,PRJ01,2026-06-18,0.8,False
EMP037,Ritika Desai,Design,PRJ07,2026-06-19,5.1,True
EMP037,Ritika Desai,Design,PRJ07,2026-06-19,2.8,False
EMP037,Ritika Desai,Design,PRJ07,2026-06-22,5.0,True
EMP037,Ritika Desai,Design,PRJ07,2026-06-22,0.9,False
EMP037,Ritika Desai,Design,PRJ01,2026-06-23,4.6,True
EMP037,Ritika Desai,Design,PRJ01,2026-06-23,1.2,False
EMP037,Ritika Desai,Design,PRJ05,2026-06-24,5.5,True
EMP037,Ritika Desai,Design,PRJ05,2026-06-24,0.4,False
EMP037,Ritika Desai,Design,PRJ01,2026-06-25,5.7,True
EMP037,Ritika Desai,Design,PRJ01,2026-06-25,2.0,False
EMP037,Ritika Desai,Design,PRJ07,2026-06-26,5.2,True
EMP037,Ritika Desai,Design,PRJ07,2026-06-26,0.9,False
EMP037,Ritika Desai,Design,PRJ07,2026-06-29,5.9,True
EMP037,Ritika Desai,Design,PRJ07,2026-06-29,1.4,False
EMP037,Ritika Desai,Design,PRJ01,2026-06-30,5.8,True
EMP037,Ritika Desai,Design,PRJ01,2026-06-30,1.0,False
EMP037,Ritika Desai,Design,PRJ01,2026-07-01,6.9,True
EMP037,Ritika Desai,Design,PRJ01,2026-07-01,0.8,False
EMP037,Ritika Desai,Design,PRJ05,2026-07-02,4.2,True
EMP037,Ritika Desai,Design,PRJ05,2026-07-02,1.8,False
EMP037,Ritika Desai,Design,PRJ07,2026-07-03,4.4,True
EMP037,Ritika Desai,Design,PRJ07,2026-07-03,2.3,False
EMP037,Ritika Desai,Design,PRJ01,2026-07-06,6.6,True
EMP037,Ritika Desai,Design,PRJ01,2026-07-06,0.8,False
EMP037,Ritika Desai,Design,PRJ07,2026-07-07,5.0,True
EMP037,Ritika Desai,Design,PRJ07,2026-07-07,1.9,False
EMP037,Ritika Desai,Design,PRJ07,2026-07-08,7.2,True
EMP037,Ritika Desai,Design,PRJ07,2026-07-08,0.6,False
EMP037,Ritika Desai,Design,PRJ01,2026-07-09,5.9,True
EMP037,Ritika Desai,Design,PRJ01,2026-07-09,0.6,False
EMP037,Ritika Desai,Design,PRJ07,2026-07-10,7.1,True
EMP037,Ritika Desai,Design,PRJ07,2026-07-10,1.0,False
EMP037,Ritika Desai,Design,PRJ05,2026-07-13,7.0,True
EMP037,Ritika Desai,Design,PRJ05,2026-07-13,0.4,False
EMP037,Ritika Desai,Design,PRJ01,2026-07-14,5.5,True
EMP037,Ritika Desai,Design,PRJ01,2026-07-14,2.5,False
EMP037,Ritika Desai,Design,PRJ05,2026-07-15,5.0,True
EMP037,Ritika Desai,Design,PRJ05,2026-07-15,1.4,False
EMP037,Ritika Desai,Design,PRJ01,2026-07-16,5.4,True
EMP037,Ritika Desai,Design,PRJ01,2026-07-16,0.6,False
EMP037,Ritika Desai,Design,PRJ01,2026-07-17,4.1,True
EMP037,Ritika Desai,Design,PRJ01,2026-07-17,2.1,False
EMP037,Ritika Desai,Design,PRJ01,2026-07-20,6.4,True
EMP037,Ritika Desai,Design,PRJ01,2026-07-20,1.4,False
EMP037,Ritika Desai,Design,PRJ01,2026-07-21,4.7,True
EMP037,Ritika Desai,Design,PRJ01,2026-07-21,1.9,False
EMP037,Ritika Desai,Design,PRJ01,2026-07-22,6.3,True
EMP037,Ritika Desai,Design,PRJ01,2026-07-22,1.2,False
EMP037,Ritika Desai,Design,PRJ01,2026-07-23,6.2,True
EMP037,Ritika Desai,Design,PRJ01,2026-07-23,1.4,False
EMP037,Ritika Desai,Design,PRJ07,2026-07-24,5.3,True
EMP037,Ritika Desai,Design,PRJ07,2026-07-24,0.3,False
EMP037,Ritika Desai,Design,PRJ07,2026-07-27,7.7,True
EMP037,Ritika Desai,Design,PRJ07,2026-07-27,0.7,False
EMP037,Ritika Desai,Design,PRJ01,2026-07-28,4.3,True
EMP037,Ritika Desai,Design,PRJ01,2026-07-28,2.1,False
EMP037,Ritika Desai,Design,PRJ05,2026-07-29,6.9,True
EMP037,Ritika Desai,Design,PRJ05,2026-07-29,1.4,False
EMP037,Ritika Desai,Design,PRJ05,2026-07-30,5.3,True
EMP037,Ritika Desai,Design,PRJ05,2026-07-30,0.6,False
EMP037,Ritika Desai,Design,PRJ05,2026-07-31,5.6,True
EMP037,Ritika Desai,Design,PRJ05,2026-07-31,1.2,False
EMP037,Ritika Desai,Design,PRJ07,2026-08-03,6.2,True
EMP037,Ritika Desai,Design,PRJ07,2026-08-03,2.2,False
EMP037,Ritika Desai,Design,PRJ07,2026-08-04,5.8,True
EMP037,Ritika Desai,Design,PRJ07,2026-08-04,2.5,False
EMP037,Ritika Desai,Design,PRJ01,2026-08-05,5.5,True
EMP037,Ritika Desai,Design,PRJ01,2026-08-05,1.0,False
EMP037,Ritika Desai,Design,PRJ01,2026-08-06,5.9,True
EMP037,Ritika Desai,Design,PRJ01,2026-08-06,1.5,False
EMP037,Ritika Desai,Design,PRJ05,2026-08-07,5.9,True
EMP037,Ritika Desai,Design,PRJ05,2026-08-07,1.2,False
EMP037,Ritika Desai,Design,PRJ07,2026-08-10,6.2,True
EMP037,Ritika Desai,Design,PRJ07,2026-08-10,2.0,False
EMP037,Ritika Desai,Design,PRJ01,2026-08-11,5.8,True
EMP037,Ritika Desai,Design,PRJ01,2026-08-11,2.2,False
EMP037,Ritika Desai,Design,PRJ07,2026-08-12,6.9,True
EMP037,Ritika Desai,Design,PRJ07,2026-08-12,1.2,False
EMP037,Ritika Desai,Design,PRJ01,2026-08-13,5.5,True
EMP037,Ritika Desai,Design,PRJ01,2026-08-13,0.3,False
EMP037,Ritika Desai,Design,PRJ07,2026-08-14,5.6,True
EMP037,Ritika Desai,Design,PRJ07,2026-08-14,0.6,False
EMP037,Ritika Desai,Design,PRJ07,2026-08-17,5.7,True
EMP037,Ritika Desai,Design,PRJ07,2026-08-17,1.1,False
EMP037,Ritika Desai,Design,PRJ07,2026-08-18,6.9,True
EMP037,Ritika Desai,Design,PRJ07,2026-08-18,1.3,False
EMP037,Ritika Desai,Design,PRJ05,2026-08-19,5.7,True
EMP037,Ritika Desai,Design,PRJ05,2026-08-19,2.7,False
EMP037,Ritika Desai,Design,PRJ07,2026-08-20,5.2,True
EMP037,Ritika Desai,Design,PRJ07,2026-08-20,2.1,False
EMP037,Ritika Desai,Design,PRJ01,2026-08-21,6.7,True
EMP037,Ritika Desai,Design,PRJ01,2026-08-21,1.1,False
EMP037,Ritika Desai,Design,PRJ01,2026-08-24,6.7,True
EMP037,Ritika Desai,Design,PRJ01,2026-08-24,0.6,False
EMP037,Ritika Desai,Design,PRJ05,2026-08-25,6.5,True
EMP037,Ritika Desai,Design,PRJ05,2026-08-25,0.8,False
EMP037,Ritika Desai,Design,PRJ01,2026-08-26,5.9,True
EMP037,Ritika Desai,Design,PRJ01,2026-08-26,1.9,False
EMP037,Ritika Desai,Design,PRJ05,2026-08-27,6.8,True
EMP037,Ritika Desai,Design,PRJ05,2026-08-27,1.1,False
EMP037,Ritika Desai,Design,PRJ01,2026-08-28,6.7,True
EMP037,Ritika Desai,Design,PRJ01,2026-08-28,1.4,False
EMP037,Ritika Desai,Design,PRJ07,2026-08-31,6.9,True
EMP037,Ritika Desai,Design,PRJ07,2026-08-31,1.0,False
EMP038,Grace Pillai,Engineering,PRJ04,2026-06-01,3.3,True
EMP038,Grace Pillai,Engineering,PRJ04,2026-06-01,2.3,False
EMP038,Grace Pillai,Engineering,PRJ04,2026-06-02,2.6,True
EMP038,Grace Pillai,Engineering,PRJ04,2026-06-02,3.0,False
EMP038,Grace Pillai,Engineering,PRJ04,2026-06-03,3.9,True
EMP038,Grace Pillai,Engineering,PRJ04,2026-06-03,2.7,False
EMP038,Grace Pillai,Engineering,PRJ04,2026-06-04,4.1,True
EMP038,Grace Pillai,Engineering,PRJ04,2026-06-04,2.8,False
EMP038,Grace Pillai,Engineering,PRJ04,2026-06-05,4.1,True
EMP038,Grace Pillai,Engineering,PRJ04,2026-06-05,3.1,False
EMP038,Grace Pillai,Engineering,PRJ04,2026-06-08,3.1,True
EMP038,Grace Pillai,Engineering,PRJ04,2026-06-08,4.7,False
EMP038,Grace Pillai,Engineering,PRJ04,2026-06-09,3.9,True
EMP038,Grace Pillai,Engineering,PRJ04,2026-06-09,3.4,False
EMP038,Grace Pillai,Engineering,PRJ04,2026-06-10,3.1,True
EMP038,Grace Pillai,Engineering,PRJ04,2026-06-10,5.1,False
EMP038,Grace Pillai,Engineering,PRJ04,2026-06-11,2.7,True
EMP038,Grace Pillai,Engineering,PRJ04,2026-06-11,3.4,False
EMP038,Grace Pillai,Engineering,PRJ04,2026-06-12,3.0,True
EMP038,Grace Pillai,Engineering,PRJ04,2026-06-12,3.5,False
EMP038,Grace Pillai,Engineering,PRJ04,2026-06-15,2.5,True
EMP038,Grace Pillai,Engineering,PRJ04,2026-06-15,4.0,False
EMP038,Grace Pillai,Engineering,PRJ04,2026-06-16,3.9,True
EMP038,Grace Pillai,Engineering,PRJ04,2026-06-16,3.3,False
EMP038,Grace Pillai,Engineering,PRJ04,2026-06-17,2.3,True
EMP038,Grace Pillai,Engineering,PRJ04,2026-06-17,3.8,False
EMP038,Grace Pillai,Engineering,PRJ04,2026-06-18,2.8,True
EMP038,Grace Pillai,Engineering,PRJ04,2026-06-18,3.7,False
EMP038,Grace Pillai,Engineering,PRJ04,2026-06-19,4.7,True
EMP038,Grace Pillai,Engineering,PRJ04,2026-06-19,3.7,False
EMP038,Grace Pillai,Engineering,PRJ04,2026-06-22,2.6,True
EMP038,Grace Pillai,Engineering,PRJ04,2026-06-22,3.9,False
EMP038,Grace Pillai,Engineering,PRJ04,2026-06-23,3.0,True
EMP038,Grace Pillai,Engineering,PRJ04,2026-06-23,5.5,False
EMP038,Grace Pillai,Engineering,PRJ04,2026-06-24,2.5,True
EMP038,Grace Pillai,Engineering,PRJ04,2026-06-24,3.7,False
EMP038,Grace Pillai,Engineering,PRJ04,2026-06-25,4.7,True
EMP038,Grace Pillai,Engineering,PRJ04,2026-06-25,3.7,False
EMP038,Grace Pillai,Engineering,PRJ04,2026-06-26,3.5,True
EMP038,Grace Pillai,Engineering,PRJ04,2026-06-26,3.7,False
EMP038,Grace Pillai,Engineering,PRJ04,2026-06-29,3.3,True
EMP038,Grace Pillai,Engineering,PRJ04,2026-06-29,3.4,False
EMP038,Grace Pillai,Engineering,PRJ04,2026-06-30,4.6,True
EMP038,Grace Pillai,Engineering,PRJ04,2026-06-30,3.8,False
EMP038,Grace Pillai,Engineering,PRJ04,2026-07-01,3.4,True
EMP038,Grace Pillai,Engineering,PRJ04,2026-07-01,4.9,False
EMP038,Grace Pillai,Engineering,PRJ04,2026-07-02,3.6,True
EMP038,Grace Pillai,Engineering,PRJ04,2026-07-02,2.9,False
EMP038,Grace Pillai,Engineering,PRJ04,2026-07-03,3.4,True
EMP038,Grace Pillai,Engineering,PRJ04,2026-07-03,2.4,False
EMP038,Grace Pillai,Engineering,PRJ04,2026-07-06,3.3,True
EMP038,Grace Pillai,Engineering,PRJ04,2026-07-06,4.7,False
EMP038,Grace Pillai,Engineering,PRJ04,2026-07-07,4.3,True
EMP038,Grace Pillai,Engineering,PRJ04,2026-07-07,2.9,False
EMP038,Grace Pillai,Engineering,PRJ04,2026-07-08,3.2,True
EMP038,Grace Pillai,Engineering,PRJ04,2026-07-08,3.7,False
EMP038,Grace Pillai,Engineering,PRJ04,2026-07-09,2.6,True
EMP038,Grace Pillai,Engineering,PRJ04,2026-07-09,3.0,False
EMP038,Grace Pillai,Engineering,PRJ04,2026-07-10,2.8,True
EMP038,Grace Pillai,Engineering,PRJ04,2026-07-10,4.8,False
EMP038,Grace Pillai,Engineering,PRJ04,2026-07-13,4.2,True
EMP038,Grace Pillai,Engineering,PRJ04,2026-07-13,3.0,False
EMP038,Grace Pillai,Engineering,PRJ04,2026-07-14,4.5,True
EMP038,Grace Pillai,Engineering,PRJ04,2026-07-14,3.1,False
EMP038,Grace Pillai,Engineering,PRJ04,2026-07-15,3.7,True
EMP038,Grace Pillai,Engineering,PRJ04,2026-07-15,3.4,False
EMP038,Grace Pillai,Engineering,PRJ04,2026-07-16,3.2,True
EMP038,Grace Pillai,Engineering,PRJ04,2026-07-16,3.8,False
EMP038,Grace Pillai,Engineering,PRJ04,2026-07-17,3.1,True
EMP038,Grace Pillai,Engineering,PRJ04,2026-07-17,2.6,False
EMP038,Grace Pillai,Engineering,PRJ04,2026-07-20,2.6,True
EMP038,Grace Pillai,Engineering,PRJ04,2026-07-20,3.1,False
EMP038,Grace Pillai,Engineering,PRJ04,2026-07-21,3.9,True
EMP038,Grace Pillai,Engineering,PRJ04,2026-07-21,3.4,False
EMP038,Grace Pillai,Engineering,PRJ04,2026-07-23,3.3,True
EMP038,Grace Pillai,Engineering,PRJ04,2026-07-23,4.4,False
EMP038,Grace Pillai,Engineering,PRJ04,2026-07-24,3.7,True
EMP038,Grace Pillai,Engineering,PRJ04,2026-07-24,4.6,False
EMP038,Grace Pillai,Engineering,PRJ04,2026-07-27,3.2,True
EMP038,Grace Pillai,Engineering,PRJ04,2026-07-27,4.8,False
EMP038,Grace Pillai,Engineering,PRJ04,2026-07-28,3.8,True
EMP038,Grace Pillai,Engineering,PRJ04,2026-07-28,4.3,False
EMP038,Grace Pillai,Engineering,PRJ04,2026-07-29,3.4,True
EMP038,Grace Pillai,Engineering,PRJ04,2026-07-29,3.2,False
EMP038,Grace Pillai,Engineering,PRJ04,2026-07-30,2.5,True
EMP038,Grace Pillai,Engineering,PRJ04,2026-07-30,4.6,False
EMP038,Grace Pillai,Engineering,PRJ04,2026-07-31,2.6,
EMP038,Grace Pillai,Engineering,PRJ04,2026-07-31,4.0,False
EMP038,Grace Pillai,Engineering,PRJ04,2026-08-03,3.2,True
EMP038,Grace Pillai,Engineering,PRJ04,2026-08-03,2.4,False
EMP038,Grace Pillai,Engineering,PRJ04,2026-08-04,3.1,True
EMP038,Grace Pillai,Engineering,PRJ04,2026-08-04,3.0,False
EMP038,Grace Pillai,Engineering,PRJ04,2026-08-05,3.0,True
EMP038,Grace Pillai,Engineering,PRJ04,2026-08-05,2.8,False
EMP038,Grace Pillai,Engineering,PRJ04,2026-08-06,4.3,True
EMP038,Grace Pillai,Engineering,PRJ04,2026-08-06,3.9,False
EMP038,Grace Pillai,Engineering,PRJ04,2026-08-07,3.4,True
EMP038,Grace Pillai,Engineering,PRJ04,2026-08-07,3.4,False
EMP038,Grace Pillai,Engineering,PRJ04,2026-08-10,2.8,True
EMP038,Grace Pillai,Engineering,PRJ04,2026-08-10,3.6,False
EMP038,Grace Pillai,Engineering,PRJ04,2026-08-11,2.3,True
EMP038,Grace Pillai,Engineering,PRJ04,2026-08-11,3.5,False
EMP038,Grace Pillai,Engineering,PRJ04,2026-08-12,4.8,True
EMP038,Grace Pillai,Engineering,PRJ04,2026-08-12,3.5,False
EMP038,Grace Pillai,Engineering,PRJ04,2026-08-13,2.7,True
EMP038,Grace Pillai,Engineering,PRJ04,2026-08-13,4.8,False
EMP038,Grace Pillai,Engineering,PRJ04,2026-08-14,3.2,True
EMP038,Grace Pillai,Engineering,PRJ04,2026-08-14,4.8,False
EMP038,Grace Pillai,Engineering,PRJ04,2026-08-17,3.9,True
EMP038,Grace Pillai,Engineering,PRJ04,2026-08-17,4.5,False
EMP038,Grace Pillai,Engineering,PRJ04,2026-08-18,4.3,True
EMP038,Grace Pillai,Engineering,PRJ04,2026-08-18,3.2,False
EMP038,Grace Pillai,Engineering,PRJ04,2026-08-19,2.4,True
EMP038,Grace Pillai,Engineering,PRJ04,2026-08-19,3.9,False
EMP038,Grace Pillai,Engineering,PRJ04,2026-08-20,3.0,True
EMP038,Grace Pillai,Engineering,PRJ04,2026-08-20,3.7,False
EMP038,Grace Pillai,Engineering,PRJ04,2026-08-21,3.6,True
EMP038,Grace Pillai,Engineering,PRJ04,2026-08-21,3.6,False
EMP038,Grace Pillai,Engineering,PRJ04,2026-08-24,3.3,True
EMP038,Grace Pillai,Engineering,PRJ04,2026-08-24,3.1,False
EMP038,Grace Pillai,Engineering,PRJ04,2026-08-25,3.5,True
EMP038,Grace Pillai,Engineering,PRJ04,2026-08-25,4.8,False
EMP038,Grace Pillai,Engineering,PRJ04,2026-08-26,2.6,True
EMP038,Grace Pillai,Engineering,PRJ04,2026-08-26,4.5,False
EMP038,Grace Pillai,Engineering,PRJ04,2026-08-27,3.9,True
EMP038,Grace Pillai,Engineering,PRJ04,2026-08-27,3.2,False
EMP038,Grace Pillai,Engineering,PRJ04,2026-08-28,2.7,True
EMP038,Grace Pillai,Engineering,PRJ04,2026-08-28,3.3,False
EMP038,Grace Pillai,Engineering,PRJ04,2026-08-31,4.8,True
EMP038,Grace Pillai,Engineering,PRJ04,2026-08-31,3.5,False
EMP039,Sarah Sharma,Engineering,PRJ02,2026-06-01,4.8,True
EMP039,Sarah Sharma,Engineering,PRJ02,2026-06-01,2.6,False
EMP039,Sarah Sharma,Engineering,PRJ05,2026-06-02,5.4,True
EMP039,Sarah Sharma,Engineering,PRJ05,2026-06-02,2.9,False
EMP039,Sarah Sharma,Engineering,PRJ02,2026-06-03,4.6,True
EMP039,Sarah Sharma,Engineering,PRJ02,2026-06-03,1.9,False
EMP039,Sarah Sharma,Engineering,PRJ05,2026-06-04,5.3,True
EMP039,Sarah Sharma,Engineering,PRJ05,2026-06-04,2.7,False
EMP039,Sarah Sharma,Engineering,PRJ02,2026-06-05,5.8,True
EMP039,Sarah Sharma,Engineering,PRJ02,2026-06-05,0.5,False
EMP039,Sarah Sharma,Engineering,PRJ05,2026-06-08,5.6,True
EMP039,Sarah Sharma,Engineering,PRJ05,2026-06-08,2.1,False
EMP039,Sarah Sharma,Engineering,PRJ02,2026-06-09,5.8,True
EMP039,Sarah Sharma,Engineering,PRJ02,2026-06-09,0.5,False
EMP039,Sarah Sharma,Engineering,PRJ05,2026-06-11,4.9,True
EMP039,Sarah Sharma,Engineering,PRJ05,2026-06-11,0.7,False
EMP039,Sarah Sharma,Engineering,PRJ02,2026-06-12,5.1,True
EMP039,Sarah Sharma,Engineering,PRJ02,2026-06-12,2.3,False
EMP039,Sarah Sharma,Engineering,PRJ02,2026-06-15,5.2,True
EMP039,Sarah Sharma,Engineering,PRJ02,2026-06-15,0.8,False
EMP039,Sarah Sharma,Engineering,PRJ05,2026-06-16,5.9,True
EMP039,Sarah Sharma,Engineering,PRJ05,2026-06-16,2.2,False
EMP039,Sarah Sharma,Engineering,PRJ02,2026-06-17,4.1,True
EMP039,Sarah Sharma,Engineering,PRJ02,2026-06-17,2.0,False
EMP039,Sarah Sharma,Engineering,PRJ05,2026-06-18,4.4,True
EMP039,Sarah Sharma,Engineering,PRJ05,2026-06-18,1.2,False
EMP039,Sarah Sharma,Engineering,PRJ05,2026-06-19,5.4,True
EMP039,Sarah Sharma,Engineering,PRJ05,2026-06-19,0.7,False
EMP039,Sarah Sharma,Engineering,PRJ05,2026-06-22,4.7,True
EMP039,Sarah Sharma,Engineering,PRJ05,2026-06-22,2.1,False
EMP039,Sarah Sharma,Engineering,PRJ02,2026-06-23,7.4,True
EMP039,Sarah Sharma,Engineering,PRJ02,2026-06-23,1.0,False
EMP039,Sarah Sharma,Engineering,PRJ05,2026-06-25,5.9,True
EMP039,Sarah Sharma,Engineering,PRJ05,2026-06-25,2.2,False
EMP039,Sarah Sharma,Engineering,PRJ05,2026-06-26,5.7,True
EMP039,Sarah Sharma,Engineering,PRJ05,2026-06-26,1.7,False
EMP039,Sarah Sharma,Engineering,PRJ02,2026-06-29,5.2,True
EMP039,Sarah Sharma,Engineering,PRJ02,2026-06-29,1.0,False
EMP039,Sarah Sharma,Engineering,PRJ05,2026-06-30,5.4,True
EMP039,Sarah Sharma,Engineering,PRJ05,2026-06-30,2.7,False
EMP039,Sarah Sharma,Engineering,PRJ02,2026-07-01,4.9,True
EMP039,Sarah Sharma,Engineering,PRJ02,2026-07-01,1.1,False
EMP039,Sarah Sharma,Engineering,PRJ05,2026-07-02,5.4,True
EMP039,Sarah Sharma,Engineering,PRJ05,2026-07-02,1.3,False
EMP039,Sarah Sharma,Engineering,PRJ05,2026-07-03,5.2,
EMP039,Sarah Sharma,Engineering,PRJ05,2026-07-03,0.4,False
EMP039,Sarah Sharma,Engineering,PRJ05,2026-07-07,5.5,True
EMP039,Sarah Sharma,Engineering,PRJ05,2026-07-07,1.2,False
EMP039,Sarah Sharma,Engineering,PRJ02,2026-07-09,5.0,True
EMP039,Sarah Sharma,Engineering,PRJ02,2026-07-09,0.6,False
EMP039,Sarah Sharma,Engineering,PRJ02,2026-07-10,5.3,True
EMP039,Sarah Sharma,Engineering,PRJ02,2026-07-10,1.0,False
EMP039,Sarah Sharma,Engineering,PRJ02,2026-07-13,5.1,True
EMP039,Sarah Sharma,Engineering,PRJ02,2026-07-13,1.9,False
EMP039,Sarah Sharma,Engineering,PRJ05,2026-07-14,6.3,True
EMP039,Sarah Sharma,Engineering,PRJ05,2026-07-14,0.6,False
EMP039,Sarah Sharma,Engineering,PRJ02,2026-07-15,5.6,True
EMP039,Sarah Sharma,Engineering,PRJ02,2026-07-15,0.4,False
EMP039,Sarah Sharma,Engineering,PRJ05,2026-07-16,5.0,True
EMP039,Sarah Sharma,Engineering,PRJ05,2026-07-16,0.6,False
EMP039,Sarah Sharma,Engineering,PRJ02,2026-07-17,7.3,True
EMP039,Sarah Sharma,Engineering,PRJ02,2026-07-17,0.8,False
EMP039,Sarah Sharma,Engineering,PRJ02,2026-07-20,4.7,True
EMP039,Sarah Sharma,Engineering,PRJ02,2026-07-20,1.4,False
EMP039,Sarah Sharma,Engineering,PRJ02,2026-07-21,6.6,True
EMP039,Sarah Sharma,Engineering,PRJ02,2026-07-21,1.8,False
EMP039,Sarah Sharma,Engineering,PRJ05,2026-07-22,5.5,True
EMP039,Sarah Sharma,Engineering,PRJ05,2026-07-22,2.2,False
EMP039,Sarah Sharma,Engineering,PRJ02,2026-07-23,7.2,True
EMP039,Sarah Sharma,Engineering,PRJ02,2026-07-23,1.1,False
EMP039,Sarah Sharma,Engineering,PRJ02,2026-07-24,6.0,True
EMP039,Sarah Sharma,Engineering,PRJ02,2026-07-24,1.8,False
EMP039,Sarah Sharma,Engineering,PRJ02,2026-07-27,4.9,True
EMP039,Sarah Sharma,Engineering,PRJ02,2026-07-27,0.9,False
EMP039,Sarah Sharma,Engineering,PRJ05,2026-07-28,6.3,True
EMP039,Sarah Sharma,Engineering,PRJ05,2026-07-28,1.8,False
EMP039,Sarah Sharma,Engineering,PRJ02,2026-07-29,4.6,True
EMP039,Sarah Sharma,Engineering,PRJ02,2026-07-29,1.4,False
EMP039,Sarah Sharma,Engineering,PRJ05,2026-07-30,5.8,True
EMP039,Sarah Sharma,Engineering,PRJ05,2026-07-30,1.8,False
EMP039,Sarah Sharma,Engineering,PRJ02,2026-07-31,5.0,True
EMP039,Sarah Sharma,Engineering,PRJ02,2026-07-31,2.2,False
EMP039,Sarah Sharma,Engineering,PRJ05,2026-08-03,4.5,True
EMP039,Sarah Sharma,Engineering,PRJ05,2026-08-03,1.5,False
EMP039,Sarah Sharma,Engineering,PRJ05,2026-08-04,6.2,True
EMP039,Sarah Sharma,Engineering,PRJ05,2026-08-04,2.1,False
EMP039,Sarah Sharma,Engineering,PRJ05,2026-08-05,3.8,True
EMP039,Sarah Sharma,Engineering,PRJ05,2026-08-05,2.0,False
EMP039,Sarah Sharma,Engineering,PRJ05,2026-08-06,6.3,True
EMP039,Sarah Sharma,Engineering,PRJ05,2026-08-06,2.0,False
EMP039,Sarah Sharma,Engineering,PRJ02,2026-08-07,4.8,True
EMP039,Sarah Sharma,Engineering,PRJ02,2026-08-07,0.9,False
EMP039,Sarah Sharma,Engineering,PRJ02,2026-08-10,5.9,True
EMP039,Sarah Sharma,Engineering,PRJ02,2026-08-10,1.0,False
EMP039,Sarah Sharma,Engineering,PRJ05,2026-08-11,5.5,True
EMP039,Sarah Sharma,Engineering,PRJ05,2026-08-11,0.5,False
EMP039,Sarah Sharma,Engineering,PRJ02,2026-08-12,5.2,True
EMP039,Sarah Sharma,Engineering,PRJ02,2026-08-12,2.2,False
EMP039,Sarah Sharma,Engineering,PRJ05,2026-08-13,5.8,True
EMP039,Sarah Sharma,Engineering,PRJ05,2026-08-13,2.2,False
EMP039,Sarah Sharma,Engineering,PRJ05,2026-08-14,6.0,True
EMP039,Sarah Sharma,Engineering,PRJ05,2026-08-14,0.8,False
EMP039,Sarah Sharma,Engineering,PRJ02,2026-08-17,6.1,True
EMP039,Sarah Sharma,Engineering,PRJ02,2026-08-17,0.8,False
EMP039,Sarah Sharma,Engineering,PRJ02,2026-08-18,5.5,True
EMP039,Sarah Sharma,Engineering,PRJ02,2026-08-18,0.5,False
EMP039,Sarah Sharma,Engineering,PRJ02,2026-08-19,7.8,True
EMP039,Sarah Sharma,Engineering,PRJ02,2026-08-19,0.4,False
EMP039,Sarah Sharma,Engineering,PRJ05,2026-08-20,4.9,True
EMP039,Sarah Sharma,Engineering,PRJ05,2026-08-20,1.5,False
EMP039,Sarah Sharma,Engineering,PRJ02,2026-08-21,6.0,True
EMP039,Sarah Sharma,Engineering,PRJ02,2026-08-21,2.4,False
EMP039,Sarah Sharma,Engineering,PRJ02,2026-08-24,6.0,
EMP039,Sarah Sharma,Engineering,PRJ02,2026-08-24,1.9,False
EMP039,Sarah Sharma,Engineering,PRJ02,2026-08-25,4.8,True
EMP039,Sarah Sharma,Engineering,PRJ02,2026-08-25,2.0,False
EMP039,Sarah Sharma,Engineering,PRJ02,2026-08-26,6.6,True
EMP039,Sarah Sharma,Engineering,PRJ02,2026-08-26,0.5,False
EMP039,Sarah Sharma,Engineering,PRJ02,2026-08-27,6.4,True
EMP039,Sarah Sharma,Engineering,PRJ02,2026-08-27,1.0,False
EMP039,Sarah Sharma,Engineering,PRJ02,2026-08-28,4.9,True
EMP039,Sarah Sharma,Engineering,PRJ02,2026-08-28,0.7,False
EMP039,Sarah Sharma,Engineering,PRJ05,2026-08-31,5.1,True
EMP039,Sarah Sharma,Engineering,PRJ05,2026-08-31,0.5,False
EMP040,Aditya Sharma,Strategy,PRJ08,2026-06-01,3.6,True
EMP040,Aditya Sharma,Strategy,PRJ08,2026-06-01,4.6,False
EMP040,Aditya Sharma,Strategy,PRJ08,2026-06-02,2.9,True
EMP040,Aditya Sharma,Strategy,PRJ08,2026-06-02,3.7,False
EMP040,Aditya Sharma,Strategy,PRJ08,2026-06-03,4.4,True
EMP040,Aditya Sharma,Strategy,PRJ08,2026-06-03,3.9,False
EMP040,Aditya Sharma,Strategy,PRJ08,2026-06-04,4.8,True
EMP040,Aditya Sharma,Strategy,PRJ08,2026-06-04,3.4,False
EMP040,Aditya Sharma,Strategy,PRJ08,2026-06-05,4.6,True
EMP040,Aditya Sharma,Strategy,PRJ08,2026-06-05,3.5,False
EMP040,Aditya Sharma,Strategy,PRJ08,2026-06-08,2.1,True
EMP040,Aditya Sharma,Strategy,PRJ08,2026-06-08,3.7,False
EMP040,Aditya Sharma,Strategy,PRJ08,2026-06-09,2.3,
EMP040,Aditya Sharma,Strategy,PRJ08,2026-06-09,3.9,False
EMP040,Aditya Sharma,Strategy,PRJ08,2026-06-11,4.1,True
EMP040,Aditya Sharma,Strategy,PRJ08,2026-06-11,4.0,False
EMP040,Aditya Sharma,Strategy,PRJ08,2026-06-12,4.3,True
EMP040,Aditya Sharma,Strategy,PRJ08,2026-06-12,4.1,False
EMP040,Aditya Sharma,Strategy,PRJ08,2026-06-15,3.1,True
EMP040,Aditya Sharma,Strategy,PRJ08,2026-06-15,2.8,False
EMP040,Aditya Sharma,Strategy,PRJ08,2026-06-16,3.2,
EMP040,Aditya Sharma,Strategy,PRJ08,2026-06-16,2.9,False
EMP040,Aditya Sharma,Strategy,PRJ08,2026-06-17,2.2,True
EMP040,Aditya Sharma,Strategy,PRJ08,2026-06-17,4.0,False
EMP040,Aditya Sharma,Strategy,PRJ08,2026-06-18,3.4,True
EMP040,Aditya Sharma,Strategy,PRJ08,2026-06-18,2.7,False
EMP040,Aditya Sharma,Strategy,PRJ08,2026-06-19,3.3,True
EMP040,Aditya Sharma,Strategy,PRJ08,2026-06-19,3.1,False
EMP040,Aditya Sharma,Strategy,PRJ08,2026-06-22,3.4,True
EMP040,Aditya Sharma,Strategy,PRJ08,2026-06-22,2.3,False
EMP040,Aditya Sharma,Strategy,PRJ08,2026-06-23,4.4,True
EMP040,Aditya Sharma,Strategy,PRJ08,2026-06-23,4.0,False
EMP040,Aditya Sharma,Strategy,PRJ08,2026-06-24,3.2,True
EMP040,Aditya Sharma,Strategy,PRJ08,2026-06-24,4.6,False
EMP040,Aditya Sharma,Strategy,PRJ08,2026-06-25,3.5,True
EMP040,Aditya Sharma,Strategy,PRJ08,2026-06-25,3.8,False
EMP040,Aditya Sharma,Strategy,PRJ08,2026-06-26,2.7,True
EMP040,Aditya Sharma,Strategy,PRJ08,2026-06-26,3.8,False
EMP040,Aditya Sharma,Strategy,PRJ08,2026-06-29,3.4,True
EMP040,Aditya Sharma,Strategy,PRJ08,2026-06-29,2.9,False
EMP040,Aditya Sharma,Strategy,PRJ08,2026-06-30,3.0,True
EMP040,Aditya Sharma,Strategy,PRJ08,2026-06-30,5.2,False
EMP040,Aditya Sharma,Strategy,PRJ08,2026-07-01,2.7,True
EMP040,Aditya Sharma,Strategy,PRJ08,2026-07-01,4.9,False
EMP040,Aditya Sharma,Strategy,PRJ08,2026-07-02,4.3,True
EMP040,Aditya Sharma,Strategy,PRJ08,2026-07-02,3.9,False
EMP040,Aditya Sharma,Strategy,PRJ08,2026-07-03,2.9,True
EMP040,Aditya Sharma,Strategy,PRJ08,2026-07-03,3.6,False
EMP040,Aditya Sharma,Strategy,PRJ08,2026-07-06,3.4,True
EMP040,Aditya Sharma,Strategy,PRJ08,2026-07-06,3.6,False
EMP040,Aditya Sharma,Strategy,PRJ08,2026-07-07,3.4,True
EMP040,Aditya Sharma,Strategy,PRJ08,2026-07-07,4.2,False
EMP040,Aditya Sharma,Strategy,PRJ08,2026-07-08,3.7,True
EMP040,Aditya Sharma,Strategy,PRJ08,2026-07-08,4.6,False
EMP040,Aditya Sharma,Strategy,PRJ08,2026-07-09,3.5,True
EMP040,Aditya Sharma,Strategy,PRJ08,2026-07-09,4.3,False
EMP040,Aditya Sharma,Strategy,PRJ08,2026-07-10,3.7,True
EMP040,Aditya Sharma,Strategy,PRJ08,2026-07-10,2.9,False
EMP040,Aditya Sharma,Strategy,PRJ08,2026-07-14,2.9,True
EMP040,Aditya Sharma,Strategy,PRJ08,2026-07-14,4.6,False
EMP040,Aditya Sharma,Strategy,PRJ08,2026-07-16,2.5,True
EMP040,Aditya Sharma,Strategy,PRJ08,2026-07-16,3.8,False
EMP040,Aditya Sharma,Strategy,PRJ08,2026-07-17,4.1,True
EMP040,Aditya Sharma,Strategy,PRJ08,2026-07-17,4.3,False
EMP040,Aditya Sharma,Strategy,PRJ08,2026-07-20,3.2,True
EMP040,Aditya Sharma,Strategy,PRJ08,2026-07-20,3.8,False
EMP040,Aditya Sharma,Strategy,PRJ08,2026-07-21,2.5,True
EMP040,Aditya Sharma,Strategy,PRJ08,2026-07-21,4.1,False
EMP040,Aditya Sharma,Strategy,PRJ08,2026-07-22,2.8,True
EMP040,Aditya Sharma,Strategy,PRJ08,2026-07-22,3.1,False
EMP040,Aditya Sharma,Strategy,PRJ08,2026-07-23,2.3,True
EMP040,Aditya Sharma,Strategy,PRJ08,2026-07-23,3.2,False
EMP040,Aditya Sharma,Strategy,PRJ08,2026-07-24,3.7,True
EMP040,Aditya Sharma,Strategy,PRJ08,2026-07-24,3.7,False
EMP040,Aditya Sharma,Strategy,PRJ08,2026-07-27,3.4,True
EMP040,Aditya Sharma,Strategy,PRJ08,2026-07-27,3.2,False
EMP040,Aditya Sharma,Strategy,PRJ08,2026-07-28,2.6,True
EMP040,Aditya Sharma,Strategy,PRJ08,2026-07-28,3.1,False
EMP040,Aditya Sharma,Strategy,PRJ08,2026-07-29,4.4,True
EMP040,Aditya Sharma,Strategy,PRJ08,2026-07-29,3.2,False
EMP040,Aditya Sharma,Strategy,PRJ08,2026-07-30,2.9,True
EMP040,Aditya Sharma,Strategy,PRJ08,2026-07-30,4.0,False
EMP040,Aditya Sharma,Strategy,PRJ08,2026-07-31,2.3,True
EMP040,Aditya Sharma,Strategy,PRJ08,2026-07-31,3.8,False
EMP040,Aditya Sharma,Strategy,PRJ08,2026-08-03,4.3,True
EMP040,Aditya Sharma,Strategy,PRJ08,2026-08-03,3.9,False
EMP040,Aditya Sharma,Strategy,PRJ08,2026-08-04,4.1,True
EMP040,Aditya Sharma,Strategy,PRJ08,2026-08-04,3.1,False
EMP040,Aditya Sharma,Strategy,PRJ08,2026-08-05,3.9,True
EMP040,Aditya Sharma,Strategy,PRJ08,2026-08-05,3.9,False
EMP040,Aditya Sharma,Strategy,PRJ08,2026-08-06,4.8,True
EMP040,Aditya Sharma,Strategy,PRJ08,2026-08-06,3.4,False
EMP040,Aditya Sharma,Strategy,PRJ08,2026-08-07,3.3,True
EMP040,Aditya Sharma,Strategy,PRJ08,2026-08-07,2.8,False
EMP040,Aditya Sharma,Strategy,PRJ08,2026-08-10,2.8,True
EMP040,Aditya Sharma,Strategy,PRJ08,2026-08-10,4.1,False
EMP040,Aditya Sharma,Strategy,PRJ08,2026-08-11,2.7,True
EMP040,Aditya Sharma,Strategy,PRJ08,2026-08-11,4.2,False
EMP040,Aditya Sharma,Strategy,PRJ08,2026-08-12,3.7,True
EMP040,Aditya Sharma,Strategy,PRJ08,2026-08-12,2.7,False
EMP040,Aditya Sharma,Strategy,PRJ08,2026-08-13,4.2,True
EMP040,Aditya Sharma,Strategy,PRJ08,2026-08-13,4.2,False
EMP040,Aditya Sharma,Strategy,PRJ08,2026-08-14,3.9,True
EMP040,Aditya Sharma,Strategy,PRJ08,2026-08-14,4.3,False
EMP040,Aditya Sharma,Strategy,PRJ08,2026-08-17,4.3,True
EMP040,Aditya Sharma,Strategy,PRJ08,2026-08-17,3.3,False
EMP040,Aditya Sharma,Strategy,PRJ08,2026-08-18,2.9,True
EMP040,Aditya Sharma,Strategy,PRJ08,2026-08-18,2.7,False
EMP040,Aditya Sharma,Strategy,PRJ08,2026-08-19,3.2,True
EMP040,Aditya Sharma,Strategy,PRJ08,2026-08-19,5.0,False
EMP040,Aditya Sharma,Strategy,PRJ08,2026-08-20,2.9,True
EMP040,Aditya Sharma,Strategy,PRJ08,2026-08-20,4.9,False
EMP040,Aditya Sharma,Strategy,PRJ08,2026-08-21,3.1,True
EMP040,Aditya Sharma,Strategy,PRJ08,2026-08-21,4.2,False
EMP040,Aditya Sharma,Strategy,PRJ08,2026-08-25,3.1,True
EMP040,Aditya Sharma,Strategy,PRJ08,2026-08-25,3.4,False
EMP040,Aditya Sharma,Strategy,PRJ08,2026-08-26,3.7,True
EMP040,Aditya Sharma,Strategy,PRJ08,2026-08-26,3.5,False
EMP040,Aditya Sharma,Strategy,PRJ08,2026-08-27,2.9,True
EMP040,Aditya Sharma,Strategy,PRJ08,2026-08-27,5.1,False
EMP040,Aditya Sharma,Strategy,PRJ08,2026-08-28,2.7,True
EMP040,Aditya Sharma,Strategy,PRJ08,2026-08-28,2.9,False
EMP040,Aditya Sharma,Strategy,PRJ08,2026-08-31,2.2,True
EMP040,Aditya Sharma,Strategy,PRJ08,2026-08-31,3.7,False
